Batch_ID,Blaine_cm2g,Gypsum_SO3_pct,WC_Ratio,Strength_3d_MPa,Strength_7d_MPa,Strength_28d_MPa
BATCH_0001,3493.0,2.58,0.459,29.63,53.41,74.44
BATCH_0002,3652.2,2.21,0.44,34.01,56.93,74.92
BATCH_0003,3548.2,2.61,0.435,36.16,54.8,71.22
BATCH_0004,3621.8,2.71,0.483,30.44,55.0,75.13
BATCH_0005,3535.8,2.69,0.518,30.14,48.36,71.46
BATCH_0006,3551.9,2.89,0.479,32.34,55.97,72.67
BATCH_0007,3762.3,2.43,0.496,28.02,53.07,71.76
BATCH_0008,3730.5,2.89,0.488,34.05,53.76,72.97
BATCH_0009,3706.1,3.08,0.454,34.3,54.43,74.16
BATCH_0010,3544.1,3.01,0.494,31.1,51.42,68.11
BATCH_0011,3360.2,3.21,0.507,31.05,53.0,70.32
BATCH_0012,4178.7,2.24,0.501,26.52,53.54,78.92
BATCH_0013,3488.9,2.3,0.457,38.49,57.02,74.41
BATCH_0014,3368.3,2.78,0.383,35.0,57.8,74.57
BATCH_0015,3125.7,3.18,0.462,34.94,55.39,73.01
BATCH_0016,3392.8,2.63,0.502,35.05,54.5,71.32
BATCH_0017,3532.2,2.62,0.537,29.74,47.82,68.38
BATCH_0018,3703.2,2.63,0.455,36.1,58.39,75.92
BATCH_0019,3917.8,3.03,0.495,32.27,52.08,71.41
BATCH_0020,4147.5,2.56,0.455,36.83,56.57,77.55
BATCH_0021,3685.2,2.77,0.488,31.35,49.8,71.21
BATCH_0022,3683.1,2.58,0.527,32.99,55.6,71.38
BATCH_0023,3650.0,2.15,0.465,37.46,58.74,75.72
BATCH_0024,3584.3,3.09,0.45,32.96,53.79,72.22
BATCH_0025,3463.2,2.43,0.551,30.18,50.06,63.96
BATCH_0026,4021.8,3.06,0.48,36.54,57.06,74.14
BATCH_0027,3485.5,2.61,0.469,29.48,51.74,71.79
BATCH_0028,3182.6,2.96,0.46,34.77,53.3,68.01
BATCH_0029,3876.6,3.03,0.458,40.16,56.34,75.55
BATCH_0030,3672.4,3.42,0.506,35.65,58.54,72.98
BATCH_0031,3641.3,2.97,0.454,36.88,59.08,77.85
BATCH_0032,3532.5,2.51,0.467,35.22,57.45,72.76
BATCH_0033,3549.3,2.81,0.533,32.88,53.9,72.05
BATCH_0034,3347.0,2.3,0.505,32.55,52.11,69.72
BATCH_0035,3400.2,2.75,0.48,33.27,53.42,72.73
BATCH_0036,3911.5,2.18,0.47,36.16,56.09,74.86
BATCH_0037,3512.3,2.73,0.504,32.14,54.7,72.37
BATCH_0038,3210.8,2.98,0.442,34.46,51.5,76.83
BATCH_0039,4101.4,3.02,0.466,37.87,61.41,80.07
BATCH_0040,3356.0,3.12,0.452,38.3,56.57,73.55
BATCH_0041,3210.5,2.68,0.495,35.83,54.41,74.61
BATCH_0042,3582.5,2.3,0.493,33.0,54.36,69.43
BATCH_0043,3703.1,2.22,0.46,36.27,57.8,74.98
BATCH_0044,3263.9,2.52,0.45,30.38,53.75,73.51
BATCH_0045,3738.8,2.61,0.465,32.92,55.11,72.9
BATCH_0046,3764.6,3.4,0.475,32.18,53.46,73.32
BATCH_0047,3660.0,2.89,0.508,34.34,55.85,74.47
BATCH_0048,3647.8,2.81,0.439,35.95,58.98,81.54
BATCH_0049,3147.5,3.09,0.466,34.38,55.43,71.06
BATCH_0050,3279.9,3.06,0.5,34.79,58.72,71.36
BATCH_0051,3776.9,3.02,0.494,37.82,57.02,76.65
BATCH_0052,3488.5,2.23,0.466,29.87,52.46,75.02
BATCH_0053,3532.7,2.77,0.475,34.75,57.73,73.86
BATCH_0054,3929.3,2.86,0.542,30.83,56.25,72.55
BATCH_0055,3872.8,2.77,0.508,33.37,50.56,69.42
BATCH_0056,3443.6,2.92,0.495,30.33,51.18,69.4
BATCH_0057,3801.8,2.43,0.513,33.4,52.84,71.9
BATCH_0058,3695.5,2.93,0.511,35.67,55.13,71.59
BATCH_0059,3074.8,3.68,0.454,34.12,52.44,71.75
BATCH_0060,3876.4,3.16,0.499,28.39,55.85,71.79
BATCH_0061,3922.4,2.72,0.484,33.88,54.27,70.76
BATCH_0062,3252.6,2.31,0.511,36.5,55.91,71.26
BATCH_0063,3978.6,3.03,0.462,33.6,57.84,76.96
BATCH_0064,3630.6,2.96,0.481,36.68,57.05,74.61
BATCH_0065,4155.7,2.43,0.496,37.88,60.14,79.65
BATCH_0066,3742.2,3.29,0.469,32.56,53.36,70.53
BATCH_0067,3773.7,3.38,0.472,37.85,57.46,74.28
BATCH_0068,3903.3,2.84,0.55,36.76,57.24,73.04
BATCH_0069,3809.1,2.81,0.488,34.34,55.46,75.09
BATCH_0070,3607.0,2.8,0.513,33.81,54.27,73.23
BATCH_0071,3670.8,2.56,0.496,32.56,54.63,75.42
BATCH_0072,3837.4,2.35,0.403,34.1,54.65,77.03
BATCH_0073,3351.5,2.79,0.421,39.14,55.96,75.34
BATCH_0074,4139.3,2.62,0.502,32.73,57.53,78.26
BATCH_0075,3770.1,3.15,0.466,33.07,56.11,73.39
BATCH_0076,3614.3,2.88,0.526,36.81,58.82,77.8
BATCH_0077,3264.9,3.07,0.489,35.03,56.43,70.54
BATCH_0078,3677.2,3.31,0.487,36.52,56.3,70.93
BATCH_0079,3780.0,3.23,0.465,34.26,58.68,80.19
BATCH_0080,3245.4,2.27,0.434,33.15,53.0,77.56
BATCH_0081,3837.0,3.0,0.397,37.49,57.82,75.6
BATCH_0082,4071.1,3.26,0.465,34.21,57.76,73.04
BATCH_0083,3825.0,3.03,0.491,35.19,58.2,74.06
BATCH_0084,2993.9,3.07,0.502,33.07,53.88,71.5
BATCH_0085,3493.3,2.64,0.499,32.68,55.29,75.48
BATCH_0086,3754.8,3.42,0.481,34.44,57.04,78.38
BATCH_0087,3584.7,2.58,0.483,32.46,51.79,71.79
BATCH_0088,3721.2,2.55,0.461,34.68,55.87,75.3
BATCH_0089,3887.2,3.23,0.444,35.08,57.93,76.6
BATCH_0090,3069.5,2.62,0.519,30.94,50.04,67.57
BATCH_0091,3693.1,2.56,0.516,31.6,53.05,71.69
BATCH_0092,3702.5,2.73,0.5,39.02,58.09,74.19
BATCH_0093,3822.2,2.64,0.5,31.94,55.33,72.69
BATCH_0094,3617.5,3.15,0.452,35.77,58.27,75.62
BATCH_0095,3346.4,3.03,0.451,30.59,54.14,70.96
BATCH_0096,3248.4,2.78,0.435,34.27,55.69,71.93
BATCH_0097,3595.4,3.12,0.468,35.26,55.03,71.29
BATCH_0098,3547.2,2.5,0.476,35.21,56.62,74.24
BATCH_0099,4269.5,2.65,0.421,39.95,63.93,85.15
BATCH_0100,3798.4,2.28,0.519,28.68,55.57,76.11
BATCH_0101,3192.8,3.18,0.537,31.59,51.96,66.04
BATCH_0102,3893.3,2.91,0.477,35.57,54.0,72.17
BATCH_0103,3840.4,2.25,0.475,34.98,56.49,77.93
BATCH_0104,3677.0,2.68,0.488,33.37,57.77,75.85
BATCH_0105,4279.0,2.72,0.516,37.53,59.91,79.57
BATCH_0106,3406.8,2.92,0.451,32.48,54.72,75.34
BATCH_0107,3394.9,2.79,0.431,30.13,54.43,73.29
BATCH_0108,3533.9,2.2,0.499,28.1,51.33,70.19
BATCH_0109,3659.1,3.21,0.445,32.38,53.5,75.39
BATCH_0110,3435.5,2.71,0.44,33.36,55.03,75.46
BATCH_0111,3336.2,3.12,0.486,31.88,53.86,73.76
BATCH_0112,3755.6,2.46,0.511,33.6,56.21,71.22
BATCH_0113,3164.0,2.84,0.434,33.13,55.49,69.17
BATCH_0114,3768.2,2.98,0.469,35.18,57.7,78.35
BATCH_0115,3426.2,2.79,0.496,35.82,56.34,72.49
BATCH_0116,3541.5,2.94,0.51,33.0,53.42,71.53
BATCH_0117,3459.1,2.78,0.474,30.52,53.98,72.03
BATCH_0118,3779.9,2.41,0.451,32.53,56.78,74.71
BATCH_0119,3401.0,2.9,0.457,33.98,54.76,71.26
BATCH_0120,3626.5,2.98,0.539,25.2,51.97,68.96
BATCH_0121,3602.8,3.01,0.518,35.13,55.22,74.31
BATCH_0122,3769.8,2.46,0.5,35.46,54.77,75.09
BATCH_0123,3742.1,2.83,0.432,37.32,59.95,78.65
BATCH_0124,3809.7,2.61,0.463,29.68,55.81,77.46
BATCH_0125,3648.3,3.2,0.535,33.84,54.33,72.29
BATCH_0126,3507.7,2.84,0.427,31.01,52.53,72.27
BATCH_0127,3946.8,3.14,0.444,41.43,66.06,82.05
BATCH_0128,3225.9,2.6,0.477,32.35,52.93,69.34
BATCH_0129,3763.9,2.34,0.474,35.36,59.57,77.0
BATCH_0130,3656.3,2.69,0.476,36.41,56.33,72.22
BATCH_0131,4003.7,3.1,0.492,35.01,54.1,74.86
BATCH_0132,3542.3,3.24,0.44,35.14,55.77,78.76
BATCH_0133,3425.2,2.65,0.496,33.35,55.71,73.09
BATCH_0134,3568.6,2.9,0.483,32.13,55.2,71.23
BATCH_0135,3340.7,3.02,0.483,32.16,51.2,70.72
BATCH_0136,3382.9,2.96,0.401,33.82,56.0,75.71
BATCH_0137,3588.6,2.57,0.541,37.11,55.13,75.19
BATCH_0138,3909.4,2.66,0.479,33.12,57.65,72.46
BATCH_0139,4040.4,2.72,0.519,37.57,57.01,78.32
BATCH_0140,3950.8,3.01,0.467,34.83,58.07,77.32
BATCH_0141,3410.5,2.59,0.506,31.88,52.53,73.72
BATCH_0142,3749.3,2.52,0.494,27.55,53.57,70.11
BATCH_0143,3767.7,2.71,0.466,35.19,55.78,76.08
BATCH_0144,3696.7,3.13,0.54,33.26,53.44,72.33
BATCH_0145,3773.0,3.28,0.478,37.03,61.86,80.49
BATCH_0146,3516.2,2.9,0.527,35.38,55.31,72.06
BATCH_0147,3832.9,2.88,0.49,29.2,53.93,74.7
BATCH_0148,3555.8,2.34,0.465,36.64,57.39,74.48
BATCH_0149,3820.3,2.69,0.422,34.8,59.38,77.13
BATCH_0150,4034.7,2.7,0.535,31.49,54.94,75.26
BATCH_0151,3468.5,2.21,0.465,34.75,55.71,70.45
BATCH_0152,3462.9,3.05,0.447,39.81,63.48,78.97
BATCH_0153,3938.5,3.01,0.476,35.03,56.2,74.09
BATCH_0154,3503.7,2.91,0.484,30.31,54.74,71.26
BATCH_0155,3905.3,2.65,0.523,32.45,55.05,71.64
BATCH_0156,3570.9,2.86,0.527,30.57,53.18,70.15
BATCH_0157,3482.9,2.45,0.447,35.97,57.66,77.33
BATCH_0158,3393.9,2.62,0.464,33.13,56.24,70.42
BATCH_0159,3813.0,3.18,0.537,31.7,52.74,73.46
BATCH_0160,3683.5,2.75,0.423,34.37,57.05,80.18
BATCH_0161,3582.9,2.54,0.517,29.46,50.66,67.86
BATCH_0162,3614.7,2.93,0.47,32.89,54.06,74.66
BATCH_0163,3332.7,2.26,0.515,33.89,53.32,70.03
BATCH_0164,3650.6,3.29,0.458,38.71,58.79,76.26
BATCH_0165,3543.6,2.77,0.525,30.65,55.52,70.13
BATCH_0166,3309.6,2.72,0.471,30.81,54.82,73.34
BATCH_0167,3554.4,2.81,0.46,34.73,55.03,72.08
BATCH_0168,3423.1,2.59,0.477,32.95,56.9,73.18
BATCH_0169,3557.0,2.75,0.456,36.07,61.68,75.39
BATCH_0170,3844.6,2.96,0.447,34.87,55.5,77.14
BATCH_0171,3886.2,2.86,0.508,35.94,58.99,75.34
BATCH_0172,3185.8,2.64,0.458,33.64,51.84,72.16
BATCH_0173,3619.0,2.72,0.523,27.96,51.74,69.57
BATCH_0174,3750.8,2.89,0.499,33.47,55.29,74.23
BATCH_0175,3505.6,2.88,0.441,34.23,55.67,72.09
BATCH_0176,3954.6,2.05,0.518,33.27,53.01,71.3
BATCH_0177,3786.3,3.23,0.466,33.39,59.48,77.54
BATCH_0178,3327.0,3.05,0.507,30.35,54.48,69.5
BATCH_0179,3956.5,2.63,0.412,30.88,57.28,76.93
BATCH_0180,3468.5,2.85,0.492,33.66,54.46,69.95
BATCH_0181,3138.5,3.08,0.486,28.03,49.35,67.47
BATCH_0182,3648.9,2.77,0.493,29.91,54.95,71.71
BATCH_0183,3526.6,2.37,0.49,35.81,56.81,71.14
BATCH_0184,3636.4,2.62,0.484,35.55,57.22,73.33
BATCH_0185,3418.1,2.8,0.484,32.39,55.9,72.51
BATCH_0186,3844.5,2.17,0.515,39.13,58.59,72.03
BATCH_0187,3725.7,2.7,0.465,35.63,54.79,72.86
BATCH_0188,3725.7,2.05,0.451,40.01,58.39,74.77
BATCH_0189,3194.7,2.93,0.498,33.12,52.97,71.22
BATCH_0190,3658.2,2.57,0.414,35.92,58.23,76.03
BATCH_0191,3730.6,2.25,0.433,38.7,57.23,77.18
BATCH_0192,3356.7,3.1,0.49,34.73,54.58,71.58
BATCH_0193,3790.0,3.12,0.477,33.39,56.13,73.5
BATCH_0194,3541.0,3.02,0.493,31.51,52.58,72.35
BATCH_0195,3682.9,2.84,0.446,38.02,61.02,75.49
BATCH_0196,3314.2,3.05,0.478,33.49,53.96,70.55
BATCH_0197,3451.7,2.89,0.494,31.22,50.82,73.7
BATCH_0198,3706.0,2.81,0.437,32.06,56.62,71.72
BATCH_0199,3351.1,3.35,0.43,31.28,54.3,76.51
BATCH_0200,3055.7,2.85,0.523,30.75,51.56,69.24
BATCH_0201,3662.1,2.31,0.489,34.14,53.51,72.09
BATCH_0202,3339.4,2.45,0.494,34.81,56.98,72.11
BATCH_0203,3833.2,2.13,0.495,36.61,58.47,75.56
BATCH_0204,3500.0,2.88,0.479,34.37,55.1,76.73
BATCH_0205,3530.5,2.7,0.457,31.55,55.89,75.1
BATCH_0206,3419.0,2.74,0.466,37.24,59.78,77.24
BATCH_0207,3931.5,2.6,0.491,35.47,57.62,76.92
BATCH_0208,3773.2,2.97,0.456,30.86,54.68,75.98
BATCH_0209,3316.1,2.95,0.489,33.73,52.53,70.16
BATCH_0210,3840.1,2.94,0.445,35.31,58.57,79.63
BATCH_0211,3624.2,2.76,0.47,29.35,50.01,71.19
BATCH_0212,3447.9,2.91,0.489,34.08,60.58,77.31
BATCH_0213,3246.9,2.83,0.464,38.6,59.85,76.64
BATCH_0214,3604.5,2.94,0.439,33.94,50.97,72.53
BATCH_0215,4021.1,3.35,0.443,35.6,58.2,75.57
BATCH_0216,3651.2,3.03,0.432,36.63,59.64,76.01
BATCH_0217,3682.2,3.05,0.488,33.56,53.57,70.98
BATCH_0218,3502.9,2.71,0.499,32.25,56.86,68.7
BATCH_0219,3739.7,2.75,0.453,33.73,57.81,75.38
BATCH_0220,3549.9,2.87,0.514,34.44,58.39,70.19
BATCH_0221,4024.4,2.6,0.484,29.2,54.59,74.59
BATCH_0222,3471.3,2.87,0.478,33.98,54.39,71.2
BATCH_0223,3561.8,3.25,0.462,33.57,56.86,74.62
BATCH_0224,3495.8,2.78,0.492,32.23,55.24,66.92
BATCH_0225,3431.0,2.33,0.456,35.92,56.43,72.11
BATCH_0226,3002.0,3.05,0.48,35.06,51.62,71.12
BATCH_0227,3868.3,2.64,0.457,31.23,53.28,76.49
BATCH_0228,3577.1,2.53,0.51,29.12,53.66,71.81
BATCH_0229,3269.8,2.16,0.489,31.18,53.4,68.04
BATCH_0230,3336.2,2.84,0.45,32.41,54.67,71.55
BATCH_0231,3500.9,2.75,0.428,36.28,60.13,77.68
BATCH_0232,3084.1,2.7,0.508,29.85,54.14,71.35
BATCH_0233,3497.5,2.89,0.511,30.5,54.03,70.95
BATCH_0234,3673.8,2.57,0.485,33.16,53.46,72.95
BATCH_0235,3680.2,2.75,0.503,34.02,55.97,73.43
BATCH_0236,3665.5,2.22,0.469,29.58,56.56,71.55
BATCH_0237,3848.9,2.96,0.466,31.78,57.08,73.59
BATCH_0238,3916.9,2.89,0.445,33.92,55.51,77.97
BATCH_0239,4066.8,3.17,0.501,34.04,56.57,75.83
BATCH_0240,3698.9,2.51,0.462,30.92,55.79,77.51
BATCH_0241,3673.3,2.58,0.479,38.91,60.2,78.52
BATCH_0242,3895.0,3.14,0.438,37.62,57.76,74.62
BATCH_0243,3169.4,2.22,0.512,31.67,53.61,70.35
BATCH_0244,3465.6,3.0,0.448,37.62,55.87,75.91
BATCH_0245,3528.8,2.65,0.467,34.88,54.8,72.37
BATCH_0246,3485.1,2.48,0.462,28.66,53.04,69.08
BATCH_0247,3381.1,3.14,0.442,38.27,59.14,79.1
BATCH_0248,3433.2,2.58,0.513,33.22,50.77,68.8
BATCH_0249,3541.6,3.59,0.475,28.09,53.79,73.52
BATCH_0250,3779.6,2.75,0.461,36.25,55.46,76.08
BATCH_0251,3824.4,3.14,0.46,32.45,55.71,74.0
BATCH_0252,3766.6,2.97,0.497,33.75,57.65,72.89
BATCH_0253,3649.7,2.96,0.419,38.77,57.51,77.88
BATCH_0254,3729.7,2.95,0.48,37.7,61.43,76.56
BATCH_0255,3765.3,2.42,0.503,32.92,57.07,77.57
BATCH_0256,3326.2,1.85,0.488,31.35,49.48,68.01
BATCH_0257,4137.4,3.35,0.457,30.66,56.03,76.86
BATCH_0258,3930.1,2.54,0.499,37.79,59.84,77.91
BATCH_0259,3391.3,2.37,0.487,36.81,55.75,72.0
BATCH_0260,3817.7,3.08,0.484,32.69,53.82,71.05
BATCH_0261,3817.2,2.29,0.471,34.55,56.87,74.9
BATCH_0262,3457.6,2.76,0.448,33.25,53.3,73.09
BATCH_0263,3933.0,2.24,0.483,35.57,55.99,73.22
BATCH_0264,3874.1,2.14,0.526,35.55,55.9,76.36
BATCH_0265,3855.9,2.68,0.495,32.12,56.5,73.0
BATCH_0266,3365.1,3.14,0.471,38.41,60.47,75.79
BATCH_0267,4064.5,3.09,0.483,35.28,61.48,76.04
BATCH_0268,3783.2,2.42,0.511,34.56,54.77,74.08
BATCH_0269,3201.5,2.74,0.406,32.11,53.27,76.59
BATCH_0270,3724.8,2.29,0.475,33.93,57.25,75.5
BATCH_0271,3835.0,2.68,0.442,39.99,60.37,79.79
BATCH_0272,3683.6,3.24,0.45,33.36,56.9,75.24
BATCH_0273,3475.1,2.77,0.442,35.16,57.77,75.32
BATCH_0274,3479.8,3.56,0.479,30.77,53.81,73.22
BATCH_0275,3515.7,2.84,0.496,32.24,54.05,75.35
BATCH_0276,3786.7,2.9,0.548,32.58,55.74,71.73
BATCH_0277,3352.0,2.63,0.446,36.87,59.84,73.45
BATCH_0278,3370.5,3.32,0.461,34.92,56.35,71.49
BATCH_0279,3626.3,3.22,0.502,35.01,56.31,71.12
BATCH_0280,3750.1,3.09,0.534,36.16,54.55,72.43
BATCH_0281,3819.3,2.74,0.489,38.93,58.9,78.57
BATCH_0282,3897.8,2.55,0.513,33.99,53.18,73.27
BATCH_0283,3805.7,3.17,0.514,36.53,59.08,72.28
BATCH_0284,3535.7,3.12,0.476,32.03,52.85,69.84
BATCH_0285,3582.1,3.14,0.432,39.86,61.12,83.9
BATCH_0286,3517.6,3.3,0.472,30.29,52.22,74.26
BATCH_0287,3541.0,2.7,0.407,34.99,59.92,79.56
BATCH_0288,3372.8,3.31,0.505,34.76,57.32,69.61
BATCH_0289,3385.6,2.33,0.489,33.76,54.97,72.16
BATCH_0290,3457.4,2.45,0.481,27.53,53.07,71.22
BATCH_0291,3496.2,2.46,0.486,39.72,62.62,80.02
BATCH_0292,3590.9,3.0,0.513,35.44,54.68,75.0
BATCH_0293,3896.0,3.11,0.481,36.42,59.0,77.05
BATCH_0294,3775.8,2.96,0.485,33.06,55.48,75.84
BATCH_0295,3428.7,3.17,0.498,28.8,51.64,69.02
BATCH_0296,3336.1,2.69,0.443,35.15,57.77,76.17
BATCH_0297,3792.7,2.81,0.425,31.84,58.82,77.77
BATCH_0298,3433.0,2.86,0.44,34.17,59.32,77.44
BATCH_0299,3890.1,2.9,0.437,32.63,56.19,75.52
BATCH_0300,3557.9,2.7,0.492,35.01,55.96,70.95
BATCH_0301,3525.9,2.36,0.52,35.08,53.94,71.71
BATCH_0302,3381.0,2.56,0.51,26.18,51.37,68.14
BATCH_0303,3609.6,2.08,0.515,36.46,56.75,65.77
BATCH_0304,3283.0,2.75,0.482,28.06,52.82,69.3
BATCH_0305,4187.9,2.63,0.491,37.85,60.64,76.59
BATCH_0306,3408.2,2.62,0.467,34.06,52.63,72.38
BATCH_0307,4372.5,2.88,0.483,36.7,59.85,79.41
BATCH_0308,3607.4,2.95,0.451,35.24,58.13,74.9
BATCH_0309,3812.3,2.42,0.5,26.8,53.78,71.54
BATCH_0310,3673.8,2.73,0.468,35.51,57.01,74.13
BATCH_0311,3989.5,2.29,0.476,38.15,64.74,81.92
BATCH_0312,3123.8,3.23,0.443,34.37,56.35,70.87
BATCH_0313,3402.8,2.72,0.512,29.46,50.15,71.48
BATCH_0314,3195.5,2.91,0.455,33.93,50.58,73.93
BATCH_0315,3897.6,3.27,0.511,35.59,53.7,75.55
BATCH_0316,3541.3,2.53,0.504,30.59,55.91,71.63
BATCH_0317,3560.5,2.64,0.567,34.78,53.56,73.63
BATCH_0318,3634.1,2.81,0.459,35.24,58.67,79.73
BATCH_0319,3600.6,3.34,0.477,39.5,59.73,79.31
BATCH_0320,3708.7,2.68,0.496,36.79,56.62,77.1
BATCH_0321,3874.9,2.74,0.445,35.68,58.44,81.37
BATCH_0322,3191.5,2.67,0.495,30.06,50.93,71.79
BATCH_0323,3039.8,2.8,0.506,26.47,50.08,67.19
BATCH_0324,3391.1,3.13,0.506,29.39,53.21,68.65
BATCH_0325,3275.8,2.6,0.457,28.21,51.63,73.69
BATCH_0326,3316.6,2.9,0.453,36.09,59.65,72.37
BATCH_0327,3549.2,2.57,0.509,31.28,49.83,72.47
BATCH_0328,3595.9,3.0,0.498,35.37,56.31,72.54
BATCH_0329,3229.4,2.69,0.43,35.25,52.45,73.82
BATCH_0330,3560.7,2.44,0.528,36.23,56.83,71.15
BATCH_0331,3151.0,2.33,0.465,31.59,51.07,73.07
BATCH_0332,3480.9,2.41,0.453,31.82,54.73,70.13
BATCH_0333,3861.0,2.79,0.511,34.78,60.47,74.86
BATCH_0334,4259.5,2.89,0.468,34.77,60.76,74.11
BATCH_0335,3406.4,2.68,0.552,32.92,53.41,68.55
BATCH_0336,3539.6,3.24,0.495,31.94,51.35,72.74
BATCH_0337,3925.4,2.59,0.506,33.28,58.81,71.93
BATCH_0338,3470.8,2.99,0.522,33.91,56.98,70.18
BATCH_0339,3186.5,2.49,0.477,29.99,55.55,70.95
BATCH_0340,3538.4,2.11,0.455,30.43,52.24,70.85
BATCH_0341,4025.4,2.79,0.48,38.52,57.06,79.99
BATCH_0342,3579.4,2.89,0.467,32.28,55.07,73.36
BATCH_0343,3245.8,2.3,0.474,30.73,49.48,70.03
BATCH_0344,3408.5,2.66,0.412,35.71,56.24,76.43
BATCH_0345,3561.9,2.7,0.47,36.14,53.79,75.48
BATCH_0346,3543.0,2.38,0.492,31.46,52.34,69.68
BATCH_0347,3495.9,2.98,0.481,31.97,54.89,71.66
BATCH_0348,3513.0,2.78,0.469,30.79,54.64,73.64
BATCH_0349,3819.6,2.5,0.464,34.95,55.74,71.94
BATCH_0350,3529.9,2.38,0.477,33.54,54.84,74.71
BATCH_0351,3782.2,2.98,0.479,37.01,60.38,77.1
BATCH_0352,3957.8,2.72,0.454,34.33,56.48,74.2
BATCH_0353,3711.8,2.8,0.509,31.67,56.55,73.9
BATCH_0354,3691.3,2.79,0.46,31.54,57.0,78.22
BATCH_0355,3608.6,2.76,0.433,38.31,62.23,77.92
BATCH_0356,3572.2,2.89,0.505,33.92,55.95,66.08
BATCH_0357,3532.9,2.85,0.433,37.3,59.26,75.48
BATCH_0358,3730.2,2.48,0.51,35.33,53.06,70.44
BATCH_0359,3782.6,2.87,0.481,33.89,57.29,78.91
BATCH_0360,3338.8,3.34,0.53,33.1,54.74,69.99
BATCH_0361,3221.9,2.56,0.5,31.67,54.0,70.93
BATCH_0362,3804.9,2.74,0.489,35.18,51.26,73.07
BATCH_0363,3537.6,2.69,0.48,28.35,51.14,75.11
BATCH_0364,3529.5,3.17,0.452,36.83,56.82,81.94
BATCH_0365,3556.4,3.1,0.466,34.64,59.97,72.52
BATCH_0366,3696.5,2.45,0.508,29.99,53.26,72.32
BATCH_0367,3471.6,3.09,0.456,34.77,59.83,75.26
BATCH_0368,3468.4,2.4,0.492,35.49,53.56,72.16
BATCH_0369,3606.2,2.6,0.444,35.96,57.7,73.98
BATCH_0370,3309.0,2.69,0.454,33.66,52.33,75.29
BATCH_0371,3778.6,2.89,0.465,39.82,58.1,77.28
BATCH_0372,3492.8,3.09,0.519,36.53,53.69,75.58
BATCH_0373,3601.0,2.62,0.503,33.56,54.5,70.76
BATCH_0374,3937.3,2.81,0.49,36.23,58.59,70.36
BATCH_0375,3878.3,3.08,0.448,39.8,59.56,77.09
BATCH_0376,3672.8,2.81,0.506,33.75,53.96,73.14
BATCH_0377,3586.0,2.88,0.462,39.54,65.26,85.76
BATCH_0378,3282.1,2.45,0.509,34.02,55.65,71.64
BATCH_0379,3117.8,2.98,0.506,26.97,49.56,65.88
BATCH_0380,3613.3,3.06,0.466,34.53,53.84,78.42
BATCH_0381,3874.1,2.2,0.424,30.23,54.85,80.68
BATCH_0382,3648.4,3.19,0.478,37.14,60.26,77.69
BATCH_0383,3026.5,2.89,0.505,31.55,52.0,69.05
BATCH_0384,4074.5,2.77,0.513,38.16,58.41,75.84
BATCH_0385,4226.9,3.32,0.421,41.89,70.06,85.41
BATCH_0386,3164.1,2.85,0.488,33.62,52.08,74.86
BATCH_0387,3278.8,2.8,0.529,27.61,50.22,68.18
BATCH_0388,3570.6,2.8,0.422,31.37,57.11,75.7
BATCH_0389,3788.6,2.79,0.48,33.41,58.25,76.76
BATCH_0390,3336.3,2.78,0.478,33.83,52.23,72.85
BATCH_0391,3561.0,2.78,0.44,36.54,58.58,73.63
BATCH_0392,3656.0,2.22,0.446,37.68,55.76,77.39
BATCH_0393,4045.8,3.48,0.499,35.25,56.41,74.2
BATCH_0394,3371.1,2.84,0.465,33.18,56.24,75.07
BATCH_0395,3740.6,2.43,0.539,31.52,55.41,71.84
BATCH_0396,3920.7,2.82,0.441,35.21,58.13,73.82
BATCH_0397,3531.0,2.29,0.499,34.33,54.76,76.67
BATCH_0398,3609.9,2.37,0.494,32.12,53.37,71.92
BATCH_0399,3542.6,3.15,0.492,36.61,57.51,71.8
BATCH_0400,3519.2,2.69,0.467,34.54,55.76,70.96
BATCH_0401,3806.7,2.35,0.481,35.94,59.9,76.96
BATCH_0402,3399.9,2.65,0.532,31.79,51.98,70.28
BATCH_0403,3553.5,2.98,0.472,37.22,59.87,72.62
BATCH_0404,3864.5,2.94,0.48,34.68,58.02,77.38
BATCH_0405,3912.6,2.52,0.458,36.47,58.18,78.91
BATCH_0406,3459.5,2.37,0.516,34.49,53.24,71.7
BATCH_0407,3431.5,3.23,0.509,30.33,52.39,71.53
BATCH_0408,3640.7,3.25,0.441,39.57,60.13,79.04
BATCH_0409,3541.7,3.24,0.454,38.7,57.43,73.36
BATCH_0410,3584.2,2.94,0.513,28.02,52.33,64.57
BATCH_0411,3494.6,2.99,0.477,28.58,51.04,72.92
BATCH_0412,3973.3,2.75,0.499,37.73,58.55,71.87
BATCH_0413,3788.3,2.84,0.497,29.84,54.68,72.08
BATCH_0414,3985.7,2.87,0.468,38.18,60.07,75.07
BATCH_0415,3349.6,2.83,0.464,36.08,56.93,75.55
BATCH_0416,3822.8,2.74,0.471,35.35,56.89,74.27
BATCH_0417,3122.6,3.01,0.486,32.14,55.02,72.1
BATCH_0418,4009.8,2.22,0.497,33.15,55.16,72.32
BATCH_0419,3804.8,2.83,0.513,33.15,54.13,78.18
BATCH_0420,4100.6,2.71,0.491,37.71,57.15,75.16
BATCH_0421,3719.6,2.37,0.462,40.9,57.93,81.27
BATCH_0422,3746.1,2.72,0.485,35.57,54.54,73.2
BATCH_0423,3468.9,3.52,0.518,31.77,53.56,71.96
BATCH_0424,3520.5,2.98,0.453,33.17,55.68,71.45
BATCH_0425,3622.2,2.65,0.464,31.13,56.2,75.65
BATCH_0426,3442.4,3.29,0.457,36.91,56.8,74.84
BATCH_0427,3096.8,2.84,0.464,32.55,53.22,72.3
BATCH_0428,3681.7,2.55,0.53,37.22,54.81,70.37
BATCH_0429,3677.9,2.74,0.486,41.53,61.74,85.12
BATCH_0430,3518.3,3.4,0.433,31.44,54.08,76.13
BATCH_0431,3467.2,2.53,0.453,34.62,57.79,74.02
BATCH_0432,3608.6,2.69,0.508,32.97,51.75,68.19
BATCH_0433,3314.3,2.53,0.5,35.42,55.96,72.27
BATCH_0434,3876.7,2.92,0.451,33.34,55.84,75.62
BATCH_0435,3717.0,2.88,0.488,35.26,56.13,72.46
BATCH_0436,3756.9,3.3,0.488,31.52,54.66,71.49
BATCH_0437,3433.7,2.9,0.472,34.57,52.5,70.66
BATCH_0438,3739.4,2.99,0.5,30.36,52.86,70.7
BATCH_0439,3409.3,2.65,0.466,32.32,57.15,75.12
BATCH_0440,3736.2,2.93,0.508,34.94,56.41,78.99
BATCH_0441,3191.1,2.72,0.475,32.97,55.06,77.58
BATCH_0442,3552.7,2.77,0.414,37.27,60.82,76.23
BATCH_0443,3219.9,2.14,0.535,32.23,52.17,69.76
BATCH_0444,3963.5,2.66,0.458,37.19,59.77,77.95
BATCH_0445,3737.8,2.77,0.468,37.53,58.03,74.27
BATCH_0446,3857.8,2.92,0.451,33.15,58.16,77.44
BATCH_0447,3753.0,2.67,0.493,34.61,53.07,73.15
BATCH_0448,3503.5,2.53,0.487,30.44,53.85,71.07
BATCH_0449,3583.2,2.97,0.504,39.62,60.99,75.01
BATCH_0450,3563.4,3.1,0.448,37.63,58.16,77.81
BATCH_0451,3803.6,2.52,0.486,36.13,60.28,75.15
BATCH_0452,3324.7,3.02,0.51,34.14,52.81,73.25
BATCH_0453,3483.4,2.67,0.459,32.49,49.37,74.3
BATCH_0454,3571.7,2.63,0.45,35.85,57.48,77.23
BATCH_0455,3858.6,3.09,0.514,35.55,59.53,74.85
BATCH_0456,3916.6,3.01,0.499,38.34,58.14,76.49
BATCH_0457,3618.9,2.94,0.489,38.8,61.26,76.99
BATCH_0458,3702.6,3.16,0.476,33.6,55.54,72.88
BATCH_0459,3554.8,2.99,0.474,31.1,55.36,79.02
BATCH_0460,3244.7,3.33,0.405,33.4,55.34,75.56
BATCH_0461,3292.5,2.64,0.469,30.52,50.72,69.08
BATCH_0462,3049.3,2.73,0.487,32.96,52.59,71.65
BATCH_0463,3886.5,3.18,0.512,36.07,59.21,75.82
BATCH_0464,4109.3,2.84,0.495,34.25,56.71,74.1
BATCH_0465,3697.8,3.23,0.494,32.75,52.21,73.86
BATCH_0466,3669.4,2.9,0.476,35.49,61.76,76.21
BATCH_0467,3803.0,2.74,0.428,36.01,56.9,76.15
BATCH_0468,3640.8,3.24,0.509,33.64,54.49,74.76
BATCH_0469,3703.8,2.96,0.45,39.96,65.01,86.0
BATCH_0470,3914.0,3.16,0.456,35.72,59.13,77.34
BATCH_0471,4040.9,3.06,0.443,37.14,60.13,80.18
BATCH_0472,3423.3,3.02,0.478,35.66,57.79,73.17
BATCH_0473,3948.0,2.72,0.453,38.76,58.98,80.24
BATCH_0474,3845.3,2.68,0.532,37.38,59.04,76.11
BATCH_0475,3633.0,2.54,0.448,37.41,62.41,79.73
BATCH_0476,3328.1,2.76,0.446,35.55,53.72,72.83
BATCH_0477,3457.1,2.24,0.457,36.5,55.52,78.05
BATCH_0478,3509.2,2.89,0.496,34.06,53.79,75.81
BATCH_0479,3516.7,2.4,0.498,35.31,52.93,74.01
BATCH_0480,3549.3,3.09,0.489,34.53,55.18,70.48
BATCH_0481,3917.8,2.83,0.457,34.64,54.74,75.18
BATCH_0482,3919.6,2.78,0.474,36.14,58.03,74.35
BATCH_0483,3342.1,3.0,0.533,31.28,52.84,66.7
BATCH_0484,3564.6,2.89,0.521,34.27,59.11,77.11
BATCH_0485,3954.5,2.59,0.437,36.49,57.15,73.78
BATCH_0486,3052.0,2.37,0.5,32.04,53.72,70.06
BATCH_0487,3931.0,2.71,0.452,35.05,56.22,78.23
BATCH_0488,3949.5,3.16,0.464,36.06,58.64,77.61
BATCH_0489,3449.7,3.15,0.504,30.61,51.56,69.89
BATCH_0490,3984.3,3.22,0.405,38.28,64.02,80.11
BATCH_0491,3755.7,3.0,0.509,31.82,55.3,73.06
BATCH_0492,3586.8,3.0,0.482,32.84,55.72,69.2
BATCH_0493,3864.6,2.89,0.491,34.73,54.96,73.94
BATCH_0494,3538.3,2.22,0.534,32.11,54.88,71.21
BATCH_0495,4085.3,2.83,0.485,35.59,57.66,73.44
BATCH_0496,3655.0,3.11,0.538,32.8,55.9,70.83
BATCH_0497,3778.7,2.57,0.495,32.45,52.96,75.66
BATCH_0498,3607.8,2.75,0.49,32.12,54.54,72.12
BATCH_0499,3880.5,2.93,0.537,32.1,55.95,77.17
BATCH_0500,3419.2,2.91,0.456,35.58,56.8,75.22
BATCH_0501,3404.5,2.84,0.469,30.5,53.9,70.18
BATCH_0502,3673.0,2.83,0.506,35.92,54.81,71.92
BATCH_0503,3583.8,3.05,0.459,35.72,57.36,74.6
BATCH_0504,3795.3,2.82,0.511,38.42,61.73,79.36
BATCH_0505,3586.6,2.93,0.43,39.01,57.99,72.39
BATCH_0506,3479.9,2.88,0.486,29.45,51.54,72.33
BATCH_0507,3745.5,2.86,0.425,37.17,59.22,74.34
BATCH_0508,3369.4,2.55,0.444,35.68,56.23,72.98
BATCH_0509,3587.1,2.56,0.498,30.0,51.58,75.13
BATCH_0510,3742.8,3.22,0.494,33.82,53.55,73.8
BATCH_0511,3796.9,3.44,0.459,34.59,59.29,76.71
BATCH_0512,3050.6,3.18,0.486,27.21,51.24,71.89
BATCH_0513,3143.5,3.1,0.498,35.86,60.73,78.94
BATCH_0514,3174.7,2.91,0.488,28.1,51.14,71.27
BATCH_0515,3937.5,3.54,0.524,32.47,55.4,73.23
BATCH_0516,3671.0,2.8,0.468,33.31,57.59,72.43
BATCH_0517,3740.7,2.76,0.427,36.54,58.43,76.41
BATCH_0518,3713.7,2.78,0.488,34.0,57.32,72.94
BATCH_0519,3499.5,2.91,0.497,34.84,56.65,75.74
BATCH_0520,3485.6,3.11,0.503,29.27,51.26,68.78
BATCH_0521,3741.5,2.78,0.506,31.95,54.49,72.47
BATCH_0522,3645.1,2.51,0.462,33.28,54.62,75.05
BATCH_0523,3766.0,2.65,0.503,36.62,57.06,74.69
BATCH_0524,3730.6,2.6,0.449,34.6,56.58,75.01
BATCH_0525,3620.3,2.76,0.466,33.6,57.98,76.51
BATCH_0526,3694.9,2.71,0.482,31.92,54.31,75.42
BATCH_0527,3486.2,2.85,0.455,33.63,58.67,76.03
BATCH_0528,3842.6,2.42,0.499,38.57,58.72,77.47
BATCH_0529,3660.4,2.51,0.472,36.18,54.57,77.44
BATCH_0530,3458.1,3.34,0.541,35.84,54.14,68.34
BATCH_0531,3441.9,2.5,0.459,34.3,56.69,74.98
BATCH_0532,3346.8,2.27,0.467,32.73,55.54,73.23
BATCH_0533,3426.0,3.4,0.51,32.66,52.49,72.48
BATCH_0534,3805.7,2.81,0.448,34.83,55.2,78.26
BATCH_0535,3564.2,2.85,0.474,33.03,53.22,73.85
BATCH_0536,3157.0,2.99,0.46,28.26,50.72,72.75
BATCH_0537,3527.4,2.78,0.474,30.12,52.16,69.47
BATCH_0538,3357.9,2.39,0.503,38.59,57.43,73.49
BATCH_0539,3722.3,2.64,0.477,35.43,59.44,74.28
BATCH_0540,3530.1,2.76,0.494,29.6,54.55,70.3
BATCH_0541,3756.5,2.87,0.442,36.65,59.94,76.47
BATCH_0542,3725.6,3.16,0.435,35.76,58.46,76.7
BATCH_0543,3738.9,3.4,0.5,38.08,62.17,82.91
BATCH_0544,3922.9,2.89,0.489,34.71,56.2,73.24
BATCH_0545,4168.6,2.9,0.473,36.06,57.51,79.47
BATCH_0546,3890.4,2.74,0.435,39.15,63.33,78.92
BATCH_0547,3373.1,2.81,0.473,34.04,55.46,73.91
BATCH_0548,4092.2,3.08,0.457,35.36,57.68,77.82
BATCH_0549,3706.7,3.4,0.542,27.27,50.75,73.09
BATCH_0550,3436.6,3.07,0.517,34.88,59.9,79.06
BATCH_0551,3584.4,2.41,0.45,32.01,53.05,74.98
BATCH_0552,3566.6,2.54,0.501,40.22,59.44,72.74
BATCH_0553,3400.9,2.36,0.483,37.29,61.42,78.57
BATCH_0554,2977.2,3.17,0.513,29.08,51.1,65.51
BATCH_0555,3059.7,2.83,0.568,28.21,47.35,65.77
BATCH_0556,3678.9,2.79,0.488,35.48,54.63,74.29
BATCH_0557,3114.1,2.59,0.451,28.94,50.7,69.31
BATCH_0558,4075.2,2.92,0.513,30.64,51.89,74.75
BATCH_0559,3695.6,3.13,0.5,35.74,51.07,71.6
BATCH_0560,3497.2,2.84,0.423,37.47,59.97,77.9
BATCH_0561,3768.1,3.35,0.524,33.88,57.69,73.25
BATCH_0562,3668.5,2.72,0.477,34.99,54.81,75.38
BATCH_0563,3822.0,2.33,0.494,28.47,51.95,73.12
BATCH_0564,3579.7,3.05,0.49,29.46,53.98,76.08
BATCH_0565,3725.6,2.92,0.42,31.98,57.33,77.7
BATCH_0566,3832.7,3.34,0.516,35.22,55.44,70.3
BATCH_0567,3325.8,3.03,0.514,29.27,50.22,67.86
BATCH_0568,3813.0,3.07,0.482,30.76,55.87,74.65
BATCH_0569,3506.7,2.24,0.459,35.53,59.34,77.23
BATCH_0570,3747.0,2.59,0.481,35.78,57.64,74.38
BATCH_0571,3726.4,2.79,0.453,30.81,53.39,73.78
BATCH_0572,3496.9,2.36,0.509,36.03,56.33,74.64
BATCH_0573,3913.7,3.18,0.494,36.01,60.5,74.14
BATCH_0574,3697.5,2.82,0.443,25.45,50.88,75.41
BATCH_0575,3697.1,2.75,0.486,29.96,55.49,73.78
BATCH_0576,3485.1,2.7,0.483,33.44,54.23,74.87
BATCH_0577,3581.9,2.55,0.456,36.87,56.45,75.84
BATCH_0578,3548.8,2.68,0.456,33.76,55.86,70.42
BATCH_0579,3741.8,3.0,0.488,33.26,54.74,74.73
BATCH_0580,3929.0,2.99,0.482,36.17,57.95,77.84
BATCH_0581,3583.4,2.78,0.527,33.13,55.66,69.69
BATCH_0582,3338.6,2.74,0.468,38.3,55.5,75.08
BATCH_0583,3866.3,2.98,0.501,32.1,57.23,72.33
BATCH_0584,3672.3,2.75,0.499,33.72,57.11,74.72
BATCH_0585,3740.8,2.67,0.487,30.92,54.32,75.14
BATCH_0586,3305.5,2.93,0.513,31.8,54.01,69.94
BATCH_0587,3775.4,2.84,0.437,36.63,60.45,76.9
BATCH_0588,3543.8,3.12,0.48,34.07,57.45,73.11
BATCH_0589,3677.2,2.7,0.454,33.16,56.17,70.45
BATCH_0590,3461.8,2.48,0.445,38.94,59.93,79.66
BATCH_0591,3473.9,2.48,0.517,33.41,52.94,70.89
BATCH_0592,3873.2,3.09,0.492,37.02,58.92,75.78
BATCH_0593,3316.9,2.4,0.482,31.21,56.01,70.67
BATCH_0594,3499.3,2.75,0.5,35.55,57.0,71.34
BATCH_0595,3855.7,2.89,0.488,40.96,64.68,82.06
BATCH_0596,3513.5,3.05,0.423,41.03,61.59,79.22
BATCH_0597,3444.6,3.43,0.471,27.88,49.33,69.16
BATCH_0598,3271.6,2.81,0.485,37.98,58.71,78.22
BATCH_0599,3734.0,3.03,0.48,27.85,51.7,73.19
BATCH_0600,3420.4,3.04,0.501,33.76,56.07,70.13
BATCH_0601,3968.2,2.7,0.46,35.14,56.9,75.32
BATCH_0602,3538.2,2.46,0.465,33.62,55.47,71.05
BATCH_0603,3850.3,3.04,0.504,33.4,55.08,72.93
BATCH_0604,4444.4,2.95,0.478,36.14,58.94,79.2
BATCH_0605,4098.4,2.93,0.473,36.55,60.52,79.48
BATCH_0606,3322.6,2.3,0.48,31.15,52.17,69.47
BATCH_0607,3644.3,3.05,0.489,37.32,58.61,78.61
BATCH_0608,3407.3,3.26,0.471,35.68,53.62,68.25
BATCH_0609,3595.0,2.41,0.498,33.85,57.53,72.86
BATCH_0610,3464.0,2.93,0.438,35.22,56.05,76.91
BATCH_0611,3486.7,3.0,0.479,29.24,57.22,73.33
BATCH_0612,3603.8,2.9,0.469,32.85,54.09,73.18
BATCH_0613,3700.8,2.95,0.487,38.6,55.27,76.1
BATCH_0614,3929.1,1.93,0.443,34.41,57.2,78.54
BATCH_0615,3919.5,2.96,0.504,32.7,57.36,75.55
BATCH_0616,3629.6,2.47,0.485,36.42,56.86,78.6
BATCH_0617,3730.6,2.64,0.448,34.13,54.92,74.73
BATCH_0618,3323.4,2.83,0.464,32.33,52.41,70.51
BATCH_0619,3359.3,2.75,0.436,30.82,53.43,73.05
BATCH_0620,3547.6,2.98,0.491,34.14,57.64,67.83
BATCH_0621,3939.9,2.37,0.448,34.02,55.82,78.25
BATCH_0622,3084.6,2.56,0.481,35.39,55.16,72.23
BATCH_0623,3433.1,2.96,0.445,36.29,56.21,74.47
BATCH_0624,3885.2,2.89,0.498,31.1,55.67,72.31
BATCH_0625,3649.7,2.94,0.491,33.21,52.17,71.43
BATCH_0626,3704.7,1.89,0.489,30.63,55.33,75.41
BATCH_0627,3341.0,2.74,0.567,31.82,50.57,66.95
BATCH_0628,3315.9,2.87,0.46,36.18,59.03,76.16
BATCH_0629,3232.9,2.79,0.53,35.15,55.04,70.22
BATCH_0630,3780.7,3.17,0.446,38.26,61.23,76.75
BATCH_0631,3526.5,2.86,0.469,33.99,53.87,75.67
BATCH_0632,3755.8,3.29,0.475,33.38,56.2,70.4
BATCH_0633,3348.8,2.9,0.497,30.3,52.2,70.87
BATCH_0634,3758.1,2.43,0.412,35.54,57.96,81.35
BATCH_0635,3727.4,3.09,0.522,38.93,57.78,74.19
BATCH_0636,3846.1,3.04,0.504,34.12,57.46,71.93
BATCH_0637,3673.3,2.66,0.487,30.45,51.27,73.8
BATCH_0638,3650.9,2.38,0.491,36.49,53.43,73.23
BATCH_0639,3856.7,2.72,0.511,36.8,60.06,77.1
BATCH_0640,3447.1,3.04,0.461,37.1,56.47,72.33
BATCH_0641,3262.6,2.98,0.432,34.48,54.46,77.22
BATCH_0642,3868.8,3.13,0.512,38.26,60.84,79.47
BATCH_0643,3539.6,2.9,0.541,30.26,49.25,67.75
BATCH_0644,3747.0,2.41,0.48,34.84,58.16,75.92
BATCH_0645,3455.0,2.8,0.509,30.68,53.54,72.08
BATCH_0646,3566.1,3.04,0.515,31.11,56.42,72.4
BATCH_0647,3443.6,2.94,0.467,32.96,54.98,72.6
BATCH_0648,3427.4,2.77,0.478,34.89,59.24,73.08
BATCH_0649,3483.1,3.14,0.506,35.8,58.91,75.5
BATCH_0650,3808.2,2.98,0.519,31.75,52.47,72.41
BATCH_0651,3452.9,2.53,0.489,34.16,53.79,74.3
BATCH_0652,3662.6,2.6,0.494,31.57,53.83,67.17
BATCH_0653,3554.5,2.64,0.482,29.95,53.4,71.85
BATCH_0654,4114.1,2.66,0.5,36.92,57.1,76.21
BATCH_0655,3424.8,2.68,0.494,32.96,52.55,69.37
BATCH_0656,3503.2,3.03,0.535,35.16,57.3,72.17
BATCH_0657,3536.7,3.29,0.507,30.58,52.17,71.68
BATCH_0658,3438.1,2.7,0.409,35.4,59.42,78.14
BATCH_0659,3795.9,3.03,0.471,34.64,56.86,77.63
BATCH_0660,3463.4,2.77,0.517,38.09,58.17,71.64
BATCH_0661,3121.5,2.37,0.494,33.95,53.62,74.76
BATCH_0662,3540.1,2.72,0.52,33.05,50.08,70.87
BATCH_0663,3294.6,2.42,0.438,33.49,54.35,73.59
BATCH_0664,3981.6,3.03,0.524,34.33,57.34,74.65
BATCH_0665,3664.1,2.71,0.507,33.49,55.65,72.35
BATCH_0666,3410.4,2.51,0.476,37.4,57.14,73.85
BATCH_0667,3740.8,2.58,0.499,33.73,56.49,70.1
BATCH_0668,3519.1,2.72,0.46,35.31,57.02,75.33
BATCH_0669,3783.8,2.7,0.478,33.09,54.97,72.8
BATCH_0670,3288.4,2.46,0.49,34.35,55.73,76.16
BATCH_0671,4076.4,2.83,0.477,39.09,58.43,77.48
BATCH_0672,4019.0,2.97,0.492,34.88,55.58,74.49
BATCH_0673,3435.1,2.9,0.52,35.07,58.86,72.81
BATCH_0674,3939.8,2.39,0.525,36.12,57.03,77.04
BATCH_0675,3722.5,2.82,0.463,34.14,57.29,74.46
BATCH_0676,3893.1,2.77,0.468,36.62,58.05,77.36
BATCH_0677,3632.2,2.09,0.51,37.06,59.54,75.36
BATCH_0678,3803.7,2.71,0.481,34.73,53.01,74.55
BATCH_0679,3592.0,2.88,0.467,33.13,55.79,73.29
BATCH_0680,3453.3,2.82,0.486,28.28,51.5,72.71
BATCH_0681,3143.4,2.57,0.453,35.82,56.75,74.13
BATCH_0682,3035.8,3.28,0.528,34.6,57.14,75.22
BATCH_0683,3908.1,2.96,0.465,33.98,54.64,75.55
BATCH_0684,3670.4,2.75,0.545,35.52,59.11,71.29
BATCH_0685,3372.1,3.04,0.508,39.48,62.72,81.6
BATCH_0686,3806.9,3.05,0.489,32.86,55.28,75.03
BATCH_0687,3490.5,2.33,0.484,32.2,53.91,75.73
BATCH_0688,3392.0,2.47,0.446,36.47,55.87,69.17
BATCH_0689,3928.7,3.09,0.49,35.17,56.27,74.31
BATCH_0690,3856.2,2.5,0.461,34.07,58.1,74.57
BATCH_0691,3529.5,2.83,0.47,34.76,55.0,76.45
BATCH_0692,3925.0,2.11,0.517,32.39,54.4,71.68
BATCH_0693,3514.4,3.0,0.504,35.49,52.42,71.38
BATCH_0694,3453.3,2.9,0.495,26.82,50.3,71.71
BATCH_0695,3993.4,2.71,0.542,30.11,53.26,73.17
BATCH_0696,4199.6,2.96,0.45,33.98,57.28,76.65
BATCH_0697,4086.4,2.56,0.524,37.05,55.62,75.99
BATCH_0698,3917.7,2.9,0.506,36.8,62.46,75.16
BATCH_0699,3722.2,3.12,0.504,31.91,53.81,67.48
BATCH_0700,3687.5,3.07,0.463,33.71,57.69,75.79
BATCH_0701,3515.6,2.97,0.456,37.42,62.79,83.17
BATCH_0702,3528.5,2.85,0.467,33.09,51.79,74.95
BATCH_0703,3838.6,2.91,0.48,36.18,58.84,75.63
BATCH_0704,3824.6,2.75,0.511,38.84,55.82,70.5
BATCH_0705,3557.3,3.05,0.452,35.65,57.53,75.91
BATCH_0706,3719.9,2.96,0.498,37.16,57.63,75.28
BATCH_0707,3639.5,2.57,0.546,34.94,54.41,70.56
BATCH_0708,3639.3,2.82,0.464,34.62,53.31,74.39
BATCH_0709,3231.4,2.69,0.481,29.76,53.07,70.69
BATCH_0710,3404.8,2.65,0.418,27.87,51.68,73.22
BATCH_0711,3555.2,2.77,0.495,36.2,54.75,72.93
BATCH_0712,3654.4,2.82,0.479,37.71,58.04,75.61
BATCH_0713,3756.2,3.09,0.442,35.37,59.08,78.1
BATCH_0714,3741.8,3.1,0.476,35.87,52.36,70.82
BATCH_0715,3811.9,2.67,0.497,37.05,57.82,72.13
BATCH_0716,3805.5,2.84,0.446,39.02,58.93,78.26
BATCH_0717,4128.7,3.1,0.502,34.22,56.58,74.1
BATCH_0718,3393.6,3.03,0.473,32.71,54.52,72.45
BATCH_0719,3409.5,2.74,0.491,29.71,51.67,69.49
BATCH_0720,4045.3,2.97,0.499,38.47,61.05,78.09
BATCH_0721,3982.4,3.07,0.493,34.23,60.32,80.24
BATCH_0722,3429.7,2.6,0.498,31.89,54.05,69.82
BATCH_0723,4021.5,2.73,0.495,32.32,53.47,69.23
BATCH_0724,4054.2,3.2,0.507,31.91,55.22,76.32
BATCH_0725,3804.7,3.04,0.522,36.79,61.13,77.78
BATCH_0726,3526.6,2.68,0.435,35.59,60.87,76.06
BATCH_0727,3696.9,3.16,0.468,38.71,56.67,75.03
BATCH_0728,3511.6,2.83,0.522,33.59,51.32,71.26
BATCH_0729,3841.6,3.23,0.488,37.46,61.44,80.68
BATCH_0730,3799.9,2.62,0.471,33.66,58.92,76.58
BATCH_0731,3341.7,2.93,0.503,30.34,49.2,71.25
BATCH_0732,3494.8,2.83,0.479,33.52,57.59,69.26
BATCH_0733,3526.5,2.61,0.5,31.34,52.15,71.23
BATCH_0734,3804.6,2.71,0.455,37.28,59.46,76.45
BATCH_0735,3615.3,3.4,0.453,36.56,55.27,72.93
BATCH_0736,3724.7,2.88,0.481,36.56,55.25,78.33
BATCH_0737,3540.3,2.54,0.49,37.9,58.41,75.11
BATCH_0738,3368.1,2.86,0.524,30.32,51.49,68.1
BATCH_0739,3711.0,2.64,0.454,33.68,53.62,75.05
BATCH_0740,3385.1,3.23,0.529,31.67,54.31,69.8
BATCH_0741,3514.7,2.79,0.479,31.05,53.55,74.21
BATCH_0742,3383.4,2.9,0.579,32.87,56.24,69.56
BATCH_0743,3657.4,2.51,0.494,34.4,54.14,75.24
BATCH_0744,3700.7,2.78,0.493,32.09,55.08,75.59
BATCH_0745,3496.9,3.51,0.444,35.86,59.43,73.25
BATCH_0746,3378.0,3.11,0.425,34.02,55.24,75.02
BATCH_0747,3465.6,3.05,0.504,30.91,51.38,70.22
BATCH_0748,4137.6,2.5,0.513,34.43,55.51,73.42
BATCH_0749,3762.5,2.63,0.502,31.94,53.54,73.04
BATCH_0750,3771.7,3.08,0.478,35.83,53.53,73.77
BATCH_0751,3699.5,2.66,0.484,31.29,54.64,73.66
BATCH_0752,3671.8,2.21,0.501,34.88,58.9,74.38
BATCH_0753,3559.1,3.0,0.535,28.74,50.47,70.28
BATCH_0754,3864.5,2.71,0.483,37.84,55.71,75.53
BATCH_0755,3162.0,3.34,0.506,31.23,52.92,72.52
BATCH_0756,3634.4,2.67,0.483,34.8,54.67,75.39
BATCH_0757,4029.4,2.9,0.52,37.1,58.82,76.75
BATCH_0758,3687.3,2.72,0.51,28.56,51.16,71.75
BATCH_0759,3788.8,2.62,0.479,37.68,59.8,77.37
BATCH_0760,3554.6,3.08,0.439,34.55,60.97,77.8
BATCH_0761,3437.5,2.4,0.449,33.41,56.67,71.19
BATCH_0762,3507.4,2.73,0.504,34.47,56.02,72.3
BATCH_0763,3736.0,2.91,0.471,30.96,53.48,75.61
BATCH_0764,3429.0,2.25,0.512,29.51,54.32,73.04
BATCH_0765,3798.4,2.69,0.46,34.58,57.52,78.85
BATCH_0766,3573.6,2.72,0.53,37.62,60.87,76.67
BATCH_0767,3774.8,3.0,0.46,35.72,60.52,77.5
BATCH_0768,3534.6,2.7,0.467,37.3,54.99,71.4
BATCH_0769,4051.1,2.44,0.501,38.5,57.23,76.95
BATCH_0770,3711.6,2.61,0.446,35.93,56.5,73.62
BATCH_0771,3401.9,2.54,0.505,25.53,52.24,71.78
BATCH_0772,3893.2,2.81,0.504,38.04,58.92,74.76
BATCH_0773,3825.9,3.22,0.532,32.69,52.58,71.98
BATCH_0774,3227.5,2.42,0.49,33.5,53.29,71.59
BATCH_0775,3338.0,3.01,0.526,27.05,48.65,66.71
BATCH_0776,3651.1,2.44,0.465,38.93,59.95,78.39
BATCH_0777,3627.6,2.31,0.473,32.17,55.65,74.56
BATCH_0778,4152.0,2.84,0.51,28.69,49.73,73.44
BATCH_0779,3253.3,2.64,0.463,38.7,60.72,76.3
BATCH_0780,4204.6,2.79,0.517,35.19,54.16,72.64
BATCH_0781,3782.4,3.17,0.444,33.67,55.52,75.95
BATCH_0782,3413.2,2.98,0.466,35.26,59.15,74.1
BATCH_0783,3947.6,2.65,0.476,40.23,58.35,77.92
BATCH_0784,3514.7,3.49,0.491,35.15,57.06,75.45
BATCH_0785,3736.7,3.23,0.476,36.56,55.84,75.4
BATCH_0786,3059.8,2.65,0.534,34.5,54.19,73.61
BATCH_0787,3923.3,2.75,0.489,39.93,59.35,77.24
BATCH_0788,3618.7,2.61,0.458,34.44,55.48,75.95
BATCH_0789,3774.1,3.04,0.427,40.11,60.44,81.37
BATCH_0790,3650.2,2.51,0.5,34.06,57.16,73.3
BATCH_0791,3675.0,3.0,0.525,33.37,54.57,71.54
BATCH_0792,3562.5,2.47,0.519,32.75,52.74,67.25
BATCH_0793,3838.7,2.66,0.453,35.94,56.53,75.27
BATCH_0794,3590.5,3.05,0.479,36.3,57.24,73.76
BATCH_0795,3924.3,2.56,0.465,36.97,55.72,78.1
BATCH_0796,3671.8,2.79,0.483,37.19,58.5,80.59
BATCH_0797,3646.2,2.36,0.489,27.03,55.39,71.78
BATCH_0798,3564.1,2.79,0.482,36.9,55.59,72.56
BATCH_0799,3491.8,2.36,0.486,31.02,52.15,72.65
BATCH_0800,3610.9,2.4,0.446,37.62,58.64,74.88
BATCH_0801,2979.8,2.46,0.496,31.55,51.8,70.93
BATCH_0802,3676.3,2.57,0.429,37.43,54.9,74.96
BATCH_0803,3774.7,2.85,0.49,30.01,52.1,72.49
BATCH_0804,3520.0,2.64,0.452,37.76,59.62,76.95
BATCH_0805,3698.6,2.12,0.482,40.97,66.31,83.59
BATCH_0806,3747.6,2.77,0.441,34.6,55.07,76.53
BATCH_0807,4018.0,2.94,0.562,36.18,60.92,79.23
BATCH_0808,3899.4,3.01,0.488,37.13,57.09,72.67
BATCH_0809,3828.1,3.06,0.48,34.24,54.84,77.38
BATCH_0810,3677.0,2.78,0.496,33.64,55.45,74.65
BATCH_0811,3902.7,2.78,0.514,32.52,52.43,72.43
BATCH_0812,3313.3,2.34,0.458,37.49,59.23,73.18
BATCH_0813,3836.4,2.76,0.469,38.95,63.09,80.66
BATCH_0814,3442.5,2.83,0.411,35.62,52.75,76.14
BATCH_0815,3536.7,2.62,0.428,32.37,56.36,78.03
BATCH_0816,3979.0,2.37,0.418,35.82,57.4,79.72
BATCH_0817,3279.2,2.46,0.469,35.09,55.1,70.23
BATCH_0818,3262.9,3.26,0.485,34.1,52.09,72.42
BATCH_0819,3704.7,2.74,0.523,32.85,53.21,69.94
BATCH_0820,3575.7,2.81,0.476,36.02,55.64,74.34
BATCH_0821,3977.1,2.73,0.488,33.8,56.41,73.36
BATCH_0822,3834.0,3.13,0.535,31.17,53.25,74.8
BATCH_0823,3473.6,2.95,0.454,34.1,58.47,77.25
BATCH_0824,3213.8,3.66,0.488,31.75,51.01,70.79
BATCH_0825,3587.5,2.78,0.515,37.4,54.59,74.05
BATCH_0826,3574.2,2.64,0.453,32.67,57.37,77.52
BATCH_0827,3576.8,2.49,0.486,33.37,56.56,71.33
BATCH_0828,3387.7,3.24,0.426,33.49,52.19,76.03
BATCH_0829,3349.9,2.44,0.44,32.31,56.39,73.78
BATCH_0830,3661.1,3.06,0.481,31.72,54.9,75.66
BATCH_0831,3612.1,2.74,0.438,34.54,57.54,72.79
BATCH_0832,3463.6,3.03,0.494,37.3,58.37,77.42
BATCH_0833,3392.2,3.21,0.541,30.59,52.65,69.07
BATCH_0834,3881.4,2.87,0.461,36.51,57.85,74.02
BATCH_0835,3425.0,2.73,0.466,36.47,57.14,73.62
BATCH_0836,3816.0,2.98,0.449,36.24,58.1,74.07
BATCH_0837,3543.9,3.1,0.585,31.27,53.57,69.05
BATCH_0838,3579.5,3.1,0.467,33.04,56.06,74.24
BATCH_0839,3469.9,2.48,0.473,34.62,54.92,72.31
BATCH_0840,3020.9,2.99,0.471,30.93,51.44,69.66
BATCH_0841,3618.5,2.38,0.492,34.62,56.63,71.48
BATCH_0842,4037.4,2.33,0.446,36.86,62.14,77.41
BATCH_0843,4069.7,2.8,0.506,34.01,57.52,71.31
BATCH_0844,3487.3,2.2,0.473,36.48,59.87,77.84
BATCH_0845,3732.6,2.61,0.511,33.91,56.38,72.09
BATCH_0846,3740.0,2.84,0.513,33.96,53.75,73.52
BATCH_0847,4003.7,3.17,0.446,35.98,57.9,80.44
BATCH_0848,3492.8,3.12,0.469,37.34,57.27,73.25
BATCH_0849,3727.1,3.2,0.485,33.55,58.92,75.76
BATCH_0850,3173.2,3.14,0.42,29.94,54.98,72.2
BATCH_0851,3619.9,3.21,0.472,34.74,55.55,70.81
BATCH_0852,3775.9,3.1,0.481,35.93,56.73,74.31
BATCH_0853,3613.8,2.65,0.466,31.65,52.14,75.33
BATCH_0854,3605.0,3.02,0.474,33.65,56.16,77.59
BATCH_0855,3796.1,2.84,0.476,34.51,56.01,76.23
BATCH_0856,3783.7,2.53,0.481,35.56,53.27,75.3
BATCH_0857,3213.2,3.05,0.47,33.68,51.85,67.93
BATCH_0858,3329.1,2.82,0.463,37.34,59.52,75.74
BATCH_0859,3913.1,2.78,0.446,35.54,59.41,77.18
BATCH_0860,3325.6,2.95,0.46,34.48,56.93,71.56
BATCH_0861,3176.1,3.32,0.469,31.41,54.71,74.88
BATCH_0862,3957.5,2.86,0.519,34.8,52.58,74.95
BATCH_0863,3535.1,2.35,0.47,37.88,59.55,74.87
BATCH_0864,3602.8,2.12,0.487,35.05,53.77,72.17
BATCH_0865,3688.7,2.78,0.507,32.72,53.98,70.86
BATCH_0866,3429.4,2.64,0.488,36.61,54.06,70.18
BATCH_0867,3464.4,2.06,0.428,41.65,66.66,90.08
BATCH_0868,3807.9,2.74,0.472,35.52,58.01,76.38
BATCH_0869,3691.2,2.96,0.499,37.08,53.71,77.6
BATCH_0870,3635.4,3.08,0.51,37.56,59.04,79.14
BATCH_0871,3801.1,3.13,0.48,28.22,51.86,74.35
BATCH_0872,3664.1,3.01,0.521,29.09,55.05,68.2
BATCH_0873,3358.4,3.0,0.429,33.13,57.64,72.92
BATCH_0874,3496.8,2.28,0.496,31.25,53.24,73.6
BATCH_0875,3859.3,2.8,0.487,33.24,57.1,73.28
BATCH_0876,4206.4,2.78,0.513,38.62,56.28,76.49
BATCH_0877,3877.6,2.95,0.501,33.68,57.56,76.72
BATCH_0878,3602.8,3.0,0.474,35.01,54.83,75.66
BATCH_0879,3507.5,2.89,0.486,34.25,58.19,73.84
BATCH_0880,3444.7,2.52,0.524,31.37,53.0,66.89
BATCH_0881,3760.1,2.58,0.504,33.55,55.88,72.75
BATCH_0882,3485.1,3.06,0.444,29.48,53.5,70.84
BATCH_0883,3434.3,3.1,0.473,35.79,56.74,76.99
BATCH_0884,3632.2,2.43,0.461,32.04,56.16,72.68
BATCH_0885,3935.7,3.1,0.447,31.41,57.76,78.37
BATCH_0886,3222.2,3.12,0.436,37.08,59.13,78.42
BATCH_0887,3494.1,2.14,0.52,31.11,52.8,70.16
BATCH_0888,3826.3,2.98,0.453,35.24,58.85,74.8
BATCH_0889,3885.7,2.7,0.48,29.78,54.78,74.5
BATCH_0890,3662.9,2.65,0.481,36.9,55.39,74.87
BATCH_0891,3653.1,2.91,0.455,35.47,56.34,74.52
BATCH_0892,3861.1,2.84,0.522,34.06,54.36,72.92
BATCH_0893,3603.5,3.44,0.519,35.02,52.45,72.0
BATCH_0894,3119.7,3.0,0.441,33.68,53.84,74.37
BATCH_0895,4016.3,3.43,0.512,33.39,56.04,74.35
BATCH_0896,3551.9,2.96,0.471,35.13,57.29,75.74
BATCH_0897,3588.6,3.11,0.438,34.65,57.77,72.01
BATCH_0898,3686.3,2.52,0.516,32.94,54.18,72.39
BATCH_0899,3504.4,2.29,0.497,31.63,53.68,73.45
BATCH_0900,3686.7,3.01,0.445,35.01,54.87,72.6
BATCH_0901,3589.2,2.63,0.497,32.02,54.17,70.43
BATCH_0902,3512.8,3.11,0.459,33.69,53.38,72.93
BATCH_0903,3332.0,2.85,0.48,31.76,55.35,75.61
BATCH_0904,3728.3,2.87,0.461,34.72,54.96,74.3
BATCH_0905,3524.1,2.64,0.437,33.76,52.6,73.46
BATCH_0906,3718.4,2.62,0.485,35.63,55.91,72.75
BATCH_0907,3625.4,2.89,0.492,35.51,56.27,77.63
BATCH_0908,3471.6,3.2,0.46,35.78,56.11,70.55
BATCH_0909,3612.0,2.94,0.42,38.27,59.56,81.53
BATCH_0910,3555.8,2.63,0.476,40.08,58.88,81.3
BATCH_0911,4121.5,3.2,0.535,32.93,58.06,73.28
BATCH_0912,3566.1,2.79,0.518,35.34,53.45,68.15
BATCH_0913,3175.8,2.37,0.401,33.29,56.76,79.44
BATCH_0914,3348.6,2.81,0.515,33.14,53.3,69.49
BATCH_0915,3627.2,2.45,0.503,33.14,52.8,72.72
BATCH_0916,3320.5,2.56,0.513,29.9,49.68,70.69
BATCH_0917,3563.7,2.78,0.479,35.33,56.8,71.16
BATCH_0918,3880.0,2.86,0.504,31.36,51.64,72.95
BATCH_0919,3555.3,2.87,0.472,34.12,59.42,72.57
BATCH_0920,3878.0,3.06,0.463,37.55,59.7,75.35
BATCH_0921,3831.8,2.54,0.466,35.42,59.7,80.54
BATCH_0922,3459.9,3.31,0.459,33.72,55.08,73.83
BATCH_0923,3883.5,3.09,0.506,36.39,57.78,74.48
BATCH_0924,3815.5,2.77,0.572,29.46,55.68,70.77
BATCH_0925,4135.9,2.89,0.467,35.6,58.35,77.97
BATCH_0926,3766.1,2.87,0.423,34.81,58.16,76.88
BATCH_0927,3592.0,2.48,0.437,35.74,55.37,74.69
BATCH_0928,3522.7,3.07,0.437,34.92,59.09,77.49
BATCH_0929,3560.2,2.61,0.497,33.06,52.32,77.2
BATCH_0930,3144.4,2.47,0.491,33.96,54.42,72.58
BATCH_0931,3385.6,2.72,0.498,34.39,52.97,72.5
BATCH_0932,3385.4,3.31,0.419,32.85,54.39,76.59
BATCH_0933,3481.3,3.03,0.478,34.93,53.75,75.68
BATCH_0934,3729.9,2.45,0.53,34.36,53.12,74.82
BATCH_0935,3658.7,2.92,0.476,33.6,56.71,69.29
BATCH_0936,3032.0,2.32,0.462,30.85,51.11,72.29
BATCH_0937,3783.9,2.43,0.456,28.06,54.46,74.05
BATCH_0938,3775.9,2.69,0.45,34.2,55.4,72.44
BATCH_0939,3618.1,2.93,0.494,34.52,55.36,72.37
BATCH_0940,3363.6,3.28,0.516,36.39,55.1,71.63
BATCH_0941,3522.4,3.06,0.526,33.89,53.22,73.1
BATCH_0942,3554.4,2.83,0.518,33.59,55.01,71.86
BATCH_0943,4098.7,2.6,0.432,35.12,61.3,77.22
BATCH_0944,3569.3,2.55,0.541,32.06,51.24,68.13
BATCH_0945,3599.4,2.92,0.48,29.78,53.05,70.57
BATCH_0946,3296.6,3.06,0.496,30.36,52.08,70.82
BATCH_0947,3240.8,2.88,0.5,35.27,56.21,73.8
BATCH_0948,3498.6,2.95,0.495,35.17,54.86,70.87
BATCH_0949,3483.7,2.33,0.477,33.81,54.71,74.09
BATCH_0950,3444.9,2.57,0.488,32.08,54.01,71.59
BATCH_0951,3567.4,2.44,0.502,35.87,58.32,74.84
BATCH_0952,3694.4,2.93,0.49,31.71,53.41,73.12
BATCH_0953,3350.0,3.16,0.471,34.51,55.3,71.87
BATCH_0954,4095.0,2.86,0.483,36.02,53.99,75.18
BATCH_0955,3639.2,2.97,0.466,34.11,57.43,77.01
BATCH_0956,3949.1,2.18,0.504,37.42,63.19,78.23
BATCH_0957,3554.9,2.49,0.528,32.91,54.06,71.28
BATCH_0958,3272.8,3.1,0.457,34.93,53.01,73.9
BATCH_0959,4024.4,2.55,0.49,33.06,54.91,75.17
BATCH_0960,3673.1,2.69,0.473,33.74,57.14,70.15
BATCH_0961,3227.9,2.76,0.472,28.11,49.54,68.91
BATCH_0962,3846.2,3.04,0.504,36.84,58.03,75.53
BATCH_0963,4032.8,2.84,0.472,36.49,58.19,77.49
BATCH_0964,3373.4,2.58,0.52,30.93,54.18,72.49
BATCH_0965,3635.4,3.16,0.473,32.67,52.18,73.97
BATCH_0966,3887.5,2.36,0.459,31.23,52.75,77.09
BATCH_0967,3892.8,2.71,0.533,31.11,53.83,72.75
BATCH_0968,3384.8,3.21,0.471,37.15,63.15,79.22
BATCH_0969,3514.5,3.13,0.472,37.44,58.81,72.33
BATCH_0970,2766.0,3.19,0.449,29.64,51.83,71.31
BATCH_0971,3868.4,2.54,0.55,33.34,54.23,73.33
BATCH_0972,3417.1,2.86,0.469,37.61,55.07,72.78
BATCH_0973,3552.8,2.8,0.451,35.24,54.79,75.0
BATCH_0974,3358.5,3.32,0.496,31.27,53.19,70.13
BATCH_0975,3659.3,2.39,0.481,37.54,57.49,73.69
BATCH_0976,3498.2,2.98,0.515,34.22,54.13,72.23
BATCH_0977,3465.3,2.89,0.476,34.34,55.9,74.07
BATCH_0978,4001.4,2.54,0.482,33.8,56.45,73.72
BATCH_0979,3128.5,3.36,0.464,31.6,51.0,72.03
BATCH_0980,3198.6,2.78,0.457,34.41,55.17,72.23
BATCH_0981,3443.6,3.11,0.451,39.29,61.52,77.99
BATCH_0982,3565.7,2.75,0.48,37.5,60.75,74.71
BATCH_0983,3458.4,3.01,0.5,32.55,51.76,69.0
BATCH_0984,3962.0,2.72,0.482,30.82,55.62,74.95
BATCH_0985,3973.8,2.76,0.484,37.24,58.25,77.48
BATCH_0986,3586.4,2.52,0.433,37.18,57.89,71.55
BATCH_0987,3486.8,2.64,0.484,37.09,54.39,69.89
BATCH_0988,3452.5,2.36,0.488,36.27,53.61,73.99
BATCH_0989,3340.8,2.51,0.499,35.71,58.12,74.0
BATCH_0990,3933.6,2.46,0.544,32.25,52.97,73.08
BATCH_0991,3888.7,3.03,0.478,34.57,58.23,74.83
BATCH_0992,3206.9,2.83,0.525,35.29,51.88,73.19
BATCH_0993,3726.5,2.89,0.493,34.4,56.08,72.43
BATCH_0994,3778.7,2.24,0.459,34.39,54.5,71.42
BATCH_0995,3887.8,2.89,0.457,36.33,56.52,73.15
BATCH_0996,3201.3,3.19,0.446,34.6,53.19,74.72
BATCH_0997,3385.0,2.98,0.464,37.16,59.61,74.6
BATCH_0998,4010.6,2.81,0.441,37.32,61.1,78.27
BATCH_0999,3175.5,3.03,0.508,32.21,53.76,69.48
BATCH_1000,3470.4,2.63,0.448,34.77,54.7,75.59
BATCH_1001,3967.8,3.25,0.451,37.85,57.37,77.89
BATCH_1002,3709.9,2.86,0.456,29.2,56.14,78.63
BATCH_1003,3285.8,2.57,0.469,32.88,53.71,70.97
BATCH_1004,3657.9,2.89,0.422,35.49,59.58,83.68
BATCH_1005,3144.8,2.89,0.442,37.5,55.81,74.94
BATCH_1006,3496.1,2.4,0.422,36.37,60.76,76.12
BATCH_1007,3413.4,3.05,0.466,32.35,56.74,72.96
BATCH_1008,3248.6,2.34,0.482,37.21,58.92,78.87
BATCH_1009,3433.1,2.93,0.494,36.04,58.29,74.91
BATCH_1010,3881.6,2.51,0.474,32.08,54.93,70.81
BATCH_1011,3930.0,3.02,0.473,30.41,54.78,74.79
BATCH_1012,3670.3,2.77,0.488,33.56,55.48,73.38
BATCH_1013,3436.1,2.65,0.523,33.53,55.25,68.18
BATCH_1014,3748.9,2.86,0.512,34.06,55.45,75.62
BATCH_1015,3432.1,2.81,0.474,30.49,50.58,72.66
BATCH_1016,3285.2,2.79,0.517,34.2,52.13,66.76
BATCH_1017,3428.9,3.18,0.498,33.39,50.96,68.08
BATCH_1018,3502.3,2.67,0.477,34.33,55.01,75.76
BATCH_1019,3106.4,3.02,0.52,29.24,52.42,68.67
BATCH_1020,3465.4,3.25,0.476,38.96,55.95,75.95
BATCH_1021,3404.8,2.47,0.498,36.45,60.67,79.44
BATCH_1022,3484.1,2.92,0.451,35.07,55.61,75.35
BATCH_1023,3340.8,3.03,0.477,34.36,56.9,72.74
BATCH_1024,3400.3,3.11,0.485,36.26,54.98,75.42
BATCH_1025,3729.2,2.41,0.444,35.34,54.64,76.14
BATCH_1026,3520.1,2.46,0.466,38.24,58.33,81.38
BATCH_1027,4024.3,2.67,0.481,36.37,58.2,75.59
BATCH_1028,3659.6,3.11,0.523,32.79,52.54,68.9
BATCH_1029,3326.4,2.93,0.46,37.94,55.23,75.79
BATCH_1030,3878.1,2.48,0.47,40.1,62.6,81.51
BATCH_1031,3618.2,2.62,0.471,40.37,62.78,80.54
BATCH_1032,3849.7,1.93,0.499,35.02,53.52,73.87
BATCH_1033,3593.7,2.76,0.474,35.18,56.3,74.55
BATCH_1034,3701.3,2.46,0.442,38.24,59.02,76.89
BATCH_1035,3222.5,3.02,0.463,33.3,59.24,76.5
BATCH_1036,3392.1,2.93,0.516,33.51,53.02,72.2
BATCH_1037,3590.3,2.75,0.486,34.63,55.43,74.0
BATCH_1038,3355.1,2.56,0.491,28.71,51.78,71.17
BATCH_1039,3279.2,2.53,0.529,30.19,52.19,70.94
BATCH_1040,3492.1,2.3,0.525,30.06,50.11,68.81
BATCH_1041,3162.7,3.18,0.507,33.86,54.18,71.51
BATCH_1042,3609.3,2.67,0.49,30.95,50.37,70.21
BATCH_1043,3113.3,2.99,0.501,29.68,52.49,69.56
BATCH_1044,3560.0,2.63,0.476,35.94,55.07,74.5
BATCH_1045,3347.9,2.85,0.468,36.11,56.8,71.26
BATCH_1046,3609.1,2.21,0.434,32.58,56.91,74.54
BATCH_1047,3983.9,2.47,0.482,35.78,56.16,75.46
BATCH_1048,3179.0,2.98,0.481,37.33,56.83,71.33
BATCH_1049,3409.8,2.44,0.542,33.93,55.24,70.5
BATCH_1050,3737.4,2.85,0.488,35.57,55.2,71.22
BATCH_1051,3712.1,2.3,0.457,29.04,52.34,75.6
BATCH_1052,3839.7,2.85,0.445,31.9,53.55,75.3
BATCH_1053,3470.7,2.84,0.481,31.22,53.37,72.56
BATCH_1054,3818.7,2.7,0.488,35.27,59.37,76.15
BATCH_1055,3374.4,3.33,0.453,35.85,55.1,70.9
BATCH_1056,3577.3,3.25,0.496,29.15,55.96,74.68
BATCH_1057,3635.0,2.35,0.48,35.39,58.84,72.51
BATCH_1058,3596.2,3.27,0.46,39.0,59.09,75.21
BATCH_1059,3778.8,2.59,0.478,38.92,59.52,81.25
BATCH_1060,3456.5,2.25,0.521,33.23,56.89,73.6
BATCH_1061,3787.4,2.59,0.441,33.64,57.35,75.27
BATCH_1062,3534.3,2.87,0.494,35.97,55.78,76.36
BATCH_1063,3395.4,3.02,0.479,35.81,58.05,72.82
BATCH_1064,3778.4,2.9,0.509,35.89,55.49,74.47
BATCH_1065,3499.3,3.21,0.462,30.26,53.06,73.13
BATCH_1066,3265.2,2.34,0.451,34.53,56.73,71.7
BATCH_1067,3501.8,2.39,0.484,34.59,55.19,72.86
BATCH_1068,3238.1,2.38,0.497,34.9,55.84,73.92
BATCH_1069,3887.7,2.82,0.458,31.3,55.56,77.33
BATCH_1070,3613.7,2.56,0.44,36.71,58.11,77.39
BATCH_1071,3165.1,3.23,0.484,35.12,52.88,69.77
BATCH_1072,4500.7,2.81,0.523,37.31,58.96,78.35
BATCH_1073,3545.4,2.65,0.446,32.09,51.68,72.02
BATCH_1074,3514.9,2.59,0.474,35.15,56.78,73.72
BATCH_1075,3393.8,3.06,0.473,32.63,54.56,73.37
BATCH_1076,3611.8,2.38,0.418,35.48,59.47,77.12
BATCH_1077,3373.6,2.81,0.465,32.75,53.12,72.4
BATCH_1078,3400.0,2.26,0.442,40.07,61.44,79.44
BATCH_1079,4169.0,3.03,0.472,38.07,60.12,78.45
BATCH_1080,3664.6,2.7,0.549,33.71,55.14,67.51
BATCH_1081,3327.2,3.24,0.495,35.69,54.86,76.61
BATCH_1082,3333.1,3.05,0.469,31.15,54.03,74.71
BATCH_1083,3622.8,3.38,0.489,28.52,52.38,72.0
BATCH_1084,3778.1,2.56,0.448,32.63,58.23,72.82
BATCH_1085,3341.4,2.55,0.568,30.89,50.64,69.51
BATCH_1086,3429.5,3.16,0.55,28.45,51.76,69.41
BATCH_1087,3492.0,2.54,0.509,33.75,55.34,71.82
BATCH_1088,3409.8,2.88,0.446,30.25,54.85,73.38
BATCH_1089,3715.8,3.01,0.49,32.82,55.95,70.97
BATCH_1090,3729.9,2.76,0.518,35.2,55.05,71.77
BATCH_1091,3860.1,3.04,0.479,31.98,53.76,70.8
BATCH_1092,3520.8,2.3,0.505,34.93,57.09,72.8
BATCH_1093,3750.1,3.46,0.432,36.86,57.09,75.62
BATCH_1094,3820.3,2.88,0.487,34.13,55.95,73.33
BATCH_1095,3593.8,2.98,0.483,39.3,58.19,77.15
BATCH_1096,3429.0,2.52,0.441,39.51,57.28,81.78
BATCH_1097,3573.8,2.61,0.503,32.43,53.18,71.79
BATCH_1098,3074.9,3.0,0.471,34.76,51.15,68.46
BATCH_1099,3784.6,3.2,0.525,36.57,56.89,74.04
BATCH_1100,3564.6,2.87,0.482,27.45,51.02,73.43
BATCH_1101,3850.0,3.02,0.529,37.22,59.38,80.82
BATCH_1102,3625.4,2.72,0.482,33.87,54.55,71.84
BATCH_1103,3532.4,2.59,0.478,35.64,59.86,73.18
BATCH_1104,3416.0,3.1,0.515,32.66,56.29,73.91
BATCH_1105,3874.0,2.44,0.471,37.58,56.46,76.84
BATCH_1106,3492.3,2.97,0.512,29.37,51.89,69.02
BATCH_1107,3400.0,2.24,0.529,31.93,49.53,66.47
BATCH_1108,3773.9,2.57,0.42,34.47,55.8,74.91
BATCH_1109,3963.6,2.11,0.489,34.43,57.45,78.99
BATCH_1110,3549.7,3.2,0.489,34.65,56.15,72.36
BATCH_1111,3576.4,2.99,0.489,33.43,53.86,72.83
BATCH_1112,3799.1,2.72,0.456,37.88,59.27,76.42
BATCH_1113,3356.6,3.26,0.486,31.08,52.51,71.76
BATCH_1114,3655.8,2.82,0.472,40.49,63.39,82.32
BATCH_1115,3701.0,2.87,0.489,31.92,57.29,73.72
BATCH_1116,3940.4,2.74,0.467,36.07,59.5,75.54
BATCH_1117,3589.0,2.34,0.504,32.94,55.2,71.81
BATCH_1118,3481.0,2.97,0.441,31.97,55.15,74.78
BATCH_1119,3461.4,3.04,0.507,34.35,50.45,68.41
BATCH_1120,3327.7,2.8,0.472,31.09,52.36,74.49
BATCH_1121,3168.0,2.58,0.463,26.59,52.5,72.71
BATCH_1122,4047.3,2.68,0.491,29.2,52.08,79.43
BATCH_1123,3534.9,3.24,0.476,30.82,51.23,74.55
BATCH_1124,4081.3,3.04,0.516,27.08,52.1,72.91
BATCH_1125,3361.7,2.93,0.513,29.87,52.82,73.68
BATCH_1126,3263.2,2.91,0.462,34.59,56.28,70.56
BATCH_1127,3591.0,2.56,0.459,34.03,55.78,76.5
BATCH_1128,3287.9,2.66,0.516,30.85,52.29,69.28
BATCH_1129,3562.2,3.05,0.469,35.12,56.18,77.88
BATCH_1130,3960.4,2.89,0.451,34.21,57.4,76.98
BATCH_1131,3858.7,3.07,0.477,38.41,57.44,75.45
BATCH_1132,3209.7,2.72,0.482,32.93,52.3,67.62
BATCH_1133,3575.8,2.79,0.458,34.18,56.26,75.88
BATCH_1134,3534.1,2.97,0.447,34.55,56.6,75.31
BATCH_1135,3864.2,2.89,0.475,34.16,56.43,77.32
BATCH_1136,3457.8,2.84,0.459,32.9,54.08,70.52
BATCH_1137,3484.8,1.93,0.447,38.4,62.05,75.71
BATCH_1138,3137.1,2.64,0.476,39.74,60.09,77.75
BATCH_1139,3516.9,3.15,0.466,31.01,53.33,74.9
BATCH_1140,3345.2,2.84,0.42,33.07,61.3,78.32
BATCH_1141,3799.3,2.62,0.4,37.68,56.08,82.57
BATCH_1142,3134.0,3.19,0.466,33.86,58.12,73.04
BATCH_1143,3473.1,2.93,0.494,35.92,55.77,68.95
BATCH_1144,3189.1,2.79,0.488,34.37,59.1,73.81
BATCH_1145,3684.5,2.44,0.459,35.33,55.63,73.7
BATCH_1146,3672.4,2.56,0.479,31.5,54.14,74.73
BATCH_1147,3595.2,2.62,0.488,32.89,53.76,70.69
BATCH_1148,3642.6,2.65,0.449,37.47,61.1,78.74
BATCH_1149,3630.4,2.78,0.484,30.9,52.45,77.08
BATCH_1150,3197.3,2.92,0.478,34.57,54.68,72.67
BATCH_1151,3533.3,2.64,0.453,37.72,59.04,78.68
BATCH_1152,3721.1,3.11,0.494,31.49,59.33,74.43
BATCH_1153,3435.4,3.29,0.498,30.17,52.77,71.62
BATCH_1154,3645.4,2.74,0.427,39.18,62.77,83.66
BATCH_1155,3542.6,2.89,0.453,40.04,62.18,81.43
BATCH_1156,4225.9,2.14,0.503,31.42,57.84,74.1
BATCH_1157,3296.7,3.36,0.482,38.23,60.8,74.55
BATCH_1158,3575.2,2.95,0.503,30.74,55.84,71.68
BATCH_1159,3448.9,2.86,0.497,32.13,54.16,69.77
BATCH_1160,3463.2,2.76,0.531,31.07,51.43,70.48
BATCH_1161,3383.4,2.6,0.499,30.27,53.39,71.68
BATCH_1162,3403.5,2.46,0.505,36.52,54.32,75.68
BATCH_1163,3355.9,2.91,0.511,28.8,52.02,67.62
BATCH_1164,3636.8,3.06,0.481,34.11,55.48,72.38
BATCH_1165,3642.4,2.62,0.397,35.17,57.11,78.99
BATCH_1166,3817.2,2.86,0.508,35.83,56.57,74.93
BATCH_1167,3729.0,2.91,0.47,35.59,54.82,76.79
BATCH_1168,3823.3,2.77,0.492,34.69,55.2,76.17
BATCH_1169,3766.4,3.32,0.495,33.7,53.69,77.85
BATCH_1170,3756.2,2.42,0.452,35.42,57.16,74.06
BATCH_1171,3589.9,2.79,0.495,35.71,61.8,74.73
BATCH_1172,3555.9,2.91,0.439,34.94,59.39,77.08
BATCH_1173,3592.1,2.77,0.542,36.73,54.99,69.67
BATCH_1174,3968.6,2.84,0.487,31.49,54.74,72.4
BATCH_1175,3456.9,3.09,0.439,33.83,56.21,72.15
BATCH_1176,3958.6,2.46,0.494,33.83,55.67,76.76
BATCH_1177,3577.9,3.26,0.528,33.59,55.37,77.58
BATCH_1178,3895.1,2.91,0.488,39.04,61.19,80.31
BATCH_1179,3252.8,3.06,0.446,36.62,56.28,74.55
BATCH_1180,3662.6,2.55,0.419,32.5,56.27,78.06
BATCH_1181,3571.3,2.8,0.472,33.5,52.07,74.01
BATCH_1182,3641.8,3.04,0.465,33.04,58.17,72.96
BATCH_1183,3832.9,2.94,0.46,33.32,56.8,76.19
BATCH_1184,3879.1,2.87,0.491,32.36,56.93,71.69
BATCH_1185,3967.7,3.32,0.449,38.48,58.6,77.39
BATCH_1186,3336.6,2.76,0.459,30.51,49.84,71.55
BATCH_1187,3731.7,2.46,0.487,35.91,55.92,74.54
BATCH_1188,3208.5,2.89,0.46,29.51,51.72,68.55
BATCH_1189,3187.2,2.83,0.524,30.0,50.81,69.75
BATCH_1190,3795.8,2.76,0.444,38.45,58.72,75.97
BATCH_1191,3708.9,2.84,0.486,36.9,53.9,72.62
BATCH_1192,3348.8,2.99,0.445,34.52,55.45,74.48
BATCH_1193,3326.4,3.08,0.425,35.65,56.33,73.11
BATCH_1194,3836.7,2.75,0.494,34.23,56.61,74.29
BATCH_1195,3672.8,2.46,0.474,33.97,57.39,74.7
BATCH_1196,4130.8,2.65,0.46,38.07,58.34,75.49
BATCH_1197,3320.2,2.89,0.482,31.81,53.03,72.56
BATCH_1198,3635.9,2.24,0.514,35.18,53.95,73.91
BATCH_1199,3491.6,2.75,0.487,32.41,56.38,73.43
BATCH_1200,3689.6,2.81,0.471,33.58,53.7,75.1
