Batch_ID,Raw_CaO,Raw_SiO2,Raw_Al2O3,Raw_Fe2O3,Raw_MgO,Raw_SO3,LOI
BATCH_0001,42.2,13.99,3.28,2.3,1.28,0.35,35.25
BATCH_0002,42.71,13.87,2.85,2.18,1.28,0.37,35.53
BATCH_0003,42.29,12.85,3.43,1.99,1.13,0.31,34.68
BATCH_0004,43.93,14.61,3.18,2.3,1.47,0.34,35.15
BATCH_0005,42.49,14.25,3.14,2.01,1.5,0.52,35.32
BATCH_0006,42.89,13.32,3.15,2.18,1.78,0.42,34.94
BATCH_0007,42.48,14.63,3.62,2.38,1.22,0.41,34.98
BATCH_0008,42.5,13.61,3.44,1.85,1.45,0.53,34.78
BATCH_0009,43.4,14.31,3.25,1.86,1.61,0.53,34.82
BATCH_0010,43.13,14.0,3.28,2.27,1.4,0.55,34.99
BATCH_0011,42.37,13.49,3.41,2.12,1.53,0.58,36.2
BATCH_0012,43.66,16.11,3.37,2.33,1.59,0.47,36.33
BATCH_0013,44.6,13.88,3.36,1.85,1.88,0.58,34.75
BATCH_0014,44.79,14.04,2.82,2.28,1.82,0.5,35.0
BATCH_0015,44.59,14.59,3.16,2.01,1.41,0.63,35.3
BATCH_0016,43.45,13.43,3.14,2.0,1.28,0.48,35.27
BATCH_0017,42.6,14.5,3.67,2.01,1.32,0.43,35.24
BATCH_0018,44.24,14.27,3.39,2.23,1.4,0.31,35.16
BATCH_0019,43.7,14.32,3.55,2.0,1.27,0.54,34.65
BATCH_0020,43.4,13.81,3.23,1.95,1.4,0.45,36.24
BATCH_0021,41.48,14.02,3.37,2.29,1.55,0.55,35.67
BATCH_0022,43.2,13.83,3.06,2.22,1.19,0.39,35.05
BATCH_0023,44.12,13.9,2.89,2.05,1.7,0.49,35.6
BATCH_0024,41.67,13.77,3.32,2.09,0.99,0.39,36.4
BATCH_0025,41.91,13.69,3.22,1.64,1.38,0.4,34.85
BATCH_0026,43.72,13.99,4.12,2.32,1.37,0.3,35.99
BATCH_0027,42.8,14.75,3.08,1.97,1.68,0.27,35.67
BATCH_0028,43.24,13.3,3.28,2.09,1.35,0.31,36.29
BATCH_0029,42.79,13.62,2.74,2.26,1.17,0.43,35.52
BATCH_0030,43.53,13.44,3.23,2.07,1.63,0.43,36.36
BATCH_0031,42.59,12.46,3.52,1.93,1.08,0.4,35.38
BATCH_0032,43.36,13.95,3.06,1.93,1.57,0.31,35.57
BATCH_0033,44.45,14.41,2.71,2.16,1.19,0.35,35.94
BATCH_0034,44.89,14.61,3.68,2.0,1.2,0.39,34.81
BATCH_0035,41.85,13.64,2.86,2.07,1.4,0.27,35.98
BATCH_0036,43.38,13.71,3.03,1.99,1.39,0.35,36.0
BATCH_0037,42.87,13.76,3.35,1.95,1.38,0.4,35.79
BATCH_0038,42.23,14.17,3.38,2.04,1.47,0.27,35.29
BATCH_0039,44.07,13.78,3.1,2.37,1.83,0.47,35.09
BATCH_0040,41.54,13.03,3.01,2.11,1.5,0.33,35.83
BATCH_0041,43.75,12.89,3.2,1.97,1.06,0.5,35.97
BATCH_0042,42.55,13.65,3.18,2.22,1.44,0.27,35.68
BATCH_0043,43.6,13.67,3.54,2.08,1.31,0.49,36.33
BATCH_0044,43.27,14.44,3.04,2.38,1.86,0.36,35.73
BATCH_0045,42.24,14.21,3.15,1.93,1.86,0.33,35.27
BATCH_0046,42.45,14.08,3.03,2.23,1.44,0.25,36.02
BATCH_0047,42.44,13.8,3.41,1.89,0.7,0.31,35.95
BATCH_0048,44.16,14.5,3.61,2.23,1.37,0.41,36.17
BATCH_0049,43.44,13.56,3.36,2.11,1.64,0.26,36.06
BATCH_0050,44.61,13.76,3.03,2.48,1.11,0.18,34.55
BATCH_0051,44.01,13.68,2.99,1.97,1.41,0.38,35.3
BATCH_0052,43.38,14.23,3.17,2.39,1.26,0.58,34.57
BATCH_0053,43.53,14.09,3.19,1.99,1.35,0.36,35.89
BATCH_0054,42.69,14.14,3.62,2.28,1.41,0.34,35.88
BATCH_0055,42.27,13.48,3.39,2.33,1.99,0.39,34.66
BATCH_0056,43.4,14.43,3.71,2.01,1.62,0.4,35.24
BATCH_0057,43.49,13.63,2.7,2.09,1.37,0.51,36.44
BATCH_0058,43.27,13.03,3.5,2.0,1.09,0.36,34.65
BATCH_0059,43.24,13.39,3.16,1.89,1.36,0.44,35.04
BATCH_0060,42.64,14.95,3.14,2.14,1.57,0.45,35.85
BATCH_0061,44.1,13.65,3.3,2.39,1.51,0.44,34.71
BATCH_0062,42.31,12.51,3.01,1.84,1.73,0.5,35.89
BATCH_0063,42.97,14.04,3.14,2.21,1.39,0.3,36.13
BATCH_0064,43.29,13.0,3.02,2.16,1.08,0.44,35.86
BATCH_0065,44.23,13.62,3.12,2.25,1.55,0.33,35.72
BATCH_0066,43.24,13.71,3.49,2.54,1.29,0.26,34.69
BATCH_0067,42.67,13.68,2.97,2.11,1.28,0.47,34.95
BATCH_0068,43.68,13.25,3.25,1.82,1.38,0.31,36.42
BATCH_0069,43.65,14.15,2.88,1.92,1.26,0.38,34.76
BATCH_0070,43.27,13.74,3.48,2.04,1.45,0.43,36.36
BATCH_0071,42.61,14.12,2.44,2.11,1.33,0.3,35.71
BATCH_0072,43.01,14.69,3.24,2.03,1.28,0.37,34.62
BATCH_0073,44.29,13.61,3.46,2.25,1.39,0.38,35.24
BATCH_0074,43.04,14.83,2.79,1.78,1.69,0.38,35.15
BATCH_0075,42.13,13.84,3.23,2.44,1.35,0.41,34.63
BATCH_0076,44.1,13.35,2.77,2.4,1.34,0.37,36.03
BATCH_0077,43.7,13.67,3.02,1.84,1.05,0.21,34.76
BATCH_0078,43.64,14.24,3.4,2.33,1.44,0.27,35.42
BATCH_0079,43.5,14.34,3.01,2.2,1.35,0.4,35.88
BATCH_0080,42.49,14.19,3.16,2.18,1.22,0.36,34.51
BATCH_0081,43.31,13.39,3.76,2.48,1.73,0.5,35.78
BATCH_0082,43.13,13.73,3.65,2.23,1.2,0.59,35.37
BATCH_0083,44.13,13.68,3.09,2.18,1.36,0.54,35.1
BATCH_0084,43.11,13.68,2.94,1.93,1.35,0.44,35.81
BATCH_0085,43.1,13.44,3.47,1.92,1.18,0.46,36.37
BATCH_0086,43.59,14.22,3.25,2.03,1.23,0.41,34.73
BATCH_0087,42.63,14.16,2.99,2.0,1.63,0.32,34.6
BATCH_0088,42.82,14.49,3.23,1.81,1.58,0.33,35.81
BATCH_0089,43.47,14.26,3.14,1.87,1.25,0.42,34.87
BATCH_0090,43.72,14.0,3.26,2.03,1.47,0.37,35.55
BATCH_0091,42.69,13.55,3.0,1.69,1.55,0.53,35.92
BATCH_0092,43.98,12.99,3.24,2.49,1.2,0.33,36.17
BATCH_0093,43.33,14.46,3.28,2.09,1.36,0.31,35.42
BATCH_0094,43.0,13.59,3.19,2.04,1.56,0.24,35.58
BATCH_0095,43.79,15.41,2.66,1.96,1.69,0.36,36.26
BATCH_0096,43.31,14.13,3.21,2.44,1.28,0.42,35.8
BATCH_0097,44.18,13.45,3.34,2.65,1.48,0.38,34.51
BATCH_0098,43.44,14.11,2.73,2.28,1.3,0.41,35.32
BATCH_0099,44.3,14.49,3.55,1.75,1.44,0.48,36.38
BATCH_0100,42.62,14.87,2.84,2.28,1.6,0.33,36.19
BATCH_0101,42.97,13.07,2.91,2.01,1.41,0.38,35.25
BATCH_0102,43.69,13.8,3.07,2.08,1.38,0.36,34.56
BATCH_0103,43.36,13.09,3.67,2.15,1.36,0.52,35.58
BATCH_0104,44.19,14.98,2.83,2.2,1.31,0.39,35.3
BATCH_0105,43.09,13.1,3.2,2.18,1.45,0.5,36.39
BATCH_0106,43.02,13.71,3.14,2.33,1.52,0.11,36.41
BATCH_0107,42.72,14.31,3.35,2.24,1.48,0.34,34.92
BATCH_0108,41.5,13.93,3.2,1.94,1.53,0.49,34.72
BATCH_0109,42.43,14.0,3.2,2.3,1.84,0.27,35.22
BATCH_0110,42.57,13.55,3.04,2.13,1.24,0.51,35.49
BATCH_0111,43.06,14.37,3.13,2.25,1.39,0.6,36.08
BATCH_0112,43.2,14.16,2.77,1.64,1.29,0.28,35.22
BATCH_0113,42.53,13.55,3.58,2.26,1.62,0.26,35.72
BATCH_0114,45.37,14.27,3.19,2.05,1.4,0.45,35.31
BATCH_0115,44.09,12.99,3.4,2.24,0.95,0.31,35.2
BATCH_0116,42.86,13.61,3.58,2.21,1.18,0.42,34.95
BATCH_0117,42.22,13.71,3.21,2.22,1.4,0.24,34.79
BATCH_0118,41.76,14.08,3.81,1.83,1.44,0.33,34.98
BATCH_0119,43.76,13.68,3.39,1.85,1.26,0.29,35.5
BATCH_0120,41.52,14.4,2.99,2.26,1.01,0.49,36.01
BATCH_0121,43.9,13.63,3.62,2.02,1.33,0.05,35.06
BATCH_0122,43.81,14.52,2.67,2.16,1.3,0.39,35.89
BATCH_0123,43.98,14.15,3.06,1.87,1.69,0.23,35.15
BATCH_0124,45.0,15.67,3.38,2.06,1.51,0.49,34.71
BATCH_0125,43.77,13.85,2.48,2.09,1.49,0.35,35.95
BATCH_0126,41.26,14.46,3.06,1.93,1.54,0.36,36.1
BATCH_0127,44.3,13.28,2.99,2.07,1.26,0.49,35.74
BATCH_0128,42.33,13.23,3.3,2.09,1.41,0.32,34.7
BATCH_0129,43.28,14.04,3.17,2.14,1.44,0.32,35.81
BATCH_0130,42.99,13.77,2.74,2.2,1.51,0.39,35.86
BATCH_0131,43.21,13.75,3.67,2.36,1.56,0.3,35.95
BATCH_0132,43.98,14.33,2.97,2.11,1.54,0.38,35.73
BATCH_0133,43.68,13.91,3.06,1.75,1.26,0.4,35.39
BATCH_0134,42.9,13.43,2.87,1.93,1.99,0.52,35.87
BATCH_0135,41.94,13.81,3.33,2.27,1.43,0.42,35.61
BATCH_0136,43.0,13.61,3.93,2.19,1.12,0.34,35.21
BATCH_0137,43.43,13.25,3.1,1.94,1.49,0.32,35.57
BATCH_0138,43.45,14.86,3.31,2.18,1.39,0.52,34.52
BATCH_0139,43.37,13.46,3.14,1.97,1.34,0.53,36.44
BATCH_0140,43.74,14.2,2.98,2.12,1.49,0.55,34.51
BATCH_0141,43.69,14.67,3.44,2.16,1.77,0.51,36.32
BATCH_0142,42.38,14.71,3.35,2.31,1.27,0.49,34.65
BATCH_0143,43.84,14.26,2.92,2.39,1.31,0.39,36.13
BATCH_0144,43.88,14.17,2.89,2.05,1.39,0.39,34.69
BATCH_0145,44.79,13.5,2.79,1.99,1.54,0.42,35.66
BATCH_0146,44.97,13.8,3.5,2.37,1.25,0.35,35.25
BATCH_0147,42.32,15.64,2.87,2.04,1.07,0.45,36.42
BATCH_0148,43.77,13.32,3.47,1.97,1.45,0.48,36.27
BATCH_0149,41.67,13.52,3.02,2.31,1.2,0.32,36.45
BATCH_0150,43.37,15.42,3.3,1.9,1.38,0.22,34.77
BATCH_0151,44.3,13.88,2.84,2.0,1.74,0.39,35.13
BATCH_0152,45.2,13.7,3.29,1.8,1.7,0.28,35.66
BATCH_0153,43.3,13.29,3.32,2.19,1.5,0.3,35.23
BATCH_0154,42.36,13.4,3.29,2.06,0.95,0.19,35.47
BATCH_0155,42.61,13.8,3.22,2.0,1.64,0.38,35.52
BATCH_0156,43.82,14.91,3.15,2.23,1.42,0.53,34.97
BATCH_0157,43.5,14.12,2.91,1.9,1.6,0.5,36.39
BATCH_0158,43.03,12.82,3.56,2.26,1.49,0.55,35.5
BATCH_0159,43.41,14.83,3.18,1.73,1.56,0.24,34.74
BATCH_0160,43.09,13.86,2.86,2.58,1.7,0.46,35.15
BATCH_0161,41.93,14.19,2.64,2.31,1.49,0.44,34.95
BATCH_0162,42.83,14.49,2.64,2.02,1.44,0.44,36.12
BATCH_0163,43.36,14.09,3.14,1.97,0.96,0.51,35.73
BATCH_0164,43.49,13.6,3.17,1.99,1.1,0.43,34.86
BATCH_0165,43.34,14.55,3.13,2.33,1.55,0.38,34.79
BATCH_0166,43.08,14.15,2.99,2.27,1.73,0.51,36.11
BATCH_0167,42.44,13.67,2.86,2.17,1.33,0.35,34.67
BATCH_0168,43.24,14.07,3.49,1.9,1.49,0.37,35.3
BATCH_0169,43.81,13.33,3.2,1.97,1.01,0.33,34.67
BATCH_0170,43.11,13.55,2.92,2.22,1.14,0.48,34.61
BATCH_0171,42.86,13.68,3.38,2.32,1.61,0.42,35.84
BATCH_0172,42.34,13.39,2.97,2.27,1.58,0.45,34.53
BATCH_0173,42.47,14.23,3.52,2.17,1.34,0.19,35.75
BATCH_0174,43.37,14.36,3.2,2.67,1.07,0.51,35.83
BATCH_0175,43.79,13.12,3.56,2.45,1.63,0.28,35.09
BATCH_0176,43.27,14.13,2.94,2.11,0.97,0.49,36.2
BATCH_0177,44.29,14.49,2.96,2.02,1.22,0.43,35.31
BATCH_0178,43.15,13.21,3.54,2.56,1.44,0.31,34.89
BATCH_0179,42.73,15.1,3.38,1.92,0.99,0.48,35.23
BATCH_0180,42.67,13.7,3.22,1.67,1.49,0.3,36.44
BATCH_0181,41.58,14.69,2.95,2.03,1.18,0.36,35.7
BATCH_0182,41.78,13.32,3.18,2.08,1.79,0.26,36.32
BATCH_0183,44.44,13.75,3.02,2.27,1.37,0.29,35.84
BATCH_0184,43.6,14.46,3.34,2.37,1.5,0.39,35.61
BATCH_0185,42.11,13.67,3.04,1.99,1.29,0.39,34.66
BATCH_0186,43.36,13.0,3.08,2.13,1.31,0.38,35.62
BATCH_0187,43.3,14.1,2.93,2.33,1.12,0.34,35.33
BATCH_0188,43.65,13.48,3.57,1.92,1.74,0.23,36.46
BATCH_0189,40.84,13.49,3.54,1.75,1.16,0.43,35.84
BATCH_0190,42.2,13.78,3.04,1.79,1.47,0.65,35.72
BATCH_0191,44.04,13.91,3.58,2.18,1.71,0.36,34.89
BATCH_0192,43.26,13.02,2.99,1.92,1.65,0.36,34.68
BATCH_0193,43.2,14.49,2.86,2.25,1.56,0.48,34.78
BATCH_0194,41.96,14.01,2.61,2.11,1.78,0.31,35.96
BATCH_0195,41.84,13.11,3.19,1.95,1.34,0.35,36.41
BATCH_0196,42.88,13.36,3.31,2.16,1.64,0.27,35.52
BATCH_0197,42.88,14.43,3.3,2.03,1.13,0.42,35.45
BATCH_0198,42.69,14.0,3.48,2.06,1.61,0.55,36.26
BATCH_0199,43.21,14.43,2.86,2.1,1.44,0.34,35.38
BATCH_0200,43.91,13.73,3.06,2.07,1.33,0.27,35.14
BATCH_0201,43.1,13.53,3.03,2.32,1.78,0.34,34.57
BATCH_0202,44.1,13.5,2.97,1.95,1.05,0.45,36.14
BATCH_0203,43.64,13.52,2.96,2.12,1.36,0.42,34.75
BATCH_0204,43.79,14.29,2.9,2.18,1.23,0.41,35.51
BATCH_0205,42.86,13.6,3.28,2.27,1.15,0.29,35.76
BATCH_0206,44.18,13.52,3.16,1.81,1.3,0.45,35.89
BATCH_0207,43.63,13.67,3.4,1.94,1.6,0.41,34.75
BATCH_0208,41.82,13.68,3.29,2.14,1.03,0.31,36.26
BATCH_0209,43.34,14.14,3.44,2.22,1.33,0.51,36.09
BATCH_0210,41.85,13.74,3.17,2.21,1.59,0.39,36.0
BATCH_0211,41.53,14.32,3.03,2.14,1.6,0.35,35.96
BATCH_0212,45.17,14.14,3.03,1.98,1.38,0.38,35.91
BATCH_0213,44.51,12.9,3.22,2.12,1.15,0.44,34.83
BATCH_0214,41.68,13.52,2.61,2.25,0.99,0.4,35.82
BATCH_0215,42.56,13.43,3.67,2.11,1.42,0.33,34.65
BATCH_0216,44.64,14.28,3.46,1.82,1.17,0.12,34.7
BATCH_0217,42.35,13.82,3.61,1.77,1.45,0.35,35.62
BATCH_0218,43.37,13.98,2.84,2.31,1.51,0.33,34.9
BATCH_0219,43.15,13.5,3.22,2.11,1.42,0.31,34.54
BATCH_0220,43.74,13.45,3.16,2.11,1.1,0.32,36.36
BATCH_0221,42.44,14.25,3.16,2.04,1.15,0.39,35.39
BATCH_0222,43.15,14.0,3.47,2.1,1.52,0.56,35.24
BATCH_0223,42.98,13.99,3.27,2.35,1.03,0.41,35.33
BATCH_0224,43.19,13.98,3.74,2.03,1.46,0.35,35.19
BATCH_0225,44.0,13.65,3.11,2.25,1.54,0.42,35.45
BATCH_0226,42.43,13.12,3.12,1.99,1.56,0.21,35.52
BATCH_0227,43.34,14.96,3.59,1.98,1.32,0.29,35.59
BATCH_0228,43.35,15.12,3.35,2.09,1.62,0.42,34.52
BATCH_0229,41.5,13.44,3.79,2.15,1.59,0.31,36.43
BATCH_0230,42.5,13.92,3.06,2.14,1.7,0.46,35.93
BATCH_0231,42.67,13.06,3.29,2.09,1.17,0.31,35.91
BATCH_0232,42.66,14.34,3.71,2.02,1.54,0.28,35.11
BATCH_0233,41.43,13.75,3.21,1.83,1.17,0.32,35.54
BATCH_0234,42.73,13.82,3.0,2.14,1.05,0.35,35.42
BATCH_0235,42.83,13.43,3.37,2.07,1.62,0.44,34.72
BATCH_0236,43.09,14.31,3.17,2.02,1.51,0.49,34.76
BATCH_0237,42.31,14.35,2.97,2.03,1.34,0.41,35.82
BATCH_0238,43.7,14.21,2.62,1.95,1.22,0.41,34.88
BATCH_0239,43.87,14.64,3.67,2.2,1.19,0.46,34.55
BATCH_0240,41.94,14.43,2.84,2.16,1.23,0.46,35.07
BATCH_0241,42.74,12.68,3.27,2.09,1.19,0.3,36.01
BATCH_0242,42.67,13.24,3.15,1.92,1.32,0.43,35.1
BATCH_0243,44.3,13.95,3.53,2.34,1.18,0.48,36.28
BATCH_0244,43.11,13.77,3.32,2.05,1.68,0.48,35.97
BATCH_0245,42.98,14.06,2.99,1.93,1.44,0.41,34.53
BATCH_0246,42.14,14.89,3.03,2.27,1.44,0.3,36.46
BATCH_0247,44.41,13.73,3.61,2.04,1.59,0.42,36.49
BATCH_0248,43.25,13.61,3.54,1.53,1.4,0.39,36.02
BATCH_0249,42.66,14.97,2.77,2.09,1.11,0.53,36.23
BATCH_0250,43.24,14.17,3.41,2.53,1.34,0.31,35.17
BATCH_0251,42.09,14.37,2.92,2.14,1.15,0.47,36.47
BATCH_0252,43.13,13.95,3.49,2.21,1.36,0.38,34.97
BATCH_0253,43.64,14.13,3.37,1.99,1.31,0.48,35.47
BATCH_0254,44.63,13.81,2.84,2.09,1.19,0.45,35.87
BATCH_0255,45.0,15.02,3.15,1.93,1.52,0.36,34.76
BATCH_0256,42.14,13.65,3.51,2.26,1.4,0.3,34.75
BATCH_0257,41.85,14.05,3.18,2.39,1.25,0.37,35.48
BATCH_0258,42.96,12.84,2.98,2.23,1.69,0.36,35.02
BATCH_0259,43.81,13.68,2.69,2.17,1.6,0.53,35.49
BATCH_0260,44.25,14.12,2.55,1.99,1.29,0.45,36.37
BATCH_0261,41.97,13.37,2.43,2.04,1.29,0.42,35.0
BATCH_0262,44.09,14.62,2.94,2.2,1.53,0.35,35.09
BATCH_0263,42.81,14.03,2.79,1.81,1.48,0.36,36.05
BATCH_0264,44.42,14.58,3.7,2.16,1.52,0.54,36.19
BATCH_0265,43.03,13.91,3.32,2.1,1.34,0.34,34.74
BATCH_0266,43.49,12.97,3.14,2.31,1.39,0.45,35.93
BATCH_0267,41.33,13.23,3.33,1.65,1.3,0.51,35.26
BATCH_0268,43.1,14.14,3.0,2.09,1.54,0.71,35.22
BATCH_0269,43.25,13.97,3.03,2.1,1.56,0.41,35.05
BATCH_0270,44.36,13.81,2.83,2.35,1.55,0.45,34.83
BATCH_0271,43.19,12.72,3.0,1.72,1.49,0.48,36.48
BATCH_0272,43.23,14.76,3.19,2.16,1.16,0.38,36.33
BATCH_0273,43.28,13.55,3.35,2.11,1.25,0.4,35.04
BATCH_0274,42.51,13.84,3.51,2.2,1.45,0.41,35.04
BATCH_0275,43.87,14.73,2.98,1.77,1.33,0.31,35.35
BATCH_0276,43.63,14.24,2.99,1.97,1.29,0.45,34.97
BATCH_0277,43.16,12.75,3.24,1.93,1.17,0.4,36.43
BATCH_0278,42.03,12.69,3.16,2.1,1.44,0.36,35.62
BATCH_0279,42.4,12.89,3.33,2.22,1.28,0.37,35.41
BATCH_0280,43.46,13.5,3.05,1.86,1.76,0.4,36.03
BATCH_0281,45.19,14.03,3.4,2.05,1.24,0.42,35.83
BATCH_0282,42.78,12.91,2.95,1.87,1.32,0.33,34.86
BATCH_0283,45.1,14.03,3.35,2.02,1.62,0.29,35.61
BATCH_0284,41.85,13.25,3.6,2.07,1.42,0.48,35.99
BATCH_0285,44.92,12.94,3.12,1.97,1.36,0.54,36.04
BATCH_0286,43.43,14.52,2.97,2.0,1.3,0.32,34.67
BATCH_0287,43.57,14.01,3.58,2.14,1.23,0.24,35.96
BATCH_0288,42.08,13.12,2.87,2.09,1.49,0.47,35.35
BATCH_0289,42.88,13.02,3.85,1.88,1.62,0.25,34.82
BATCH_0290,41.82,14.49,3.14,2.32,1.29,0.35,34.67
BATCH_0291,43.05,12.36,2.76,2.02,1.14,0.48,36.36
BATCH_0292,43.49,12.96,3.07,2.12,1.74,0.29,34.6
BATCH_0293,43.55,14.3,3.23,1.98,1.29,0.44,36.12
BATCH_0294,42.56,13.57,3.08,2.3,1.32,0.61,35.78
BATCH_0295,42.1,13.74,2.96,1.94,1.76,0.49,35.36
BATCH_0296,42.43,13.43,3.54,2.1,1.36,0.39,36.11
BATCH_0297,42.74,14.24,3.71,1.64,1.63,0.46,35.39
BATCH_0298,43.23,14.21,3.53,2.24,1.45,0.3,34.99
BATCH_0299,42.44,14.53,3.09,2.4,1.84,0.38,35.61
BATCH_0300,43.58,13.93,2.82,2.02,1.58,0.4,35.33
BATCH_0301,43.15,13.05,3.38,2.18,1.7,0.51,35.84
BATCH_0302,40.65,14.62,3.43,1.75,1.28,0.56,36.15
BATCH_0303,43.42,13.79,2.99,2.23,1.08,0.4,34.69
BATCH_0304,43.36,14.61,3.31,2.0,1.21,0.37,34.85
BATCH_0305,43.46,13.88,3.04,2.02,1.53,0.37,35.63
BATCH_0306,43.28,13.18,3.46,2.18,1.48,0.36,36.31
BATCH_0307,43.29,14.0,3.18,2.02,1.32,0.47,35.14
BATCH_0308,43.18,13.21,3.19,1.85,1.68,0.26,34.66
BATCH_0309,41.8,15.5,3.08,2.14,1.29,0.34,35.39
BATCH_0310,41.63,13.86,2.71,1.6,1.46,0.41,35.48
BATCH_0311,43.09,12.4,2.81,2.17,1.46,0.47,35.46
BATCH_0312,42.66,12.8,3.17,2.11,1.43,0.54,35.15
BATCH_0313,41.74,13.59,3.18,2.36,1.03,0.44,35.35
BATCH_0314,42.69,13.44,3.0,1.96,1.27,0.36,35.42
BATCH_0315,44.08,13.96,2.78,2.0,1.37,0.23,35.04
BATCH_0316,43.06,14.44,2.93,2.02,1.36,0.11,35.49
BATCH_0317,43.35,13.16,3.17,2.22,1.6,0.24,35.59
BATCH_0318,44.32,15.14,2.8,2.25,1.4,0.25,35.73
BATCH_0319,44.76,13.21,3.86,1.98,1.13,0.38,36.39
BATCH_0320,44.69,14.17,3.27,2.2,1.2,0.56,35.99
BATCH_0321,42.94,14.18,2.89,2.21,1.1,0.51,35.66
BATCH_0322,43.07,14.38,3.27,2.18,1.9,0.37,35.8
BATCH_0323,42.56,13.89,3.38,2.25,1.57,0.5,35.14
BATCH_0324,43.51,14.7,3.22,2.31,1.93,0.46,35.18
BATCH_0325,42.45,14.84,2.88,2.36,1.55,0.53,36.37
BATCH_0326,43.87,13.86,3.15,1.93,1.41,0.47,36.47
BATCH_0327,42.42,14.44,2.91,2.19,1.25,0.44,34.84
BATCH_0328,43.47,13.47,3.76,2.11,1.24,0.29,35.26
BATCH_0329,42.87,12.94,3.59,2.27,1.3,0.34,35.6
BATCH_0330,44.62,13.43,3.54,2.07,1.37,0.44,35.26
BATCH_0331,42.55,13.74,3.59,2.07,1.62,0.44,35.64
BATCH_0332,42.7,13.14,3.89,2.47,1.17,0.56,36.45
BATCH_0333,42.78,12.07,3.34,2.26,1.06,0.39,36.1
BATCH_0334,43.01,13.24,3.6,2.29,1.28,0.45,34.74
BATCH_0335,42.85,13.14,3.3,1.9,1.45,0.41,36.3
BATCH_0336,42.11,13.83,3.23,2.14,1.58,0.5,36.29
BATCH_0337,42.55,13.59,2.94,1.96,1.58,0.39,35.05
BATCH_0338,44.19,14.23,3.9,1.99,1.59,0.39,34.94
BATCH_0339,43.36,13.66,3.12,2.0,1.32,0.49,34.99
BATCH_0340,41.33,13.66,3.84,1.79,1.0,0.25,35.01
BATCH_0341,43.56,13.88,3.83,1.82,1.41,0.44,35.87
BATCH_0342,42.39,14.29,3.24,1.84,1.58,0.26,35.06
BATCH_0343,42.61,13.58,3.49,2.37,1.5,0.39,35.58
BATCH_0344,43.32,13.6,2.8,2.04,1.5,0.45,35.23
BATCH_0345,42.73,13.05,3.54,1.86,1.52,0.23,35.17
BATCH_0346,41.55,14.17,3.51,1.92,1.35,0.43,35.51
BATCH_0347,43.69,14.53,3.34,1.94,1.05,0.31,35.91
BATCH_0348,42.1,14.65,3.67,2.28,1.25,0.37,34.54
BATCH_0349,43.65,13.81,3.07,2.14,1.52,0.33,35.38
BATCH_0350,41.62,13.69,3.22,2.03,1.08,0.32,35.52
BATCH_0351,44.48,13.6,3.41,2.09,0.8,0.29,36.11
BATCH_0352,43.34,14.49,3.02,1.9,1.45,0.22,34.6
BATCH_0353,43.66,14.73,2.86,2.02,1.48,0.25,35.29
BATCH_0354,43.81,14.38,2.83,2.54,1.55,0.4,34.68
BATCH_0355,43.41,13.12,2.95,1.95,1.26,0.36,36.02
BATCH_0356,43.7,13.24,3.53,2.14,1.45,0.37,35.33
BATCH_0357,42.8,12.76,3.23,2.08,1.3,0.42,35.09
BATCH_0358,43.84,13.77,3.2,2.13,1.3,0.31,34.77
BATCH_0359,43.13,14.28,3.15,2.34,1.17,0.37,36.41
BATCH_0360,44.14,13.75,3.72,2.27,1.51,0.51,35.15
BATCH_0361,42.86,14.03,3.29,2.25,1.39,0.5,36.04
BATCH_0362,42.74,13.69,3.47,1.95,1.35,0.44,34.85
BATCH_0363,42.34,14.89,3.42,2.19,1.37,0.28,35.54
BATCH_0364,44.08,13.12,2.87,2.24,1.38,0.35,36.22
BATCH_0365,43.43,13.51,3.01,1.98,1.12,0.35,35.38
BATCH_0366,42.42,14.13,3.42,1.98,1.1,0.4,35.62
BATCH_0367,42.93,13.02,2.83,2.27,1.4,0.37,34.95
BATCH_0368,43.34,13.62,3.01,2.28,1.23,0.58,35.51
BATCH_0369,42.45,13.47,2.94,2.27,0.96,0.31,35.21
BATCH_0370,42.56,13.48,2.98,1.87,1.39,0.25,34.89
BATCH_0371,43.86,13.37,2.93,2.02,1.31,0.48,36.4
BATCH_0372,43.14,13.16,2.97,2.27,1.45,0.4,35.51
BATCH_0373,42.63,13.65,3.5,1.83,1.2,0.24,35.65
BATCH_0374,43.65,13.59,3.26,2.21,1.28,0.39,36.21
BATCH_0375,43.79,13.66,3.32,1.93,1.17,0.25,35.8
BATCH_0376,43.2,14.04,3.44,1.74,1.54,0.38,36.16
BATCH_0377,45.22,12.16,3.14,2.35,1.6,0.66,34.67
BATCH_0378,41.79,13.24,2.51,1.94,1.55,0.36,35.79
BATCH_0379,40.69,14.46,3.21,2.05,1.6,0.57,35.03
BATCH_0380,43.92,15.04,3.37,2.07,1.47,0.52,35.8
BATCH_0381,43.14,15.43,2.7,2.22,1.26,0.38,35.1
BATCH_0382,44.78,13.58,2.95,2.24,1.31,0.32,36.17
BATCH_0383,42.56,13.38,3.32,2.21,1.42,0.15,36.22
BATCH_0384,42.85,12.56,3.55,1.94,1.23,0.36,34.91
BATCH_0385,44.27,12.67,3.01,2.31,1.26,0.44,36.37
BATCH_0386,43.13,14.39,3.42,2.16,1.49,0.39,36.47
BATCH_0387,41.96,14.82,3.72,2.12,1.05,0.29,35.46
BATCH_0388,42.63,14.57,3.12,2.16,1.21,0.3,35.78
BATCH_0389,44.07,14.36,3.33,2.18,1.45,0.36,35.9
BATCH_0390,43.07,13.41,3.46,2.12,1.44,0.32,35.67
BATCH_0391,43.19,13.23,2.87,2.35,1.62,0.51,34.54
BATCH_0392,42.61,13.49,3.06,2.17,1.49,0.1,35.15
BATCH_0393,42.82,13.82,3.15,1.95,1.42,0.42,35.08
BATCH_0394,43.22,14.53,3.02,2.18,1.57,0.31,35.49
BATCH_0395,43.44,14.34,2.82,2.04,1.28,0.29,34.92
BATCH_0396,43.72,14.04,3.48,2.18,1.34,0.32,36.02
BATCH_0397,43.71,14.16,3.62,2.18,1.56,0.29,35.56
BATCH_0398,43.18,13.65,3.07,2.1,1.17,0.5,34.52
BATCH_0399,43.34,13.38,3.26,1.76,1.56,0.4,35.44
BATCH_0400,42.25,13.17,2.93,2.25,1.28,0.27,35.08
BATCH_0401,44.36,13.13,3.61,2.09,1.41,0.49,35.83
BATCH_0402,42.74,15.07,2.37,2.06,1.75,0.41,34.86
BATCH_0403,43.08,12.98,3.27,2.46,1.08,0.3,35.75
BATCH_0404,43.28,13.54,3.04,1.88,1.31,0.19,36.05
BATCH_0405,43.39,13.52,2.52,2.23,1.63,0.25,36.17
BATCH_0406,42.88,13.07,3.55,1.98,1.18,0.4,34.77
BATCH_0407,44.0,14.43,3.31,2.05,1.48,0.48,34.91
BATCH_0408,43.48,13.36,2.93,1.97,1.32,0.4,35.89
BATCH_0409,43.3,12.88,3.39,2.12,1.51,0.29,35.0
BATCH_0410,41.34,13.85,3.07,2.1,1.59,0.34,35.66
BATCH_0411,43.4,14.8,3.37,2.23,1.54,0.31,34.96
BATCH_0412,43.68,13.32,3.14,2.41,1.6,0.49,35.04
BATCH_0413,42.18,14.33,3.5,2.23,1.36,0.45,34.52
BATCH_0414,42.93,13.06,3.15,2.39,1.43,0.4,35.18
BATCH_0415,43.29,12.76,3.43,2.13,1.19,0.58,34.53
BATCH_0416,41.93,13.02,3.59,2.24,1.19,0.46,35.42
BATCH_0417,42.63,14.01,3.53,2.04,1.64,0.22,36.22
BATCH_0418,41.99,13.61,3.24,1.73,1.23,0.33,36.11
BATCH_0419,42.73,14.1,3.51,1.9,1.6,0.49,36.28
BATCH_0420,42.95,13.58,3.18,2.01,1.53,0.36,36.38
BATCH_0421,43.28,12.75,3.38,1.53,1.19,0.56,35.16
BATCH_0422,42.67,14.0,3.03,2.18,1.14,0.38,35.63
BATCH_0423,43.01,14.59,3.1,1.7,1.36,0.42,34.57
BATCH_0424,43.01,14.13,3.1,2.1,1.35,0.35,35.96
BATCH_0425,42.0,14.16,3.47,2.08,1.54,0.15,36.03
BATCH_0426,44.08,13.81,2.78,2.3,1.35,0.26,36.0
BATCH_0427,43.47,13.99,3.6,1.75,1.21,0.48,35.24
BATCH_0428,43.41,13.3,3.27,2.03,1.46,0.46,34.84
BATCH_0429,44.68,12.99,3.4,2.23,1.63,0.41,36.35
BATCH_0430,41.57,13.23,2.26,2.07,1.17,0.41,35.28
BATCH_0431,43.15,13.84,3.3,1.91,1.35,0.44,36.2
BATCH_0432,43.27,13.63,3.25,1.9,1.42,0.42,34.83
BATCH_0433,43.98,13.56,3.63,2.08,1.69,0.44,35.53
BATCH_0434,44.24,14.5,3.33,2.13,0.92,0.33,35.5
BATCH_0435,43.04,13.24,3.27,1.94,1.41,0.28,36.35
BATCH_0436,41.82,13.73,2.93,2.22,1.08,0.43,35.56
BATCH_0437,41.57,13.2,2.87,2.14,1.51,0.43,35.0
BATCH_0438,42.78,14.47,3.68,2.41,1.55,0.37,35.77
BATCH_0439,42.92,13.64,3.83,2.22,1.27,0.41,36.29
BATCH_0440,43.76,14.18,2.96,1.9,1.3,0.42,34.81
BATCH_0441,41.95,13.26,2.27,2.11,1.66,0.3,36.32
BATCH_0442,42.83,13.17,2.64,1.89,1.42,0.54,35.55
BATCH_0443,43.35,14.15,2.86,1.94,1.46,0.3,36.04
BATCH_0444,42.63,12.66,3.17,2.54,1.56,0.62,35.61
BATCH_0445,43.32,13.45,2.65,1.94,1.43,0.31,36.41
BATCH_0446,44.83,14.78,3.22,2.43,1.37,0.38,35.3
BATCH_0447,43.19,13.96,3.62,2.61,1.29,0.38,35.32
BATCH_0448,42.69,13.44,3.4,2.15,1.14,0.36,35.45
BATCH_0449,43.94,12.9,3.5,2.19,1.11,0.41,35.22
BATCH_0450,43.81,13.78,3.27,2.33,1.53,0.38,36.29
BATCH_0451,42.62,13.43,3.33,2.16,1.16,0.44,36.32
BATCH_0452,42.99,13.01,3.26,1.93,1.53,0.62,35.24
BATCH_0453,42.03,13.69,2.78,2.38,1.49,0.46,35.24
BATCH_0454,42.91,13.78,3.77,1.84,1.8,0.48,35.66
BATCH_0455,42.96,12.48,2.99,2.59,1.28,0.58,35.68
BATCH_0456,42.75,13.19,2.68,1.89,1.34,0.42,34.76
BATCH_0457,42.99,12.13,3.32,1.95,1.31,0.4,34.9
BATCH_0458,42.84,14.23,3.48,2.14,0.93,0.4,35.44
BATCH_0459,43.35,14.78,3.02,2.06,1.65,0.58,34.67
BATCH_0460,43.11,13.68,3.07,2.31,1.19,0.43,35.89
BATCH_0461,42.18,14.15,3.94,2.08,1.59,0.3,34.51
BATCH_0462,42.2,13.1,3.58,1.87,1.5,0.34,35.82
BATCH_0463,44.28,14.3,3.41,2.08,1.34,0.57,35.28
BATCH_0464,43.39,14.07,3.33,1.78,1.18,0.41,35.22
BATCH_0465,40.57,13.11,2.86,2.14,1.65,0.39,35.91
BATCH_0466,43.1,13.53,2.85,2.03,1.62,0.46,35.93
BATCH_0467,42.99,14.24,3.18,2.07,0.91,0.48,35.04
BATCH_0468,43.11,13.64,2.61,2.04,1.58,0.45,36.09
BATCH_0469,44.87,12.74,3.69,2.14,1.72,0.36,34.56
BATCH_0470,43.77,13.62,3.4,1.96,0.98,0.36,34.82
BATCH_0471,42.56,13.83,3.18,1.81,1.44,0.41,35.16
BATCH_0472,43.66,13.05,3.09,1.98,1.3,0.49,34.81
BATCH_0473,42.82,12.86,2.97,2.47,1.26,0.39,35.82
BATCH_0474,44.15,13.85,2.67,2.04,1.49,0.37,35.52
BATCH_0475,43.94,13.65,2.92,1.91,1.58,0.25,34.55
BATCH_0476,42.41,13.31,3.13,2.16,1.37,0.44,36.02
BATCH_0477,43.59,13.35,2.26,2.26,1.5,0.54,35.6
BATCH_0478,42.95,14.43,2.85,2.03,1.59,0.37,34.86
BATCH_0479,42.0,13.4,3.03,2.42,1.55,0.34,36.02
BATCH_0480,43.18,13.86,3.55,2.42,1.26,0.48,35.46
BATCH_0481,42.35,13.65,2.98,2.07,1.36,0.31,35.51
BATCH_0482,43.17,14.04,3.21,2.37,1.55,0.4,35.75
BATCH_0483,43.35,13.78,3.15,1.92,1.52,0.37,34.55
BATCH_0484,44.03,13.49,2.72,2.4,1.81,0.55,35.95
BATCH_0485,41.83,13.4,3.3,2.25,1.51,0.2,34.61
BATCH_0486,44.58,14.05,3.75,2.21,1.61,0.37,36.21
BATCH_0487,43.95,14.16,3.49,2.42,1.62,0.42,34.86
BATCH_0488,42.98,13.51,3.05,2.18,1.53,0.42,35.39
BATCH_0489,42.94,14.22,3.41,2.02,1.41,0.54,35.45
BATCH_0490,43.05,13.76,2.69,2.18,1.38,0.56,36.44
BATCH_0491,42.95,13.35,3.13,2.09,1.3,0.51,35.04
BATCH_0492,42.39,13.55,3.29,2.06,1.59,0.25,34.54
BATCH_0493,44.52,14.03,3.16,2.15,1.31,0.2,35.06
BATCH_0494,43.4,13.51,2.95,1.88,1.95,0.37,35.31
BATCH_0495,42.29,13.09,2.66,1.98,1.42,0.3,35.93
BATCH_0496,42.52,13.37,3.24,1.89,1.48,0.48,35.77
BATCH_0497,42.21,13.76,2.84,2.02,1.13,0.25,34.95
BATCH_0498,42.68,14.32,3.35,2.06,1.68,0.38,36.08
BATCH_0499,43.54,14.73,3.23,1.89,1.64,0.34,36.26
BATCH_0500,42.67,14.0,2.96,1.89,0.99,0.52,34.93
BATCH_0501,40.82,13.3,2.81,2.19,1.47,0.44,36.06
BATCH_0502,43.17,13.26,3.37,2.02,1.16,0.31,35.33
BATCH_0503,44.13,13.72,3.12,2.01,1.33,0.42,35.6
BATCH_0504,44.49,12.76,2.96,1.99,1.32,0.47,34.71
BATCH_0505,43.88,13.6,3.08,2.2,1.27,0.42,36.42
BATCH_0506,43.44,14.75,3.24,2.31,1.52,0.36,35.18
BATCH_0507,44.26,13.0,3.44,2.27,1.68,0.4,35.06
BATCH_0508,44.08,13.65,3.26,1.83,1.77,0.52,35.33
BATCH_0509,42.29,14.83,3.01,2.29,1.49,0.46,35.99
BATCH_0510,43.52,13.84,3.37,2.05,1.31,0.6,35.41
BATCH_0511,43.02,13.84,3.07,1.79,1.17,0.4,35.45
BATCH_0512,41.35,14.28,3.46,2.04,1.65,0.51,36.01
BATCH_0513,44.98,12.96,2.69,2.26,1.67,0.38,35.52
BATCH_0514,42.42,15.02,3.8,2.08,1.34,0.33,36.47
BATCH_0515,42.93,14.22,3.15,2.06,1.41,0.41,35.45
BATCH_0516,43.1,13.57,2.92,2.15,1.44,0.44,35.24
BATCH_0517,42.78,13.66,3.19,2.06,1.43,0.4,36.03
BATCH_0518,43.73,13.8,3.36,1.94,1.71,0.5,35.05
BATCH_0519,43.61,13.06,3.16,2.17,1.69,0.4,36.07
BATCH_0520,41.89,13.91,3.37,2.23,1.38,0.28,35.15
BATCH_0521,43.63,13.65,3.27,2.46,1.34,0.46,35.24
BATCH_0522,42.79,14.44,2.87,2.16,1.09,0.42,36.24
BATCH_0523,44.98,13.57,3.15,2.35,1.09,0.46,34.8
BATCH_0524,43.3,13.8,2.87,2.32,1.46,0.44,34.51
BATCH_0525,44.61,14.28,2.85,2.3,1.64,0.29,35.6
BATCH_0526,42.43,13.57,3.37,2.51,1.52,0.45,34.91
BATCH_0527,43.17,13.95,3.03,2.13,1.49,0.5,35.44
BATCH_0528,42.87,13.67,3.16,1.94,1.31,0.37,35.94
BATCH_0529,44.46,14.06,3.44,1.87,1.35,0.48,36.26
BATCH_0530,43.82,14.13,2.99,1.93,1.53,0.33,34.7
BATCH_0531,44.26,13.55,3.86,1.89,1.34,0.45,35.44
BATCH_0532,42.76,13.79,3.22,1.95,1.22,0.47,35.98
BATCH_0533,42.69,13.29,2.66,2.02,1.55,0.31,35.29
BATCH_0534,42.66,13.87,3.56,1.95,1.6,0.32,34.71
BATCH_0535,43.3,14.84,3.38,2.27,1.19,0.43,35.68
BATCH_0536,43.76,14.99,3.24,2.06,1.35,0.41,34.84
BATCH_0537,41.79,13.69,3.42,2.13,1.56,0.52,35.02
BATCH_0538,44.03,13.61,3.0,1.88,1.47,0.3,36.17
BATCH_0539,42.08,13.61,3.21,2.12,1.8,0.38,35.44
BATCH_0540,42.6,13.85,3.12,2.12,1.49,0.44,35.37
BATCH_0541,43.78,13.9,3.38,1.96,1.39,0.38,34.79
BATCH_0542,42.15,13.71,2.68,2.02,1.41,0.31,35.64
BATCH_0543,43.68,12.32,3.0,2.33,1.47,0.28,35.54
BATCH_0544,42.05,13.15,3.27,2.52,1.23,0.37,35.48
BATCH_0545,41.0,13.8,3.03,2.13,1.62,0.4,36.49
BATCH_0546,44.35,14.35,3.0,2.12,1.29,0.32,35.18
BATCH_0547,42.93,14.25,3.07,1.8,1.55,0.54,36.45
BATCH_0548,43.24,14.34,3.38,2.07,1.55,0.44,34.55
BATCH_0549,41.1,14.46,3.22,2.17,1.51,0.59,36.19
BATCH_0550,44.9,13.22,3.27,1.85,1.4,0.44,35.78
BATCH_0551,42.37,14.81,3.13,2.16,1.53,0.41,36.33
BATCH_0552,42.79,12.6,3.0,1.91,1.52,0.33,35.21
BATCH_0553,43.74,13.12,2.92,2.12,1.75,0.46,36.42
BATCH_0554,43.05,13.71,3.9,2.29,1.22,0.41,36.02
BATCH_0555,41.68,13.4,2.93,2.09,1.4,0.26,36.01
BATCH_0556,44.15,14.04,3.2,2.1,1.21,0.45,36.33
BATCH_0557,42.67,14.0,3.57,2.05,1.61,0.49,35.32
BATCH_0558,42.46,14.5,3.57,2.29,1.5,0.41,35.19
BATCH_0559,41.76,13.36,3.26,1.79,1.43,0.3,35.62
BATCH_0560,43.64,13.12,2.91,2.1,1.38,0.26,35.42
BATCH_0561,43.29,12.62,3.13,2.31,1.53,0.44,34.87
BATCH_0562,42.96,14.07,3.31,2.28,1.32,0.47,35.5
BATCH_0563,42.5,15.13,3.47,2.13,1.42,0.43,34.54
BATCH_0564,42.22,15.48,3.05,1.66,1.23,0.27,36.28
BATCH_0565,42.68,14.48,2.98,2.27,1.26,0.37,36.24
BATCH_0566,43.54,13.64,3.58,1.72,1.32,0.44,36.01
BATCH_0567,41.87,14.14,3.09,1.69,1.26,0.58,34.81
BATCH_0568,42.43,14.67,3.63,1.92,1.53,0.28,35.39
BATCH_0569,42.66,12.86,3.04,2.03,1.44,0.51,35.01
BATCH_0570,44.16,13.75,3.41,1.88,1.68,0.61,35.11
BATCH_0571,41.29,14.55,2.76,2.02,1.52,0.39,35.7
BATCH_0572,42.81,12.91,2.51,1.88,1.09,0.43,36.03
BATCH_0573,42.77,13.98,3.11,2.09,1.4,0.35,35.48
BATCH_0574,40.48,14.75,3.44,2.5,1.65,0.56,35.88
BATCH_0575,42.93,14.97,3.15,2.31,1.51,0.37,35.72
BATCH_0576,43.46,13.83,3.48,1.97,1.28,0.4,34.86
BATCH_0577,43.33,13.22,3.08,2.37,1.48,0.35,35.45
BATCH_0578,42.05,13.13,2.95,2.22,1.32,0.38,34.92
BATCH_0579,42.79,14.08,3.11,2.1,1.26,0.4,35.16
BATCH_0580,43.8,14.39,2.8,1.92,1.23,0.33,35.64
BATCH_0581,42.96,13.22,2.92,1.9,1.44,0.37,36.1
BATCH_0582,43.17,13.48,2.89,2.04,1.73,0.26,34.65
BATCH_0583,43.42,13.83,3.12,1.99,1.41,0.51,34.78
BATCH_0584,43.96,13.99,3.0,2.07,0.97,0.42,35.12
BATCH_0585,43.28,14.25,3.44,2.43,1.33,0.35,35.08
BATCH_0586,43.76,14.28,3.17,2.26,1.28,0.36,35.99
BATCH_0587,42.76,13.64,3.0,1.95,1.62,0.15,34.8
BATCH_0588,42.66,14.14,2.7,2.3,1.22,0.3,36.29
BATCH_0589,43.43,13.39,3.64,2.09,1.36,0.47,34.65
BATCH_0590,44.34,13.6,3.11,2.19,1.69,0.44,35.2
BATCH_0591,43.17,14.52,3.09,2.34,1.4,0.45,34.95
BATCH_0592,43.67,13.47,3.14,1.83,1.23,0.5,35.63
BATCH_0593,42.39,14.41,3.5,1.96,1.51,0.22,35.9
BATCH_0594,44.27,14.34,2.99,2.17,1.14,0.49,35.21
BATCH_0595,44.23,11.94,3.63,2.34,1.25,0.36,35.57
BATCH_0596,43.89,13.57,3.06,1.89,1.6,0.45,35.45
BATCH_0597,42.15,14.91,3.19,1.96,1.56,0.49,35.09
BATCH_0598,43.97,12.14,4.01,2.4,1.35,0.4,35.48
BATCH_0599,42.79,14.72,3.18,2.33,1.48,0.44,36.02
BATCH_0600,42.7,13.46,3.19,1.83,1.46,0.54,35.22
BATCH_0601,42.61,13.94,3.17,1.83,1.21,0.44,34.81
BATCH_0602,41.61,13.06,2.96,2.01,1.34,0.36,35.66
BATCH_0603,42.55,13.64,3.29,2.09,1.56,0.36,35.04
BATCH_0604,43.32,14.21,2.96,2.01,1.47,0.43,35.85
BATCH_0605,44.3,14.07,3.73,1.7,1.49,0.53,34.58
BATCH_0606,42.42,13.86,3.13,2.23,1.31,0.57,34.58
BATCH_0607,43.11,13.03,3.18,2.16,1.16,0.35,36.27
BATCH_0608,42.45,13.39,3.24,1.94,1.39,0.38,35.55
BATCH_0609,42.74,13.82,3.5,2.08,1.52,0.38,36.0
BATCH_0610,42.96,14.01,2.55,2.09,1.06,0.28,36.38
BATCH_0611,42.1,14.03,3.01,1.77,1.47,0.18,35.16
BATCH_0612,42.98,13.87,3.59,2.08,1.17,0.38,34.58
BATCH_0613,44.47,13.55,3.31,1.85,1.45,0.36,35.43
BATCH_0614,44.27,14.44,3.5,2.12,1.27,0.26,36.18
BATCH_0615,42.63,14.14,3.45,2.42,1.28,0.32,36.26
BATCH_0616,43.4,12.91,3.64,1.91,1.65,0.39,35.59
BATCH_0617,42.72,14.08,3.05,2.39,1.41,0.51,35.5
BATCH_0618,43.71,13.1,3.9,2.36,1.4,0.49,35.27
BATCH_0619,43.48,13.69,3.28,2.32,1.55,0.4,35.21
BATCH_0620,42.54,13.42,3.95,2.46,1.7,0.37,36.48
BATCH_0621,42.4,14.34,3.2,2.03,1.11,0.61,36.17
BATCH_0622,44.59,13.42,3.23,1.95,1.57,0.35,34.87
BATCH_0623,43.22,13.14,3.49,2.39,1.36,0.54,35.29
BATCH_0624,43.74,14.18,2.7,2.41,1.5,0.47,35.66
BATCH_0625,43.29,13.64,2.9,2.05,1.14,0.37,35.96
BATCH_0626,42.5,13.73,3.1,2.49,1.15,0.41,36.28
BATCH_0627,43.45,13.58,3.6,1.94,1.74,0.41,35.28
BATCH_0628,43.72,14.08,3.59,1.97,1.11,0.39,36.39
BATCH_0629,43.53,14.47,3.22,1.61,1.49,0.43,36.28
BATCH_0630,42.47,13.05,3.11,2.41,1.53,0.47,35.98
BATCH_0631,42.56,13.3,3.25,2.67,1.62,0.39,35.63
BATCH_0632,43.62,13.89,3.57,2.19,1.29,0.17,35.23
BATCH_0633,43.14,13.83,3.18,2.3,1.28,0.44,36.24
BATCH_0634,43.04,13.37,3.09,2.51,1.22,0.37,35.18
BATCH_0635,44.92,14.2,3.19,2.01,1.62,0.42,35.11
BATCH_0636,42.65,13.3,3.05,2.54,1.32,0.49,35.72
BATCH_0637,41.86,14.17,3.0,1.71,0.89,0.55,34.99
BATCH_0638,42.46,13.83,3.22,2.41,1.48,0.13,35.08
BATCH_0639,44.37,13.54,3.04,2.18,1.63,0.41,35.48
BATCH_0640,43.11,13.23,3.55,1.72,1.33,0.4,35.43
BATCH_0641,43.83,14.57,3.35,1.99,1.68,0.52,34.89
BATCH_0642,44.76,13.16,3.3,2.08,1.38,0.48,35.47
BATCH_0643,41.8,13.73,3.66,1.86,1.44,0.33,35.75
BATCH_0644,44.71,14.24,3.58,2.12,1.24,0.39,36.37
BATCH_0645,43.67,14.65,3.15,2.24,1.54,0.37,35.26
BATCH_0646,42.9,14.23,3.25,2.2,1.25,0.32,34.9
BATCH_0647,43.39,13.67,3.45,1.92,1.2,0.28,35.75
BATCH_0648,43.83,13.23,3.23,2.24,1.27,0.42,35.87
BATCH_0649,42.82,12.55,3.02,1.73,1.58,0.2,35.42
BATCH_0650,43.84,14.1,3.0,2.13,1.23,0.4,35.76
BATCH_0651,41.66,12.94,3.09,2.35,1.2,0.54,35.61
BATCH_0652,43.06,13.47,3.89,1.95,1.6,0.36,34.67
BATCH_0653,41.82,14.85,3.14,2.08,1.57,0.49,35.57
BATCH_0654,42.4,13.34,2.59,2.13,1.37,0.28,34.93
BATCH_0655,42.32,13.88,2.92,1.97,1.22,0.38,34.91
BATCH_0656,44.37,14.04,2.95,1.96,1.54,0.5,36.43
BATCH_0657,42.95,14.83,3.5,1.78,1.37,0.31,36.11
BATCH_0658,43.64,14.08,3.08,2.03,1.25,0.48,36.38
BATCH_0659,43.28,13.58,3.24,1.99,1.2,0.46,35.59
BATCH_0660,43.36,12.7,3.34,2.25,1.38,0.64,34.67
BATCH_0661,43.17,13.41,2.98,2.4,1.54,0.32,35.3
BATCH_0662,42.71,13.9,3.59,2.07,1.21,0.25,36.06
BATCH_0663,43.04,13.64,3.4,2.15,1.34,0.41,35.24
BATCH_0664,43.99,13.62,2.66,2.09,1.09,0.62,34.92
BATCH_0665,43.48,14.03,2.96,2.13,1.21,0.29,34.63
BATCH_0666,43.83,13.87,2.87,1.81,1.42,0.35,36.28
BATCH_0667,43.24,13.94,3.33,1.78,1.14,0.28,34.67
BATCH_0668,43.2,13.47,3.28,2.32,1.26,0.25,36.37
BATCH_0669,41.82,13.44,3.58,2.16,1.47,0.42,36.17
BATCH_0670,43.68,13.59,2.7,2.01,1.19,0.43,34.85
BATCH_0671,43.28,13.39,3.31,2.38,1.57,0.28,35.58
BATCH_0672,43.97,14.02,3.29,2.26,0.99,0.43,34.82
BATCH_0673,43.07,12.89,3.21,1.96,1.31,0.39,36.45
BATCH_0674,43.69,13.58,2.76,2.06,1.35,0.5,35.99
BATCH_0675,43.77,14.09,2.99,2.35,1.39,0.38,35.75
BATCH_0676,43.78,14.1,3.51,2.14,1.5,0.42,35.0
BATCH_0677,42.9,12.58,3.1,1.88,1.26,0.28,36.06
BATCH_0678,43.34,13.85,3.17,1.81,1.79,0.31,35.38
BATCH_0679,41.58,13.47,3.18,2.08,1.44,0.26,35.67
BATCH_0680,41.91,15.11,2.85,2.14,1.05,0.36,36.38
BATCH_0681,43.34,13.48,3.42,2.24,1.25,0.47,35.92
BATCH_0682,43.38,12.58,2.91,2.3,1.49,0.57,35.22
BATCH_0683,42.43,13.69,3.06,2.44,1.15,0.44,35.18
BATCH_0684,44.05,13.4,3.15,2.37,1.5,0.29,35.77
BATCH_0685,44.28,12.94,2.71,2.24,1.32,0.3,35.27
BATCH_0686,43.49,13.89,3.35,1.87,1.44,0.41,34.97
BATCH_0687,43.22,14.15,2.66,2.3,1.32,0.5,34.66
BATCH_0688,43.14,13.07,3.39,2.11,1.43,0.33,35.34
BATCH_0689,43.29,14.15,3.1,2.37,1.61,0.39,35.42
BATCH_0690,42.42,14.57,2.84,2.27,1.56,0.3,35.72
BATCH_0691,44.13,14.49,2.74,1.79,1.27,0.35,35.89
BATCH_0692,42.05,13.76,2.93,2.26,1.56,0.21,34.64
BATCH_0693,43.46,13.85,3.3,2.1,1.33,0.29,35.26
BATCH_0694,41.63,14.45,3.1,2.05,1.37,0.5,35.24
BATCH_0695,42.36,15.01,2.99,2.16,1.11,0.5,35.61
BATCH_0696,42.39,13.79,3.09,1.88,1.37,0.44,34.61
BATCH_0697,44.93,13.83,3.8,2.2,1.31,0.51,34.71
BATCH_0698,43.29,13.82,3.28,1.81,1.42,0.26,35.95
BATCH_0699,43.62,14.78,2.99,2.01,1.35,0.65,35.48
BATCH_0700,43.06,14.09,3.08,1.93,1.52,0.39,36.45
BATCH_0701,44.12,12.73,3.39,2.38,1.78,0.28,35.94
BATCH_0702,42.33,14.49,3.02,2.2,1.53,0.51,35.48
BATCH_0703,43.07,13.96,2.97,1.9,1.03,0.34,35.49
BATCH_0704,44.02,13.82,3.24,1.8,1.29,0.45,35.58
BATCH_0705,43.33,12.91,3.44,1.94,1.62,0.42,36.11
BATCH_0706,45.56,13.7,3.59,1.79,1.29,0.41,35.5
BATCH_0707,43.75,13.97,3.56,1.74,1.41,0.33,35.86
BATCH_0708,42.6,14.04,3.71,2.28,1.51,0.47,36.18
BATCH_0709,41.43,13.13,3.54,2.2,1.21,0.33,35.04
BATCH_0710,41.08,14.57,3.22,2.19,1.23,0.32,35.68
BATCH_0711,43.61,13.9,2.32,1.96,1.46,0.39,36.3
BATCH_0712,43.04,13.05,2.95,1.93,1.41,0.51,34.58
BATCH_0713,43.38,14.27,3.43,2.27,1.6,0.45,36.28
BATCH_0714,42.25,13.21,3.18,1.95,1.22,0.41,35.21
BATCH_0715,43.53,13.91,3.34,2.35,1.33,0.34,36.37
BATCH_0716,44.04,13.54,3.58,2.09,1.41,0.43,35.39
BATCH_0717,43.21,13.5,3.18,1.93,1.43,0.43,34.91
BATCH_0718,43.51,13.92,3.83,1.98,1.69,0.44,35.25
BATCH_0719,42.64,13.67,3.45,2.29,1.45,0.44,35.77
BATCH_0720,43.61,13.5,4.01,1.99,1.31,0.31,35.55
BATCH_0721,44.28,14.32,3.01,1.84,1.4,0.28,36.2
BATCH_0722,42.73,14.26,2.75,2.02,1.05,0.33,36.33
BATCH_0723,42.41,13.67,2.92,2.12,1.46,0.54,34.8
BATCH_0724,42.37,14.71,2.73,2.35,1.41,0.35,34.66
BATCH_0725,44.45,13.51,2.62,2.17,1.41,0.25,34.93
BATCH_0726,43.6,12.73,2.98,1.74,1.63,0.4,34.85
BATCH_0727,45.33,13.82,3.43,1.91,0.98,0.59,35.15
BATCH_0728,43.62,13.49,3.73,2.41,1.41,0.55,34.68
BATCH_0729,44.03,13.25,2.86,2.18,1.24,0.34,36.07
BATCH_0730,42.58,12.91,2.92,1.95,1.5,0.52,34.81
BATCH_0731,41.22,13.81,3.38,2.36,1.7,0.39,34.94
BATCH_0732,43.13,13.21,2.98,1.85,1.3,0.34,35.48
BATCH_0733,43.25,14.24,3.39,2.16,1.32,0.35,35.38
BATCH_0734,42.83,13.48,3.01,2.13,1.86,0.33,35.28
BATCH_0735,42.82,12.69,3.56,2.12,0.85,0.61,35.9
BATCH_0736,43.6,13.9,3.29,2.44,1.39,0.48,35.59
BATCH_0737,43.47,12.46,3.3,2.39,1.4,0.42,35.44
BATCH_0738,43.3,13.83,3.58,2.41,1.23,0.41,34.81
BATCH_0739,42.47,13.64,2.93,2.33,1.57,0.27,35.5
BATCH_0740,43.22,13.16,3.18,2.05,1.39,0.32,35.82
BATCH_0741,43.19,13.97,3.85,2.01,1.81,0.49,36.4
BATCH_0742,42.52,13.62,3.26,2.02,1.19,0.32,35.55
BATCH_0743,44.11,14.41,3.25,1.9,1.76,0.47,34.54
BATCH_0744,42.97,14.24,3.24,1.97,1.45,0.37,35.08
BATCH_0745,42.0,13.04,2.86,1.95,1.57,0.42,35.08
BATCH_0746,42.73,14.95,2.83,1.89,1.33,0.39,35.37
BATCH_0747,42.37,13.96,3.33,1.89,1.3,0.51,35.95
BATCH_0748,42.92,13.77,2.97,1.91,1.46,0.32,35.63
BATCH_0749,41.9,13.68,2.89,2.3,1.52,0.36,36.41
BATCH_0750,42.67,13.49,3.61,1.85,1.27,0.34,35.93
BATCH_0751,43.63,14.2,2.94,2.08,1.4,0.41,35.21
BATCH_0752,43.69,14.76,2.96,1.93,0.86,0.37,36.41
BATCH_0753,42.28,14.02,2.99,2.16,1.41,0.51,36.38
BATCH_0754,43.85,13.91,3.15,2.05,1.63,0.35,34.54
BATCH_0755,43.76,14.49,3.36,2.09,1.47,0.49,36.18
BATCH_0756,43.48,14.08,3.33,2.06,1.01,0.31,35.24
BATCH_0757,42.97,13.02,3.15,2.38,1.49,0.33,35.58
BATCH_0758,42.17,14.82,3.74,2.05,1.33,0.46,36.14
BATCH_0759,44.04,13.2,3.22,2.14,1.38,0.5,35.45
BATCH_0760,44.12,13.88,2.99,2.08,1.49,0.49,35.82
BATCH_0761,44.27,14.6,3.3,2.32,1.29,0.38,34.91
BATCH_0762,43.33,13.35,3.64,1.81,1.33,0.33,35.57
BATCH_0763,41.76,14.58,3.37,1.91,1.4,0.42,36.24
BATCH_0764,42.36,14.45,3.16,2.0,1.21,0.52,35.12
BATCH_0765,43.81,14.43,3.3,2.09,1.13,0.43,36.12
BATCH_0766,44.51,13.13,2.98,1.95,1.72,0.6,36.33
BATCH_0767,44.8,14.21,3.51,1.79,1.21,0.54,35.07
BATCH_0768,43.48,13.46,2.94,2.0,1.31,0.32,35.14
BATCH_0769,42.49,12.8,3.05,2.05,1.42,0.47,36.03
BATCH_0770,43.15,13.28,3.25,2.33,1.37,0.41,35.19
BATCH_0771,43.25,15.1,3.15,2.45,1.22,0.26,35.34
BATCH_0772,42.32,12.63,3.34,2.08,1.26,0.47,35.5
BATCH_0773,42.3,14.02,2.83,2.1,1.11,0.53,36.04
BATCH_0774,43.24,14.13,3.6,1.98,1.34,0.4,34.94
BATCH_0775,42.8,14.39,3.14,2.58,1.38,0.41,34.61
BATCH_0776,44.39,12.83,3.65,2.05,1.17,0.38,34.77
BATCH_0777,42.84,15.04,2.87,2.1,1.49,0.52,34.95
BATCH_0778,41.74,14.07,3.6,2.48,1.47,0.45,35.65
BATCH_0779,44.75,13.04,3.28,2.41,1.23,0.41,35.97
BATCH_0780,43.76,13.63,3.0,1.98,1.81,0.42,36.41
BATCH_0781,43.22,14.51,2.52,2.07,1.74,0.48,36.21
BATCH_0782,43.65,13.3,3.08,2.48,1.32,0.32,35.95
BATCH_0783,42.37,13.06,2.92,2.12,1.12,0.51,35.98
BATCH_0784,44.63,14.63,3.01,1.54,1.36,0.37,34.94
BATCH_0785,44.2,13.56,2.71,2.09,1.17,0.4,35.48
BATCH_0786,44.25,13.71,3.21,1.8,1.6,0.46,35.58
BATCH_0787,44.12,13.63,2.84,1.93,1.25,0.53,35.43
BATCH_0788,43.8,13.91,3.5,2.1,1.05,0.36,35.51
BATCH_0789,43.75,12.84,3.08,1.79,1.55,0.37,34.95
BATCH_0790,43.65,14.09,2.78,2.08,1.45,0.36,36.06
BATCH_0791,41.81,13.51,3.33,2.33,1.4,0.32,35.35
BATCH_0792,43.75,13.58,3.47,2.12,1.38,0.35,35.57
BATCH_0793,42.62,13.87,3.34,1.97,1.29,0.33,35.05
BATCH_0794,42.88,12.66,4.14,2.07,1.61,0.28,34.69
BATCH_0795,42.99,12.82,3.61,2.3,0.96,0.39,35.53
BATCH_0796,44.88,13.8,3.41,1.95,1.5,0.43,36.34
BATCH_0797,42.22,14.32,3.15,2.28,1.32,0.52,36.44
BATCH_0798,43.97,13.61,3.61,2.28,1.44,0.42,35.91
BATCH_0799,42.78,14.54,3.23,2.06,1.74,0.36,35.27
BATCH_0800,43.65,13.05,3.23,2.25,1.36,0.46,35.85
BATCH_0801,42.43,13.53,3.19,2.24,1.44,0.47,35.32
BATCH_0802,43.71,13.51,3.26,2.23,1.53,0.48,36.03
BATCH_0803,43.21,15.21,3.43,1.65,1.1,0.27,35.21
BATCH_0804,44.53,12.95,3.48,1.8,1.52,0.59,35.78
BATCH_0805,45.14,12.72,3.27,2.04,1.27,0.38,35.78
BATCH_0806,43.48,14.58,3.37,1.9,1.06,0.43,35.04
BATCH_0807,44.38,12.92,3.07,2.0,1.4,0.27,36.24
BATCH_0808,45.18,14.18,3.24,2.2,1.32,0.53,34.54
BATCH_0809,42.68,13.85,2.72,1.75,1.42,0.44,36.34
BATCH_0810,43.91,14.36,3.31,2.43,1.22,0.35,36.18
BATCH_0811,42.49,13.85,3.05,2.05,1.45,0.51,34.95
BATCH_0812,43.53,13.01,3.15,1.95,1.47,0.43,35.8
BATCH_0813,44.56,13.91,2.7,2.23,1.52,0.56,35.92
BATCH_0814,42.07,12.92,3.2,2.46,1.74,0.46,36.04
BATCH_0815,43.67,13.93,3.52,2.12,1.4,0.29,35.07
BATCH_0816,43.77,14.01,3.99,2.19,1.31,0.34,34.55
BATCH_0817,42.96,13.4,3.42,2.29,1.61,0.43,34.66
BATCH_0818,42.51,13.24,2.72,2.11,1.29,0.5,36.49
BATCH_0819,44.73,14.31,3.46,2.19,1.55,0.43,36.5
BATCH_0820,43.22,13.41,3.7,2.08,1.22,0.33,36.25
BATCH_0821,43.28,13.7,2.83,1.83,1.29,0.3,35.89
BATCH_0822,43.13,14.89,3.23,2.43,1.44,0.36,34.95
BATCH_0823,42.68,13.88,3.61,1.96,1.48,0.28,35.88
BATCH_0824,42.41,13.69,3.2,2.28,1.72,0.23,35.81
BATCH_0825,44.95,13.69,3.27,1.78,1.3,0.59,35.09
BATCH_0826,43.52,14.93,3.06,2.24,1.54,0.42,35.36
BATCH_0827,44.67,14.33,2.58,2.02,1.45,0.41,35.01
BATCH_0828,44.03,13.16,3.41,2.33,0.74,0.38,35.37
BATCH_0829,43.75,13.98,3.31,2.12,1.46,0.4,36.28
BATCH_0830,43.36,14.91,3.32,1.62,1.61,0.25,35.23
BATCH_0831,43.75,14.25,3.32,2.04,1.49,0.38,35.71
BATCH_0832,44.23,13.48,2.45,2.09,1.4,0.47,35.13
BATCH_0833,42.21,13.58,3.64,2.17,1.49,0.48,35.52
BATCH_0834,42.4,12.63,2.98,1.99,1.33,0.3,34.66
BATCH_0835,43.83,13.93,2.88,1.96,1.03,0.33,35.04
BATCH_0836,42.1,12.99,3.68,2.21,1.43,0.33,36.3
BATCH_0837,42.97,14.56,2.67,2.16,1.39,0.27,36.46
BATCH_0838,42.4,14.36,3.64,2.29,1.6,0.34,36.31
BATCH_0839,42.6,14.24,3.23,2.22,1.34,0.42,35.35
BATCH_0840,42.8,13.75,3.08,1.94,1.54,0.37,34.96
BATCH_0841,42.59,13.69,3.3,2.36,1.48,0.37,35.95
BATCH_0842,42.72,13.56,3.28,2.23,1.79,0.23,36.43
BATCH_0843,42.06,13.78,3.61,2.02,1.74,0.33,36.1
BATCH_0844,44.85,12.91,2.87,1.9,1.21,0.43,35.65
BATCH_0845,45.1,14.46,3.37,1.91,1.36,0.36,36.43
BATCH_0846,44.2,14.8,3.51,2.1,1.53,0.27,35.88
BATCH_0847,43.02,14.62,3.1,1.89,1.53,0.43,35.41
BATCH_0848,43.06,13.43,2.85,2.09,1.32,0.47,34.71
BATCH_0849,43.66,14.44,2.76,2.02,1.41,0.32,35.74
BATCH_0850,42.85,14.46,3.05,2.3,1.81,0.29,35.27
BATCH_0851,42.35,13.26,3.48,2.01,1.45,0.47,35.69
BATCH_0852,42.76,14.28,3.1,2.12,1.7,0.48,35.58
BATCH_0853,42.61,13.58,3.36,2.39,1.14,0.45,34.99
BATCH_0854,43.24,14.2,2.93,1.84,1.53,0.25,34.73
BATCH_0855,45.08,14.67,3.07,2.26,1.45,0.53,35.36
BATCH_0856,43.55,14.45,2.96,2.36,1.42,0.42,35.33
BATCH_0857,42.4,12.79,3.32,2.35,1.56,0.41,36.09
BATCH_0858,43.81,13.15,3.45,2.1,1.67,0.51,35.84
BATCH_0859,42.92,13.21,3.14,2.05,1.38,0.34,35.47
BATCH_0860,43.34,13.39,3.09,2.09,1.09,0.48,34.96
BATCH_0861,44.23,14.78,2.69,1.94,1.03,0.4,36.49
BATCH_0862,42.7,13.91,3.62,2.19,1.24,0.68,35.17
BATCH_0863,44.23,13.2,3.38,2.13,1.66,0.45,35.22
BATCH_0864,44.22,13.87,3.8,2.08,1.37,0.14,35.53
BATCH_0865,43.16,14.03,3.15,1.42,1.45,0.49,35.09
BATCH_0866,43.6,13.56,3.15,2.03,1.7,0.53,35.2
BATCH_0867,45.19,13.37,2.99,2.06,1.71,0.23,36.43
BATCH_0868,43.36,14.56,3.32,2.07,1.21,0.55,35.13
BATCH_0869,42.82,12.84,2.92,2.11,1.3,0.43,35.6
BATCH_0870,43.58,12.57,3.04,2.09,1.23,0.33,35.4
BATCH_0871,41.59,14.56,3.18,1.93,1.26,0.53,35.65
BATCH_0872,41.81,14.38,3.47,2.24,1.36,0.46,36.24
BATCH_0873,42.34,13.59,3.14,2.49,1.34,0.21,34.51
BATCH_0874,42.69,14.18,2.74,2.14,1.53,0.26,35.67
BATCH_0875,42.54,13.87,3.15,2.11,1.5,0.38,35.82
BATCH_0876,42.47,13.32,3.21,1.79,1.35,0.43,35.84
BATCH_0877,42.27,14.27,3.36,2.05,1.35,0.49,36.38
BATCH_0878,42.57,13.24,3.36,2.34,1.5,0.4,35.04
BATCH_0879,43.67,13.8,2.88,2.27,1.35,0.45,35.75
BATCH_0880,42.14,13.71,3.04,2.29,0.95,0.26,35.49
BATCH_0881,43.69,13.54,3.08,2.34,1.09,0.46,35.55
BATCH_0882,43.53,14.11,3.62,1.97,1.1,0.42,36.5
BATCH_0883,44.86,14.45,2.8,1.88,1.2,0.43,35.7
BATCH_0884,42.26,14.15,3.16,1.82,1.85,0.36,35.83
BATCH_0885,42.07,14.86,3.23,1.78,1.5,0.45,35.06
BATCH_0886,44.42,13.48,3.32,2.14,1.63,0.52,35.87
BATCH_0887,42.29,13.92,2.99,2.43,1.23,0.35,36.39
BATCH_0888,42.8,13.94,3.22,2.04,1.45,0.51,36.02
BATCH_0889,42.18,14.29,3.18,2.22,1.23,0.6,36.2
BATCH_0890,43.3,13.16,3.1,2.06,1.13,0.32,34.83
BATCH_0891,44.78,14.43,3.21,2.01,1.13,0.44,35.77
BATCH_0892,42.64,14.31,2.93,1.75,1.01,0.25,34.88
BATCH_0893,42.4,13.57,2.88,1.82,1.5,0.4,36.02
BATCH_0894,45.15,14.59,3.5,1.82,1.44,0.52,35.77
BATCH_0895,43.84,14.47,3.28,1.73,1.42,0.32,35.6
BATCH_0896,43.5,14.0,3.12,2.15,1.49,0.47,34.93
BATCH_0897,44.5,13.93,3.18,1.81,1.18,0.44,34.54
BATCH_0898,42.33,13.45,2.97,2.09,1.43,0.59,36.11
BATCH_0899,41.77,14.1,3.61,1.94,1.32,0.39,36.03
BATCH_0900,42.75,13.99,3.53,2.24,1.58,0.51,34.61
BATCH_0901,41.92,13.75,3.26,1.91,1.44,0.33,35.7
BATCH_0902,43.99,14.14,3.79,2.2,1.0,0.48,34.74
BATCH_0903,44.5,14.75,3.16,1.8,1.36,0.42,34.78
BATCH_0904,42.66,13.88,3.52,2.53,1.55,0.43,34.87
BATCH_0905,42.38,13.77,3.33,2.03,1.79,0.5,34.53
BATCH_0906,43.23,13.84,3.27,1.98,1.16,0.46,36.47
BATCH_0907,44.67,14.41,2.6,2.25,1.7,0.38,35.45
BATCH_0908,44.07,13.83,3.47,2.02,1.35,0.47,35.26
BATCH_0909,45.69,14.56,2.9,2.0,1.3,0.54,35.4
BATCH_0910,44.17,12.5,3.05,1.75,1.34,0.35,34.71
BATCH_0911,42.76,14.63,2.53,2.08,1.35,0.4,35.69
BATCH_0912,43.86,13.49,3.23,2.28,1.26,0.57,34.74
BATCH_0913,42.68,14.49,3.15,2.03,1.45,0.2,36.5
BATCH_0914,43.67,14.04,3.74,1.93,1.41,0.33,35.09
BATCH_0915,43.2,13.97,3.18,1.9,1.47,0.28,35.54
BATCH_0916,44.38,14.41,3.13,2.15,1.65,0.48,35.37
BATCH_0917,43.32,13.63,3.7,2.01,1.42,0.42,36.14
BATCH_0918,42.55,14.2,2.93,2.1,1.53,0.45,36.27
BATCH_0919,44.25,14.44,2.75,2.02,1.63,0.45,36.33
BATCH_0920,43.61,13.67,3.14,2.25,1.75,0.34,35.71
BATCH_0921,45.16,13.57,3.24,2.27,1.52,0.57,35.76
BATCH_0922,45.6,14.92,3.24,1.98,1.42,0.42,34.69
BATCH_0923,43.03,12.86,3.25,2.26,1.26,0.31,36.28
BATCH_0924,42.86,14.29,2.8,1.67,1.31,0.49,36.22
BATCH_0925,43.79,13.55,3.67,2.43,1.7,0.48,35.35
BATCH_0926,42.93,14.2,3.16,2.12,0.9,0.4,36.11
BATCH_0927,42.01,13.23,3.61,2.2,1.83,0.33,36.44
BATCH_0928,43.1,12.63,3.39,2.34,1.32,0.39,35.57
BATCH_0929,42.69,13.41,2.94,1.95,1.24,0.43,35.0
BATCH_0930,43.57,13.43,3.45,1.93,1.43,0.35,35.13
BATCH_0931,43.54,13.68,3.48,2.24,1.43,0.32,36.13
BATCH_0932,43.61,14.89,3.53,2.2,1.19,0.38,34.53
BATCH_0933,43.51,14.02,3.41,2.19,1.22,0.37,36.15
BATCH_0934,43.24,13.88,3.79,1.89,1.41,0.29,35.19
BATCH_0935,42.91,13.07,3.11,2.28,1.23,0.17,34.53
BATCH_0936,43.32,13.93,3.08,2.5,1.24,0.42,36.06
BATCH_0937,40.01,14.67,3.19,1.85,1.58,0.38,36.38
BATCH_0938,43.37,14.36,3.39,2.65,1.26,0.43,34.66
BATCH_0939,42.61,13.48,2.95,2.3,1.03,0.27,36.31
BATCH_0940,44.31,13.0,3.66,2.17,1.46,0.5,34.54
BATCH_0941,43.45,14.19,3.41,2.02,1.31,0.56,36.09
BATCH_0942,41.33,13.32,3.51,2.09,1.63,0.34,35.11
BATCH_0943,43.78,13.88,3.66,2.4,1.23,0.52,34.86
BATCH_0944,43.73,14.25,3.21,2.07,1.09,0.17,35.5
BATCH_0945,42.97,14.94,3.96,2.2,1.35,0.42,35.17
BATCH_0946,43.85,14.7,3.47,1.96,1.47,0.41,34.58
BATCH_0947,45.22,13.84,3.56,1.88,1.36,0.46,34.64
BATCH_0948,44.25,13.83,3.1,2.14,1.27,0.3,35.44
BATCH_0949,42.56,14.36,2.6,2.37,0.96,0.38,36.44
BATCH_0950,43.53,13.97,3.33,2.16,1.55,0.38,35.45
BATCH_0951,44.45,12.74,3.58,2.56,1.65,0.3,34.69
BATCH_0952,42.59,13.97,3.52,2.42,0.89,0.32,34.84
BATCH_0953,43.22,13.64,2.71,1.67,1.55,0.38,34.51
BATCH_0954,43.59,13.88,3.35,2.14,1.54,0.49,35.02
BATCH_0955,42.98,14.64,2.46,1.72,1.32,0.61,35.11
BATCH_0956,44.6,13.11,3.27,2.01,1.26,0.43,35.29
BATCH_0957,42.7,13.55,2.96,2.52,1.3,0.3,35.8
BATCH_0958,43.45,13.45,3.53,2.33,1.62,0.4,35.8
BATCH_0959,42.44,13.98,3.37,2.14,1.29,0.51,34.52
BATCH_0960,43.03,13.55,3.0,1.73,1.4,0.27,35.95
BATCH_0961,41.97,14.65,3.31,2.29,1.27,0.29,35.1
BATCH_0962,44.42,14.05,3.34,2.33,1.32,0.27,36.42
BATCH_0963,43.08,13.43,3.14,2.13,1.34,0.32,35.0
BATCH_0964,43.21,13.95,3.48,1.96,1.3,0.33,36.38
BATCH_0965,42.85,13.5,2.99,2.01,1.25,0.38,34.51
BATCH_0966,42.44,14.28,3.71,2.26,1.33,0.31,36.36
BATCH_0967,43.2,14.76,3.21,2.46,1.69,0.45,35.3
BATCH_0968,44.77,13.46,2.62,1.66,1.16,0.48,36.3
BATCH_0969,44.31,14.2,2.87,2.0,1.26,0.37,35.92
BATCH_0970,43.39,14.43,3.06,1.83,1.41,0.43,36.29
BATCH_0971,44.02,14.21,3.25,2.22,1.66,0.46,36.1
BATCH_0972,43.38,13.38,3.18,1.95,1.26,0.45,34.86
BATCH_0973,42.41,14.24,3.19,2.29,1.23,0.44,35.95
BATCH_0974,42.71,13.75,2.82,2.17,0.94,0.4,34.94
BATCH_0975,44.01,13.78,2.97,2.08,1.33,0.45,34.86
BATCH_0976,43.73,13.35,3.51,2.56,1.24,0.28,36.1
BATCH_0977,42.76,13.64,2.92,1.87,1.41,0.41,35.78
BATCH_0978,41.6,14.09,2.81,2.45,1.49,0.32,35.81
BATCH_0979,42.59,13.81,3.47,2.13,1.53,0.47,35.59
BATCH_0980,43.25,13.65,3.37,1.93,1.43,0.28,34.53
BATCH_0981,42.6,12.87,3.12,1.57,1.36,0.28,36.07
BATCH_0982,44.75,14.18,4.05,2.01,1.26,0.39,36.32
BATCH_0983,42.78,13.69,3.26,2.11,1.43,0.41,34.77
BATCH_0984,42.51,14.67,3.1,2.2,1.82,0.33,34.63
BATCH_0985,42.79,12.78,3.6,1.94,1.65,0.47,35.07
BATCH_0986,43.09,13.53,2.76,2.1,1.41,0.27,35.23
BATCH_0987,42.51,13.34,3.47,2.17,1.17,0.54,34.5
BATCH_0988,43.88,13.68,3.59,1.86,1.38,0.44,35.25
BATCH_0989,43.19,13.27,3.32,1.69,1.19,0.53,35.74
BATCH_0990,42.45,13.97,3.45,2.08,1.36,0.26,35.36
BATCH_0991,43.76,13.84,3.23,2.09,1.08,0.43,35.42
BATCH_0992,45.29,13.15,3.59,2.11,1.28,0.27,34.86
BATCH_0993,44.17,13.76,2.86,1.96,1.26,0.4,35.07
BATCH_0994,43.34,13.79,4.08,1.97,1.26,0.47,35.06
BATCH_0995,42.26,12.89,3.41,2.25,1.32,0.53,36.29
BATCH_0996,42.86,13.7,2.96,1.92,1.56,0.29,34.59
BATCH_0997,44.87,14.14,3.39,2.0,1.21,0.48,35.41
BATCH_0998,42.38,12.87,3.44,1.77,1.64,0.31,35.75
BATCH_0999,43.66,14.0,3.35,2.22,1.63,0.48,35.26
BATCH_1000,43.5,14.0,2.85,1.89,1.59,0.34,34.66
BATCH_1001,42.44,13.7,2.97,1.82,1.48,0.45,34.77
BATCH_1002,41.7,14.61,3.12,2.36,1.15,0.51,34.75
BATCH_1003,42.1,13.32,3.25,1.84,1.1,0.43,35.65
BATCH_1004,43.17,13.75,2.64,2.4,1.2,0.3,36.06
BATCH_1005,43.68,13.16,3.86,1.94,1.32,0.25,35.72
BATCH_1006,44.19,14.0,3.14,1.98,1.56,0.53,36.48
BATCH_1007,42.59,13.77,3.79,1.86,1.02,0.35,35.87
BATCH_1008,43.98,12.37,3.13,1.88,1.43,0.36,35.74
BATCH_1009,43.28,12.62,3.22,2.23,1.43,0.36,34.82
BATCH_1010,42.55,13.78,3.0,2.14,1.29,0.33,34.68
BATCH_1011,43.29,14.76,3.16,2.15,1.52,0.26,36.04
BATCH_1012,43.32,14.12,3.5,1.82,1.66,0.57,35.62
BATCH_1013,44.46,14.08,3.62,2.44,1.38,0.49,35.64
BATCH_1014,43.03,14.1,2.94,2.12,1.43,0.42,34.7
BATCH_1015,42.49,15.03,3.14,1.96,1.57,0.45,35.19
BATCH_1016,43.27,13.33,3.51,2.13,1.21,0.48,35.62
BATCH_1017,42.8,13.06,3.29,2.08,1.27,0.61,34.84
BATCH_1018,43.63,14.46,3.0,2.15,1.02,0.47,36.3
BATCH_1019,42.96,14.78,3.05,1.96,1.28,0.38,35.37
BATCH_1020,44.18,13.24,2.84,2.64,1.61,0.46,35.51
BATCH_1021,44.37,13.0,3.37,2.5,1.17,0.38,35.27
BATCH_1022,42.91,12.88,3.62,2.37,1.27,0.49,35.84
BATCH_1023,43.89,14.12,3.37,1.86,1.63,0.43,36.19
BATCH_1024,43.69,13.91,3.37,2.27,1.25,0.43,36.06
BATCH_1025,43.79,13.86,3.25,2.08,1.53,0.48,35.52
BATCH_1026,45.37,13.27,3.17,1.99,1.5,0.35,34.69
BATCH_1027,44.28,14.39,2.76,2.34,0.93,0.46,34.52
BATCH_1028,42.52,13.01,3.34,2.03,1.51,0.33,34.96
BATCH_1029,43.12,12.9,3.53,2.0,1.19,0.47,35.48
BATCH_1030,44.72,13.2,2.8,2.29,1.28,0.4,36.09
BATCH_1031,45.06,13.19,3.11,2.24,1.4,0.34,35.3
BATCH_1032,43.76,13.31,3.71,2.1,1.18,0.4,36.08
BATCH_1033,44.51,14.6,2.83,2.17,1.39,0.38,35.56
BATCH_1034,43.07,12.99,3.4,1.79,1.6,0.36,35.5
BATCH_1035,43.4,13.21,3.22,2.17,1.38,0.46,34.69
BATCH_1036,42.78,14.2,3.02,1.9,1.63,0.38,35.98
BATCH_1037,43.9,14.52,3.68,1.99,1.56,0.54,36.07
BATCH_1038,40.96,13.45,3.46,2.19,1.28,0.4,35.08
BATCH_1039,43.81,14.56,3.23,2.19,1.22,0.25,34.58
BATCH_1040,42.12,13.83,3.22,2.07,1.34,0.57,35.87
BATCH_1041,43.83,13.28,3.75,2.05,1.59,0.38,35.0
BATCH_1042,40.96,13.4,2.97,2.04,1.03,0.44,35.05
BATCH_1043,43.56,14.69,3.11,2.21,1.51,0.36,35.82
BATCH_1044,43.24,13.22,3.67,2.2,1.25,0.3,35.77
BATCH_1045,44.24,13.38,3.13,2.03,1.72,0.47,34.76
BATCH_1046,42.41,13.97,3.18,2.49,1.58,0.43,34.97
BATCH_1047,41.9,13.36,3.37,2.26,1.38,0.41,35.03
BATCH_1048,44.1,13.73,3.67,1.9,1.25,0.32,35.76
BATCH_1049,44.17,13.6,3.22,2.26,1.64,0.31,35.96
BATCH_1050,43.37,13.94,2.99,2.49,1.27,0.23,35.56
BATCH_1051,43.75,15.24,2.7,1.9,1.51,0.62,35.89
BATCH_1052,42.75,14.5,3.59,1.82,1.6,0.48,34.89
BATCH_1053,43.41,14.28,3.13,2.15,1.44,0.48,35.5
BATCH_1054,44.12,13.84,3.15,2.25,1.29,0.37,36.16
BATCH_1055,42.69,13.42,3.21,1.99,1.64,0.41,34.51
BATCH_1056,42.39,14.25,2.84,1.93,1.38,0.34,36.15
BATCH_1057,43.96,13.89,3.38,1.9,1.33,0.39,35.21
BATCH_1058,43.85,13.0,3.58,2.24,1.38,0.2,35.78
BATCH_1059,45.26,13.81,2.91,2.16,1.71,0.32,36.39
BATCH_1060,44.14,14.16,3.24,1.99,1.03,0.42,36.36
BATCH_1061,42.41,14.32,4.09,2.2,1.33,0.2,35.2
BATCH_1062,44.31,13.06,2.75,2.57,1.36,0.43,34.92
BATCH_1063,42.78,13.63,2.97,2.1,1.34,0.25,34.75
BATCH_1064,43.78,13.9,3.59,2.03,1.62,0.36,35.93
BATCH_1065,41.47,14.16,3.15,1.8,1.18,0.56,34.7
BATCH_1066,41.86,13.41,2.6,2.41,1.35,0.62,34.87
BATCH_1067,44.18,14.42,2.83,1.98,1.37,0.48,34.62
BATCH_1068,42.89,13.76,2.4,1.88,1.24,0.49,35.74
BATCH_1069,41.75,14.02,3.41,2.26,1.34,0.28,35.31
BATCH_1070,42.98,13.7,3.28,1.98,0.82,0.52,34.5
BATCH_1071,43.65,13.75,3.37,1.77,1.62,0.32,35.8
BATCH_1072,43.47,13.67,3.29,1.92,1.5,0.27,35.29
BATCH_1073,42.59,13.31,3.24,2.14,1.08,0.43,34.81
BATCH_1074,44.43,13.34,3.7,2.32,1.27,0.29,35.39
BATCH_1075,44.12,13.85,2.85,2.07,1.3,0.48,35.95
BATCH_1076,44.75,13.64,3.25,2.35,0.93,0.35,34.75
BATCH_1077,42.84,12.81,3.2,2.55,1.45,0.38,36.13
BATCH_1078,42.55,11.88,3.05,2.11,1.37,0.6,35.45
BATCH_1079,43.69,13.8,2.66,2.11,1.52,0.3,36.21
BATCH_1080,42.94,13.63,3.45,2.05,1.32,0.27,34.68
BATCH_1081,44.14,13.01,3.31,1.89,1.63,0.24,35.02
BATCH_1082,42.75,14.41,2.72,1.86,1.43,0.39,35.39
BATCH_1083,41.13,13.78,2.83,2.35,1.66,0.32,36.23
BATCH_1084,42.09,13.27,3.1,2.31,1.25,0.45,36.26
BATCH_1085,42.93,13.18,3.74,2.01,1.58,0.35,36.36
BATCH_1086,41.11,14.26,3.01,2.01,1.5,0.35,35.38
BATCH_1087,43.13,13.35,2.82,2.3,1.25,0.36,35.82
BATCH_1088,41.86,13.8,2.89,2.18,1.5,0.28,36.06
BATCH_1089,42.34,13.61,3.65,2.24,1.07,0.39,34.94
BATCH_1090,42.75,13.19,2.86,1.93,1.44,0.19,35.67
BATCH_1091,43.2,13.87,3.11,2.38,1.16,0.36,35.69
BATCH_1092,44.23,13.62,3.25,1.87,1.18,0.47,36.06
BATCH_1093,43.13,13.27,3.06,2.2,1.35,0.34,35.55
BATCH_1094,42.05,13.97,2.95,1.96,1.36,0.34,35.36
BATCH_1095,44.47,13.37,3.15,2.23,1.46,0.46,36.45
BATCH_1096,43.99,13.54,2.53,2.09,1.18,0.41,34.96
BATCH_1097,43.34,13.46,3.02,2.32,1.64,0.36,34.84
BATCH_1098,42.8,13.63,3.33,1.71,1.39,0.43,34.69
BATCH_1099,42.72,12.76,3.0,2.05,1.3,0.35,36.35
BATCH_1100,41.83,14.05,3.18,2.35,1.63,0.46,35.05
BATCH_1101,45.17,13.23,3.07,2.19,1.6,0.47,35.77
BATCH_1102,43.48,14.22,3.05,2.13,1.45,0.53,34.69
BATCH_1103,43.5,12.92,3.62,2.0,1.33,0.49,36.45
BATCH_1104,42.57,14.13,3.15,2.23,0.89,0.32,36.41
BATCH_1105,43.42,13.44,2.44,1.85,1.29,0.37,35.65
BATCH_1106,42.99,14.45,3.52,1.77,1.26,0.33,35.07
BATCH_1107,42.6,13.31,3.05,2.0,1.42,0.34,36.31
BATCH_1108,42.81,14.14,3.48,1.99,1.35,0.34,36.15
BATCH_1109,42.96,14.5,3.45,2.34,1.27,0.29,35.36
BATCH_1110,42.84,13.84,2.94,2.05,1.41,0.39,35.79
BATCH_1111,42.95,13.52,3.56,2.18,1.89,0.45,35.32
BATCH_1112,43.49,13.16,3.15,2.1,1.39,0.41,35.18
BATCH_1113,42.62,13.98,3.36,1.81,1.19,0.17,35.49
BATCH_1114,43.26,12.23,2.76,2.13,1.65,0.26,35.96
BATCH_1115,43.93,13.9,3.06,2.08,1.73,0.38,35.71
BATCH_1116,43.06,13.89,3.1,2.38,1.19,0.55,36.04
BATCH_1117,43.43,14.02,3.54,1.95,1.74,0.37,34.56
BATCH_1118,42.23,13.96,3.47,1.81,1.9,0.52,35.42
BATCH_1119,43.52,13.21,3.34,2.13,1.43,0.44,34.55
BATCH_1120,42.35,14.1,3.51,2.27,1.35,0.44,36.28
BATCH_1121,41.69,14.11,3.58,2.35,1.26,0.17,34.69
BATCH_1122,40.7,14.88,3.41,1.95,1.39,0.29,36.37
BATCH_1123,43.6,14.53,3.26,2.11,1.1,0.55,35.59
BATCH_1124,42.23,14.71,3.58,2.22,1.27,0.53,34.98
BATCH_1125,44.3,15.19,3.09,2.28,1.77,0.26,34.82
BATCH_1126,42.8,13.42,2.91,2.08,1.51,0.45,35.65
BATCH_1127,43.97,13.81,3.58,2.22,1.18,0.36,35.06
BATCH_1128,43.75,14.52,3.55,1.85,1.5,0.54,35.21
BATCH_1129,44.7,14.48,2.92,2.17,1.52,0.27,35.79
BATCH_1130,42.57,14.12,3.07,1.79,1.58,0.22,34.96
BATCH_1131,42.65,13.31,3.22,1.72,1.34,0.3,36.14
BATCH_1132,43.48,13.57,3.03,2.01,1.26,0.42,35.0
BATCH_1133,43.01,13.96,3.57,1.96,1.48,0.27,35.16
BATCH_1134,43.84,14.05,3.15,2.11,1.49,0.47,34.56
BATCH_1135,42.33,14.14,3.16,1.71,1.54,0.42,36.35
BATCH_1136,41.9,13.62,2.92,1.96,1.8,0.44,35.48
BATCH_1137,42.37,12.38,2.94,2.38,1.03,0.44,35.43
BATCH_1138,45.03,13.02,3.22,1.74,1.31,0.43,34.56
BATCH_1139,43.48,14.29,3.3,2.68,1.65,0.47,34.96
BATCH_1140,45.01,14.56,3.26,2.2,1.48,0.54,35.46
BATCH_1141,43.93,13.99,3.82,2.28,1.03,0.54,36.41
BATCH_1142,43.92,14.47,3.19,2.12,1.41,0.32,35.51
BATCH_1143,43.32,13.62,3.11,2.1,1.54,0.42,35.31
BATCH_1144,43.2,12.9,2.91,2.17,1.29,0.38,36.43
BATCH_1145,42.73,13.94,3.02,2.0,1.42,0.35,34.56
BATCH_1146,42.74,14.61,3.22,2.37,1.44,0.32,35.31
BATCH_1147,43.15,14.67,3.58,1.89,1.4,0.21,35.12
BATCH_1148,44.52,14.27,2.89,1.99,1.45,0.23,36.34
BATCH_1149,42.35,14.39,2.88,2.15,1.31,0.39,35.74
BATCH_1150,44.13,13.68,2.93,1.79,1.21,0.23,34.98
BATCH_1151,44.55,13.87,2.51,2.17,1.01,0.45,35.72
BATCH_1152,43.59,14.13,3.47,2.17,1.43,0.59,35.17
BATCH_1153,42.84,14.29,3.12,1.98,1.59,0.53,35.22
BATCH_1154,44.22,12.91,3.27,2.39,1.67,0.44,34.58
BATCH_1155,43.39,12.32,3.23,1.91,1.31,0.52,34.53
BATCH_1156,41.48,13.32,3.34,1.84,1.37,0.44,35.75
BATCH_1157,43.88,13.36,3.29,2.0,0.88,0.51,35.93
BATCH_1158,42.86,13.82,3.27,2.16,1.63,0.29,34.94
BATCH_1159,44.72,14.13,3.15,2.35,1.23,0.51,35.05
BATCH_1160,43.09,14.06,3.72,2.14,1.44,0.42,35.93
BATCH_1161,42.95,13.88,3.15,1.99,1.07,0.46,35.38
BATCH_1162,42.92,13.09,2.85,1.73,1.31,0.36,35.79
BATCH_1163,42.99,13.84,3.01,2.49,1.51,0.32,35.12
BATCH_1164,41.77,13.36,3.01,1.94,1.32,0.44,35.74
BATCH_1165,42.34,13.84,3.28,2.04,1.85,0.39,36.22
BATCH_1166,43.53,13.57,2.94,2.13,1.21,0.59,35.27
BATCH_1167,42.73,13.95,3.0,2.21,1.29,0.26,36.17
BATCH_1168,44.22,14.61,3.34,2.35,1.44,0.38,34.61
BATCH_1169,42.99,14.21,2.97,2.19,1.49,0.32,36.1
BATCH_1170,42.46,12.73,3.43,2.09,1.41,0.3,34.55
BATCH_1171,44.88,13.8,2.82,1.91,1.34,0.32,34.69
BATCH_1172,43.7,14.26,3.76,2.25,1.28,0.44,35.75
BATCH_1173,43.26,13.74,2.98,1.99,1.72,0.48,35.11
BATCH_1174,41.75,14.14,2.79,2.03,1.19,0.59,35.1
BATCH_1175,41.77,13.25,3.24,2.2,1.65,0.35,36.31
BATCH_1176,42.66,14.32,2.94,2.28,1.66,0.5,34.93
BATCH_1177,43.48,13.91,3.0,1.71,1.35,0.48,35.41
BATCH_1178,44.65,13.39,2.94,1.98,1.5,0.32,36.39
BATCH_1179,43.76,13.48,3.96,2.22,1.22,0.49,35.59
BATCH_1180,43.63,14.34,3.25,1.86,1.22,0.33,36.29
BATCH_1181,43.28,14.18,2.75,1.97,1.44,0.45,35.86
BATCH_1182,43.33,13.8,2.83,2.03,1.13,0.46,35.18
BATCH_1183,42.37,14.27,3.2,1.87,1.27,0.49,35.47
BATCH_1184,42.83,13.01,3.36,2.36,1.91,0.44,36.3
BATCH_1185,43.16,13.79,2.75,2.11,1.17,0.41,35.03
BATCH_1186,41.4,13.52,3.16,2.12,1.28,0.53,35.58
BATCH_1187,42.76,13.23,3.39,1.95,1.33,0.19,35.41
BATCH_1188,41.89,13.63,3.16,1.66,1.26,0.43,35.8
BATCH_1189,42.76,14.39,3.39,2.0,1.36,0.49,35.87
BATCH_1190,42.41,13.57,2.79,2.1,1.45,0.3,34.63
BATCH_1191,43.57,13.7,3.33,2.52,1.5,0.36,34.53
BATCH_1192,42.29,13.23,3.0,1.87,1.13,0.3,35.41
BATCH_1193,43.3,13.29,3.16,1.92,1.05,0.45,34.67
BATCH_1194,42.79,14.45,3.07,1.68,1.66,0.47,35.66
BATCH_1195,44.31,14.04,3.34,2.29,1.49,0.41,35.34
BATCH_1196,41.6,12.87,3.15,2.15,1.48,0.39,35.16
BATCH_1197,42.09,13.59,3.94,1.86,1.56,0.39,36.04
BATCH_1198,42.83,13.62,3.05,2.01,0.91,0.39,36.34
BATCH_1199,41.94,13.92,3.22,1.93,1.63,0.32,34.73
BATCH_1200,43.38,14.57,3.11,2.04,1.02,0.51,36.12
