Batch_ID,Clinker_CaO,Clinker_SiO2,Clinker_Al2O3,Clinker_Fe2O3,LSF,SM,AM,Free_CaO_pct,C3S_pct,C2S_pct,C3A_pct,C4AF_pct
BATCH_0001,65.17,21.61,5.07,3.56,0.9459,2.5048,1.4264,0.59,58.01,18.19,7.42,10.82
BATCH_0002,66.25,21.51,4.43,3.37,0.9781,2.7569,1.3124,1.162,65.29,12.41,6.03,10.27
BATCH_0003,64.74,19.67,5.25,3.05,1.0217,2.3689,1.7226,1.46,67.1,5.78,8.76,9.28
BATCH_0004,67.74,22.53,4.9,3.55,0.9503,2.6672,1.3815,0.717,62.13,17.74,6.99,10.8
BATCH_0005,65.69,22.03,4.85,3.11,0.945,2.7657,1.5568,0.793,57.51,19.77,7.58,9.48
BATCH_0006,65.93,20.47,4.84,3.35,1.0094,2.4977,1.4452,1.254,68.54,6.99,7.17,10.2
BATCH_0007,65.33,22.5,5.57,3.66,0.9066,2.4384,1.5226,0.908,46.81,29.19,8.57,11.13
BATCH_0008,65.15,20.86,5.28,2.84,0.9783,2.5683,1.8578,0.861,61.32,13.55,9.18,8.65
BATCH_0009,66.59,21.95,4.99,2.85,0.9608,2.8006,1.7518,0.772,61.19,16.78,8.4,8.67
BATCH_0010,66.34,21.54,5.05,3.48,0.9665,2.5241,1.4492,1.212,60.13,16.4,7.49,10.6
BATCH_0011,66.41,21.15,5.35,3.32,0.9796,2.4391,1.6111,0.941,62.52,13.47,8.56,10.1
BATCH_0012,68.57,25.3,5.29,3.65,0.8617,2.8274,1.4487,0.854,40.5,41.99,7.85,11.12
BATCH_0013,68.36,21.27,5.16,2.83,1.0116,2.6632,1.823,0.819,72.09,6.6,8.88,8.61
BATCH_0014,68.91,21.6,4.34,3.51,1.0135,2.7507,1.2357,1.371,74.34,5.86,5.56,10.69
BATCH_0015,68.91,22.56,4.89,3.1,0.9701,2.8237,1.5753,0.964,65.14,15.52,7.7,9.44
BATCH_0016,67.13,20.74,4.85,3.09,1.0186,2.6127,1.5677,0.985,72.52,5.0,7.61,9.41
BATCH_0017,65.78,22.39,5.66,3.11,0.9201,2.5532,1.8219,0.956,49.41,26.91,9.74,9.46
BATCH_0018,68.23,22.01,5.22,3.43,0.9728,2.5432,1.5219,0.56,66.81,12.72,8.04,10.44
BATCH_0019,66.87,21.92,5.43,3.07,0.9571,2.5804,1.7692,1.349,57.0,19.84,9.19,9.33
BATCH_0020,68.07,21.65,5.06,3.05,0.9909,2.6683,1.66,0.854,68.65,10.29,8.26,9.28
BATCH_0021,64.48,21.79,5.24,3.57,0.9262,2.4742,1.4696,0.424,52.42,22.92,7.85,10.85
BATCH_0022,66.52,21.29,4.72,3.42,0.9854,2.6142,1.3778,0.925,66.93,10.54,6.71,10.42
BATCH_0023,68.52,21.58,4.49,3.18,1.0092,2.8137,1.4143,1.067,73.66,6.31,6.53,9.67
BATCH_0024,65.51,21.65,5.21,3.29,0.9494,2.5453,1.5836,0.904,57.04,19.03,8.24,10.02
BATCH_0025,64.33,21.01,4.94,2.52,0.9691,2.8155,1.9576,0.884,60.09,14.9,8.82,7.68
BATCH_0026,68.31,21.85,6.44,3.63,0.9583,2.1693,1.7744,0.907,58.47,18.54,10.93,11.05
BATCH_0027,66.54,22.93,4.79,3.06,0.925,2.9207,1.5682,1.184,54.04,24.97,7.53,9.3
BATCH_0028,67.88,20.88,5.15,3.28,1.0165,2.4765,1.57,1.324,71.59,5.85,8.1,9.98
BATCH_0029,66.35,21.12,4.25,3.5,0.9977,2.722,1.2138,0.3,72.95,5.5,5.34,10.66
BATCH_0030,68.41,21.11,5.07,3.25,1.0162,2.5379,1.5593,0.815,74.08,5.0,7.93,9.89
BATCH_0031,65.91,19.28,5.44,2.99,1.0551,2.2879,1.8203,1.199,74.28,5.0,9.36,9.09
BATCH_0032,67.3,21.65,4.75,3.0,0.9858,2.7941,1.5866,0.828,68.48,10.41,7.53,9.12
BATCH_0033,69.38,22.49,4.23,3.37,0.988,2.96,1.257,1.381,71.15,10.8,5.52,10.24
BATCH_0034,68.86,22.41,5.64,3.06,0.9631,2.5736,1.841,0.863,62.56,17.04,9.77,9.32
BATCH_0035,65.36,21.31,4.47,3.23,0.9736,2.766,1.3827,0.59,65.88,11.4,6.38,9.84
BATCH_0036,67.78,21.43,4.73,3.11,1.0012,2.7326,1.5211,0.927,71.53,7.47,7.27,9.46
BATCH_0037,66.77,21.43,5.21,3.03,0.9788,2.6003,1.7197,0.785,64.66,12.65,8.68,9.22
BATCH_0038,65.26,21.9,5.22,3.15,0.9373,2.6162,1.6574,0.3,57.24,19.6,8.5,9.58
BATCH_0039,67.9,21.23,4.77,3.65,1.0052,2.5201,1.3082,0.884,72.12,6.47,6.48,11.11
BATCH_0040,64.74,20.31,4.69,3.28,1.0017,2.5465,1.431,0.451,69.68,5.66,6.89,9.98
BATCH_0041,68.32,20.13,4.99,3.07,1.0617,2.4946,1.625,1.45,79.08,5.0,8.04,9.35
BATCH_0042,66.15,21.22,4.94,3.46,0.9784,2.5272,1.4287,1.024,64.5,12.2,7.24,10.52
BATCH_0043,68.48,21.47,5.56,3.27,0.9936,2.4316,1.6981,1.251,66.29,11.55,9.19,9.96
BATCH_0044,67.33,22.47,4.74,3.71,0.9483,2.6608,1.2783,0.966,60.69,18.63,6.28,11.28
BATCH_0045,65.25,21.95,4.87,2.99,0.9423,2.7943,1.6282,0.573,58.02,19.16,7.84,9.1
BATCH_0046,66.35,22.01,4.74,3.48,0.9535,2.6769,1.3628,0.792,61.65,16.59,6.68,10.59
BATCH_0047,66.26,21.54,5.32,2.95,0.9659,2.6047,1.8055,0.474,62.79,14.38,9.11,8.97
BATCH_0048,69.19,22.72,5.66,3.49,0.9519,2.4813,1.6211,0.577,61.74,18.56,9.1,10.63
BATCH_0049,67.94,21.21,5.26,3.3,1.0016,2.4784,1.5934,0.924,70.47,7.63,8.35,10.04
BATCH_0050,68.16,21.02,4.63,3.78,1.019,2.4975,1.225,0.75,77.3,5.0,5.88,11.51
BATCH_0051,68.01,21.14,4.62,3.04,1.0198,2.7612,1.5191,0.722,76.29,5.0,7.09,9.25
BATCH_0052,66.29,21.74,4.85,3.65,0.9599,2.558,1.3287,0.58,61.96,15.59,6.68,11.11
BATCH_0053,67.91,21.97,4.98,3.1,0.9769,2.7203,1.6078,0.3,68.74,11.14,7.96,9.43
BATCH_0054,66.57,22.06,5.65,3.56,0.9396,2.3953,1.5842,0.678,56.1,20.92,8.93,10.84
BATCH_0055,64.7,20.64,5.18,3.56,0.9757,2.3606,1.4556,1.115,60.41,13.58,7.71,10.83
BATCH_0056,67.02,22.28,5.72,3.1,0.9404,2.5253,1.845,1.274,53.71,23.36,9.92,9.44
BATCH_0057,68.43,21.44,4.26,3.29,1.0172,2.8417,1.2942,1.504,73.96,5.66,5.71,10.01
BATCH_0058,66.21,19.94,5.35,3.06,1.0306,2.3691,1.7483,1.095,71.64,5.0,9.01,9.32
BATCH_0059,66.57,20.61,4.87,2.91,1.0173,2.649,1.6697,1.239,70.52,5.88,7.96,8.87
BATCH_0060,66.46,23.3,4.9,3.34,0.9068,2.8278,1.4662,0.925,50.03,29.06,7.33,10.17
BATCH_0061,67.56,20.91,5.06,3.66,1.0086,2.399,1.3834,1.335,69.59,7.44,7.22,11.13
BATCH_0062,65.99,19.51,4.69,2.86,1.0623,2.5823,1.6391,1.638,75.87,5.0,7.59,8.71
BATCH_0063,67.28,21.97,4.92,3.46,0.9655,2.6215,1.4219,0.667,64.8,14.11,7.19,10.53
BATCH_0064,67.5,20.27,4.71,3.37,1.045,2.5079,1.3954,1.094,77.89,5.0,6.77,10.27
BATCH_0065,68.82,21.19,4.85,3.5,1.0207,2.5373,1.3853,0.637,77.48,5.0,6.93,10.65
BATCH_0066,66.21,21.0,5.34,3.89,0.9776,2.2735,1.3725,1.364,61.81,13.57,7.57,11.84
BATCH_0067,65.6,21.03,4.57,3.24,0.9868,2.6937,1.4109,0.344,68.42,8.68,6.63,9.86
BATCH_0068,68.7,20.83,5.11,2.86,1.0358,2.6139,1.7889,1.188,76.69,5.0,8.71,8.7
BATCH_0069,66.91,21.69,4.41,2.95,0.9849,2.9473,1.4978,1.041,67.82,11.01,6.71,8.96
BATCH_0070,68.0,21.59,5.46,3.21,0.9841,2.4903,1.7022,1.08,65.11,12.78,9.04,9.76
BATCH_0071,66.29,21.96,3.8,3.29,0.9722,3.0994,1.156,0.422,69.68,10.39,4.51,10.0
BATCH_0072,65.78,22.48,4.96,3.11,0.9277,2.7845,1.5963,1.058,53.28,24.25,7.89,9.46
BATCH_0073,68.38,21.01,5.35,3.48,1.0128,2.381,1.5377,0.878,72.51,5.55,8.29,10.58
BATCH_0074,66.37,22.86,4.3,2.74,0.9354,3.2475,1.5689,1.025,57.81,21.94,6.76,8.34
BATCH_0075,64.45,21.17,4.94,3.74,0.953,2.4401,1.32,0.327,59.86,15.53,6.75,11.38
BATCH_0076,68.93,20.86,4.34,3.75,1.0435,2.5796,1.1555,0.918,82.17,5.0,5.14,11.42
BATCH_0077,66.98,20.96,4.63,2.83,1.0137,2.8105,1.6388,0.857,73.86,5.0,7.49,8.6
BATCH_0078,67.58,22.05,5.26,3.62,0.9598,2.4838,1.4558,0.753,62.73,15.9,7.83,11.0
BATCH_0079,67.83,22.36,4.7,3.42,0.9624,2.753,1.3724,0.3,66.72,13.78,6.66,10.42
BATCH_0080,64.89,21.67,4.83,3.33,0.9455,2.6533,1.4486,0.697,57.88,18.45,7.16,10.15
BATCH_0081,67.45,20.85,5.85,3.86,0.9933,2.1469,1.5171,1.183,64.3,11.26,8.98,11.74
BATCH_0082,66.72,21.24,5.65,3.44,0.9742,2.3344,1.6414,0.779,61.56,14.45,9.15,10.48
BATCH_0083,67.99,21.08,4.76,3.36,1.0159,2.5965,1.4169,0.82,74.09,5.0,6.93,10.22
BATCH_0084,67.16,21.31,4.58,3.01,1.0007,2.8079,1.5179,0.487,72.5,6.4,7.02,9.17
BATCH_0085,67.74,21.12,5.45,3.01,1.0017,2.497,1.8085,1.415,66.56,10.34,9.34,9.16
BATCH_0086,66.78,21.78,4.98,3.1,0.968,2.6926,1.6051,0.3,65.4,13.11,7.95,9.45
BATCH_0087,65.19,21.65,4.57,3.06,0.9573,2.8407,1.4952,1.127,59.77,16.99,6.94,9.3
BATCH_0088,66.71,22.57,5.04,2.82,0.9384,2.8712,1.7844,0.625,58.09,20.89,8.57,8.59
BATCH_0089,66.74,21.89,4.82,2.87,0.9681,2.847,1.6816,0.831,63.63,14.76,7.93,8.72
BATCH_0090,67.84,21.72,5.06,3.15,0.9844,2.6468,1.6056,1.165,66.29,12.25,8.07,9.58
BATCH_0091,66.63,21.15,4.68,2.64,1.0009,2.8867,1.7716,1.445,67.01,10.09,7.94,8.05
BATCH_0092,68.91,20.36,5.07,3.9,1.0502,2.2691,1.3015,1.234,79.67,5.0,6.85,11.86
BATCH_0093,67.09,22.39,5.07,3.23,0.9465,2.6962,1.5694,0.922,59.15,19.58,7.97,9.84
BATCH_0094,66.75,21.1,4.96,3.17,0.9951,2.5968,1.5663,0.919,68.76,8.61,7.78,9.63
BATCH_0095,68.7,24.18,4.17,3.08,0.9195,3.3365,1.3539,0.978,57.88,25.66,5.84,9.37
BATCH_0096,67.47,22.01,5.01,3.8,0.9623,2.5001,1.3174,0.594,64.03,14.81,6.84,11.56
BATCH_0097,67.46,20.54,5.11,4.04,1.0178,2.2459,1.2637,0.792,73.52,5.0,6.69,12.3
BATCH_0098,67.16,21.81,4.21,3.52,0.9818,2.8184,1.196,0.3,71.28,8.75,5.21,10.72
BATCH_0099,69.64,22.78,5.58,2.76,0.9634,2.7316,2.0265,0.51,64.69,16.52,10.14,8.39
BATCH_0100,66.79,23.3,4.45,3.58,0.9162,2.9001,1.2444,0.496,56.31,24.31,5.75,10.89
BATCH_0101,66.37,20.19,4.5,3.11,1.0379,2.6543,1.4452,1.468,74.44,5.0,6.65,9.46
BATCH_0102,66.76,21.09,4.69,3.18,1.0002,2.6818,1.4769,1.24,68.81,8.56,7.05,9.66
BATCH_0103,67.32,20.32,5.7,3.34,1.0213,2.2487,1.7078,1.154,69.52,5.82,9.46,10.16
BATCH_0104,68.3,23.15,4.38,3.4,0.9451,2.9769,1.2873,0.3,64.96,17.36,5.84,10.34
BATCH_0105,67.74,20.59,5.02,3.42,1.0278,2.437,1.4673,0.845,74.93,5.0,7.52,10.42
BATCH_0106,67.66,21.56,4.94,3.66,0.9852,2.507,1.3502,1.033,68.48,10.15,6.9,11.13
BATCH_0107,65.64,21.99,5.15,3.45,0.9376,2.5571,1.4955,0.691,56.2,20.66,7.83,10.49
BATCH_0108,63.57,21.34,4.9,2.97,0.941,2.7113,1.6526,1.017,53.15,21.07,7.97,9.03
BATCH_0109,65.5,21.61,4.94,3.55,0.9526,2.5442,1.3919,1.11,58.38,17.92,7.09,10.81
BATCH_0110,66.0,21.01,4.72,3.3,0.9904,2.6201,1.4282,0.849,66.86,9.8,6.91,10.05
BATCH_0111,67.36,22.48,4.9,3.52,0.9473,2.6688,1.3913,0.3,61.55,18.0,7.03,10.72
BATCH_0112,66.69,21.86,4.27,2.53,0.981,3.2128,1.6863,1.02,67.66,11.63,7.03,7.71
BATCH_0113,66.16,21.08,5.57,3.52,0.9731,2.3183,1.5837,0.3,64.3,11.92,8.81,10.71
BATCH_0114,70.14,22.06,4.94,3.16,1.0055,2.7226,1.5601,1.4,72.46,8.58,7.73,9.63
BATCH_0115,68.04,20.04,5.25,3.45,1.0522,2.3045,1.5215,1.32,77.73,5.0,8.07,10.5
BATCH_0116,65.89,20.92,5.51,3.4,0.9776,2.348,1.6208,0.621,62.97,12.48,8.85,10.35
BATCH_0117,64.75,21.02,4.92,3.4,0.9667,2.525,1.4486,0.929,61.07,14.19,7.3,10.35
BATCH_0118,64.23,21.65,5.86,2.81,0.9245,2.4983,2.0835,0.821,48.77,25.28,10.76,8.55
BATCH_0119,67.84,21.2,5.25,2.86,1.0046,2.6125,1.8355,0.86,70.86,7.33,9.08,8.71
BATCH_0120,64.88,22.51,4.68,3.53,0.9147,2.7423,1.3261,1.138,49.77,26.99,6.43,10.74
BATCH_0121,67.61,20.98,5.58,3.11,1.002,2.4149,1.7947,0.656,70.92,6.66,9.53,9.46
BATCH_0122,68.34,22.64,4.16,3.38,0.9682,3.0051,1.2322,0.371,70.11,12.02,5.31,10.27
BATCH_0123,67.81,21.82,4.72,2.89,0.9881,2.8669,1.6348,1.006,69.32,10.25,7.63,8.79
BATCH_0124,68.91,23.99,5.18,3.16,0.9134,2.8769,1.6391,1.2,51.86,29.66,8.38,9.62
BATCH_0125,68.34,21.63,3.88,3.26,1.015,3.0328,1.1907,1.269,76.43,5.0,4.76,9.91
BATCH_0126,64.57,22.63,4.78,3.02,0.9088,2.9011,1.5857,0.775,49.71,27.37,7.57,9.18
BATCH_0127,68.94,20.67,4.66,3.22,1.0517,2.6222,1.4468,0.64,82.87,5.0,6.9,9.8
BATCH_0128,64.83,20.25,5.06,3.2,0.9995,2.4522,1.5802,0.459,68.14,6.66,7.99,9.74
BATCH_0129,67.43,21.87,4.95,3.33,0.9725,2.6426,1.4856,0.646,66.24,12.73,7.47,10.13
BATCH_0130,67.03,21.47,4.27,3.43,0.9932,2.7863,1.2441,0.575,71.97,7.28,5.51,10.45
BATCH_0131,67.47,21.46,5.73,3.68,0.9726,2.2805,1.5566,0.994,62.38,14.48,8.96,11.2
BATCH_0132,68.44,22.3,4.62,3.28,0.976,2.8221,1.4097,1.109,67.17,13.26,6.7,9.98
BATCH_0133,67.61,21.53,4.73,2.7,0.9985,2.8971,1.7512,0.795,70.97,8.18,7.96,8.22
BATCH_0134,66.9,20.95,4.48,3.02,1.0138,2.793,1.4856,1.069,72.04,5.7,6.77,9.18
BATCH_0135,65.13,21.44,5.16,3.52,0.9504,2.4682,1.4653,1.035,56.38,18.95,7.72,10.72
BATCH_0136,66.37,21.01,6.06,3.37,0.9717,2.2266,1.7964,1.203,58.54,16.08,10.36,10.27
BATCH_0137,67.4,20.56,4.81,3.01,1.032,2.6282,1.5958,0.638,77.46,5.0,7.65,9.17
BATCH_0138,66.36,22.69,5.06,3.33,0.9248,2.7061,1.5206,0.3,55.51,23.17,7.77,10.12
BATCH_0139,68.23,21.18,4.94,3.1,1.0146,2.6353,1.597,0.967,72.83,5.78,7.86,9.42
BATCH_0140,66.79,21.68,4.55,3.23,0.9782,2.7866,1.4079,0.733,66.54,11.97,6.59,9.83
BATCH_0141,68.6,23.03,5.39,3.4,0.9377,2.62,1.5888,0.33,59.54,21.11,8.55,10.33
BATCH_0142,64.86,22.51,5.13,3.53,0.9073,2.5995,1.4541,0.808,48.01,28.32,7.63,10.74
BATCH_0143,68.64,22.32,4.56,3.74,0.975,2.6887,1.2213,1.002,67.97,12.72,5.77,11.37
BATCH_0144,67.19,21.69,4.43,3.14,0.9866,2.8643,1.4114,1.288,67.46,11.3,6.43,9.56
BATCH_0145,69.62,20.99,4.34,3.09,1.0549,2.8234,1.4044,1.432,82.63,5.0,6.28,9.41
BATCH_0146,69.44,21.31,5.41,3.66,1.013,2.3506,1.4793,1.107,73.07,5.98,8.15,11.13
BATCH_0147,66.56,24.6,4.51,3.2,0.8716,3.187,1.4081,0.684,44.32,37.08,6.54,9.75
BATCH_0148,68.68,20.9,5.44,3.1,1.0242,2.447,1.7574,0.928,73.84,5.0,9.18,9.42
BATCH_0149,65.56,21.28,4.75,3.64,0.9694,2.5387,1.3055,0.811,63.37,13.2,6.43,11.06
BATCH_0150,66.49,23.63,5.07,2.91,0.8966,2.9622,1.7402,0.503,49.82,30.18,8.5,8.86
BATCH_0151,68.29,21.4,4.39,3.08,1.0165,2.8654,1.4223,1.568,73.4,5.98,6.4,9.38
BATCH_0152,70.25,21.3,5.11,2.79,1.0393,2.6949,1.8304,0.674,81.76,5.0,8.82,8.5
BATCH_0153,66.86,20.52,5.13,3.39,1.0158,2.4107,1.5137,1.096,71.13,5.18,7.86,10.31
BATCH_0154,65.64,20.77,5.09,3.2,0.9896,2.5045,1.594,1.22,64.82,10.64,8.09,9.73
BATCH_0155,66.09,21.4,4.99,3.1,0.9729,2.6467,1.6104,0.926,62.99,13.84,7.98,9.43
BATCH_0156,67.38,22.93,4.84,3.44,0.9328,2.7707,1.409,1.032,56.12,23.4,7.01,10.45
BATCH_0157,68.39,22.2,4.58,2.99,0.9826,2.9325,1.5291,0.607,69.93,10.89,7.06,9.11
BATCH_0158,66.72,19.88,5.52,3.5,1.0334,2.2041,1.5792,1.451,70.08,5.0,8.72,10.64
BATCH_0159,66.51,22.72,4.87,2.65,0.9343,3.0192,1.839,1.012,56.4,22.59,8.43,8.07
BATCH_0160,66.45,21.37,4.41,3.98,0.9813,2.5455,1.1079,0.65,68.12,9.87,4.95,12.12
BATCH_0161,64.45,21.82,4.06,3.54,0.9442,2.8693,1.1451,0.914,58.57,18.36,4.76,10.79
BATCH_0162,67.04,22.69,4.13,3.17,0.9505,3.109,1.305,0.773,63.11,17.43,5.59,9.63
BATCH_0163,67.46,21.93,4.88,3.07,0.9743,2.7584,1.5882,0.71,65.68,13.31,7.73,9.35
BATCH_0164,66.76,20.88,4.87,3.06,1.007,2.6326,1.5907,0.672,71.38,6.01,7.72,9.32
BATCH_0165,66.46,22.32,4.8,3.58,0.9417,2.6638,1.3418,0.333,60.56,18.3,6.67,10.89
BATCH_0166,67.43,22.14,4.68,3.55,0.9644,2.6902,1.3156,0.779,64.29,14.99,6.38,10.82
BATCH_0167,64.97,20.92,4.38,3.32,0.9847,2.7172,1.3188,0.916,66.1,10.1,5.98,10.1
BATCH_0168,66.82,21.74,5.39,2.93,0.9651,2.6139,1.8386,0.426,63.06,14.75,9.32,8.92
BATCH_0169,67.06,20.41,4.89,3.01,1.0319,2.5817,1.6239,0.697,76.39,5.0,7.87,9.17
BATCH_0170,65.94,20.72,4.46,3.4,1.0053,2.6373,1.3127,1.221,69.05,7.32,6.07,10.34
BATCH_0171,66.81,21.32,5.27,3.62,0.9772,2.3974,1.4556,0.3,66.27,11.12,7.84,11.02
BATCH_0172,64.68,20.46,4.53,3.46,0.9954,2.5589,1.3099,0.828,67.1,8.03,6.16,10.53
BATCH_0173,66.11,22.14,5.48,3.37,0.9342,2.5015,1.6267,0.773,55.21,21.83,8.82,10.25
BATCH_0174,67.58,22.38,4.99,4.17,0.9469,2.4437,1.1983,0.643,60.65,18.42,6.18,12.68
BATCH_0175,67.46,20.21,5.49,3.77,1.028,2.1823,1.4564,1.607,71.01,5.0,8.17,11.47
BATCH_0176,67.83,22.15,4.61,3.3,0.9731,2.7999,1.3967,1.261,64.76,14.66,6.63,10.05
BATCH_0177,68.45,22.39,4.58,3.12,0.9749,2.9072,1.4664,0.736,68.38,12.61,6.85,9.5
BATCH_0178,66.28,20.29,5.43,3.94,1.0059,2.1655,1.3793,1.206,67.22,7.46,7.73,11.98
BATCH_0179,65.98,23.31,5.22,2.96,0.8982,2.8511,1.7639,0.746,46.99,31.38,8.82,9.0
BATCH_0180,67.13,21.55,5.07,2.63,0.9849,2.7973,1.9254,1.061,65.94,12.06,8.98,8.02
BATCH_0181,64.67,22.85,4.59,3.15,0.9039,2.952,1.4549,1.156,47.94,29.35,6.82,9.6
BATCH_0182,65.61,20.91,4.99,3.27,0.984,2.5307,1.5242,1.122,64.2,11.53,7.68,9.96
BATCH_0183,69.27,21.43,4.71,3.54,1.0192,2.5983,1.3324,1.562,74.75,5.06,6.5,10.76
BATCH_0184,67.71,22.46,5.19,3.68,0.947,2.5329,1.4097,0.3,61.92,17.68,7.52,11.2
BATCH_0185,64.44,20.93,4.66,3.05,0.9739,2.7157,1.5298,0.398,64.32,11.48,7.19,9.27
BATCH_0186,67.34,20.19,4.78,3.3,1.0456,2.4982,1.4468,0.786,79.02,5.0,7.07,10.05
BATCH_0187,66.96,21.81,4.52,3.6,0.9727,2.6855,1.2572,0.546,67.55,11.57,5.9,10.95
BATCH_0188,68.69,21.21,5.61,3.03,1.0087,2.4549,1.8529,0.741,72.37,6.23,9.75,9.22
BATCH_0189,63.65,21.02,5.52,2.73,0.9463,2.5465,2.0204,0.3,55.22,18.61,10.01,8.32
BATCH_0190,65.65,21.44,4.73,2.78,0.9726,2.8545,1.702,0.997,61.65,14.94,7.83,8.46
BATCH_0191,67.65,21.37,5.49,3.35,0.9862,2.4175,1.6416,0.774,66.61,11.0,8.89,10.18
BATCH_0192,66.23,19.94,4.58,2.93,1.0475,2.6538,1.5609,1.253,76.46,5.0,7.17,8.93
BATCH_0193,66.23,22.22,4.39,3.45,0.9501,2.8346,1.2702,0.683,61.52,17.28,5.78,10.51
BATCH_0194,65.53,21.88,4.07,3.29,0.9596,2.971,1.2357,1.049,62.81,15.34,5.21,10.02
BATCH_0195,65.8,20.61,5.02,3.07,1.0011,2.5461,1.6339,0.615,69.02,7.02,8.11,9.35
BATCH_0196,66.5,20.72,5.14,3.35,1.0018,2.441,1.5316,1.107,68.17,7.99,7.94,10.21
BATCH_0197,66.44,22.36,5.11,3.15,0.9386,2.7049,1.6239,1.074,55.47,22.25,8.23,9.58
BATCH_0198,66.97,21.96,5.46,3.22,0.9547,2.5291,1.693,0.974,58.01,19.21,9.01,9.81
BATCH_0199,66.87,22.33,4.42,3.26,0.9561,2.9069,1.3581,1.348,61.16,17.88,6.21,9.91
BATCH_0200,67.71,21.16,4.72,3.19,1.0106,2.6754,1.4809,1.027,73.16,5.49,7.12,9.7
BATCH_0201,65.88,20.68,4.63,3.54,1.002,2.5302,1.3059,0.727,70.47,6.12,6.27,10.78
BATCH_0202,69.06,21.14,4.64,3.05,1.0346,2.7479,1.5222,1.156,78.2,5.0,7.14,9.28
BATCH_0203,66.87,20.72,4.53,3.24,1.02,2.6636,1.3975,0.335,76.47,5.0,6.53,9.87
BATCH_0204,67.9,22.15,4.5,3.39,0.9752,2.809,1.3287,0.604,68.72,11.67,6.19,10.3
BATCH_0205,66.71,21.17,5.11,3.54,0.9852,2.448,1.4451,1.481,63.97,12.44,7.56,10.76
BATCH_0206,68.92,21.09,4.92,2.83,1.0316,2.7217,1.7399,0.496,79.13,5.0,8.26,8.61
BATCH_0207,66.86,20.95,5.21,2.97,1.0001,2.5615,1.7533,1.01,67.78,8.94,8.78,9.04
BATCH_0208,65.61,21.47,5.16,3.35,0.9582,2.5218,1.5411,1.017,58.96,17.06,8.01,10.19
BATCH_0209,67.82,22.13,5.38,3.48,0.9596,2.4989,1.5445,0.828,61.18,17.29,8.36,10.59
BATCH_0210,65.39,21.48,4.96,3.45,0.957,2.5532,1.4363,0.336,61.61,15.09,7.3,10.51
BATCH_0211,64.85,22.36,4.73,3.34,0.9204,2.7707,1.4157,1.338,50.52,25.99,6.88,10.17
BATCH_0212,70.48,22.07,4.72,3.09,1.0146,2.8265,1.5299,0.873,77.83,5.0,7.29,9.39
BATCH_0213,68.3,19.8,4.95,3.26,1.0758,2.4126,1.5169,0.953,83.91,5.0,7.59,9.92
BATCH_0214,64.94,21.06,4.06,3.51,0.9821,2.7827,1.1587,1.135,65.59,10.9,4.83,10.67
BATCH_0215,65.12,20.56,5.62,3.22,0.9808,2.3249,1.7441,0.481,63.1,11.33,9.44,9.81
BATCH_0216,68.36,21.87,5.3,2.78,0.985,2.7071,1.9038,1.071,67.65,11.67,9.33,8.47
BATCH_0217,65.79,21.47,5.61,2.75,0.9586,2.5668,2.0362,1.014,57.38,18.25,10.2,8.38
BATCH_0218,66.62,21.47,4.37,3.55,0.9845,2.7121,1.2304,0.819,68.84,9.63,5.57,10.8
BATCH_0219,65.92,20.62,4.93,3.23,1.0026,2.529,1.5257,1.16,67.84,7.94,7.59,9.82
BATCH_0220,68.72,21.13,4.97,3.32,1.0215,2.5491,1.4946,0.998,75.58,5.0,7.54,10.11
BATCH_0221,65.69,22.06,4.89,3.15,0.943,2.7444,1.5504,1.073,56.4,20.69,7.61,9.59
BATCH_0222,66.63,21.62,5.35,3.24,0.9646,2.5148,1.6505,0.798,60.58,16.29,8.7,9.87
BATCH_0223,66.46,21.64,5.05,3.64,0.963,2.4898,1.3887,0.383,63.6,14.05,7.23,11.07
BATCH_0224,66.64,21.58,5.78,3.13,0.9605,2.4213,1.8431,1.05,58.21,17.94,10.0,9.54
BATCH_0225,68.17,21.14,4.82,3.48,1.0139,2.5484,1.3833,0.931,73.89,5.0,6.87,10.59
BATCH_0226,65.8,20.35,4.84,3.09,1.0153,2.5656,1.5675,0.803,72.01,5.0,7.61,9.4
BATCH_0227,67.28,23.22,5.57,3.07,0.9128,2.6886,1.8129,0.86,50.82,28.24,9.56,9.34
BATCH_0228,66.2,23.09,5.11,3.19,0.9087,2.7808,1.603,0.626,50.74,27.91,8.15,9.71
BATCH_0229,65.29,21.15,5.95,3.39,0.9523,2.2632,1.7571,0.698,55.99,18.39,10.05,10.31
BATCH_0230,66.33,21.73,4.78,3.34,0.9649,2.6774,1.4331,0.544,63.75,14.21,7.02,10.15
BATCH_0231,66.58,20.37,5.13,3.26,1.0195,2.4291,1.5758,0.668,73.02,5.0,8.09,9.91
BATCH_0232,65.75,22.1,5.72,3.11,0.9291,2.5029,1.8369,0.468,53.69,22.85,9.88,9.47
BATCH_0233,64.27,21.33,4.97,2.84,0.9516,2.7302,1.7504,1.137,56.04,18.88,8.37,8.64
BATCH_0234,66.16,21.4,4.64,3.32,0.978,2.6871,1.398,1.113,64.71,12.53,6.68,10.11
BATCH_0235,65.62,20.57,5.17,3.17,0.9962,2.4674,1.6293,1.097,65.16,9.83,8.33,9.65
BATCH_0236,66.04,21.93,4.85,3.1,0.9538,2.7577,1.5647,1.011,58.91,18.43,7.61,9.44
BATCH_0237,65.93,22.36,4.63,3.16,0.9387,2.8724,1.4674,0.441,59.17,19.48,6.93,9.6
BATCH_0238,67.11,21.82,4.02,2.99,0.9888,3.1112,1.3446,1.182,69.45,10.16,5.6,9.1
BATCH_0239,67.04,22.37,5.6,3.37,0.937,2.4933,1.6638,0.783,55.24,22.46,9.15,10.25
BATCH_0240,64.6,22.23,4.38,3.32,0.9275,2.8872,1.3173,0.594,55.49,21.87,5.98,10.11
BATCH_0241,66.8,19.82,5.11,3.27,1.0477,2.3666,1.5632,0.604,78.51,5.0,8.01,9.94
BATCH_0242,65.75,20.4,4.85,2.95,1.0138,2.6142,1.6411,1.119,69.37,6.15,7.85,8.99
BATCH_0243,69.52,21.9,5.54,3.67,0.9883,2.3781,1.5073,0.911,68.29,11.26,8.46,11.18
BATCH_0244,67.33,21.5,5.19,3.21,0.9827,2.5601,1.6181,0.462,67.22,10.93,8.33,9.76
BATCH_0245,65.65,21.48,4.57,2.95,0.972,2.8547,1.5503,0.762,64.22,13.13,7.13,8.98
BATCH_0246,66.32,23.44,4.77,3.57,0.9003,2.8118,1.337,1.099,48.91,30.3,6.6,10.85
BATCH_0247,69.93,21.63,5.69,3.21,1.0067,2.4312,1.7734,0.3,74.4,5.88,9.65,9.76
BATCH_0248,67.6,21.28,5.54,2.4,0.9973,2.6819,2.3124,1.489,65.05,11.94,10.63,7.29
BATCH_0249,66.9,23.47,4.34,3.27,0.9157,3.0838,1.3246,0.899,54.1,26.49,5.95,9.96
BATCH_0250,66.7,21.86,5.26,3.9,0.9519,2.3854,1.3477,0.448,61.27,16.46,7.34,11.88
BATCH_0251,66.25,22.63,4.6,3.37,0.9322,2.8388,1.3655,0.375,58.37,20.84,6.49,10.25
BATCH_0252,66.32,21.44,5.36,3.39,0.9655,2.4506,1.5804,0.55,62.23,14.54,8.46,10.32
BATCH_0253,67.63,21.89,5.22,3.08,0.972,2.6365,1.6943,0.583,64.95,13.77,8.62,9.38
BATCH_0254,69.6,21.54,4.43,3.26,1.0274,2.7996,1.3604,1.024,79.05,5.0,6.23,9.92
BATCH_0255,68.98,23.02,4.83,2.97,0.9557,2.953,1.6284,0.642,64.98,16.97,7.78,9.02
BATCH_0256,64.58,20.92,5.38,3.46,0.9599,2.3662,1.553,0.829,58.15,16.11,8.39,10.54
BATCH_0257,64.86,21.78,4.93,3.71,0.9359,2.5223,1.33,0.801,55.22,20.78,6.79,11.28
BATCH_0258,66.11,19.76,4.58,3.43,1.0483,2.4656,1.3353,0.62,79.16,5.0,6.34,10.44
BATCH_0259,67.91,21.21,4.17,3.36,1.0203,2.8184,1.2406,0.911,76.47,5.0,5.36,10.22
BATCH_0260,69.54,22.19,4.0,3.13,1.0083,3.1094,1.277,2.366,71.46,9.7,5.3,9.54
BATCH_0261,64.57,20.57,3.74,3.14,1.0069,2.9942,1.191,0.985,71.09,5.36,4.59,9.54
BATCH_0262,67.94,22.53,4.54,3.38,0.9605,2.8456,1.3413,0.908,64.77,15.73,6.3,10.29
BATCH_0263,66.94,21.93,4.36,2.83,0.9775,3.0513,1.5399,1.058,66.61,12.63,6.76,8.61
BATCH_0264,69.6,22.84,5.8,3.39,0.952,2.4872,1.7117,0.413,61.88,18.81,9.63,10.31
BATCH_0265,65.94,21.32,5.08,3.22,0.9714,2.5684,1.5793,1.272,61.02,15.09,8.02,9.79
BATCH_0266,67.88,20.24,4.9,3.61,1.0461,2.3777,1.3587,0.858,78.95,5.0,6.89,10.98
BATCH_0267,63.85,20.44,5.15,2.55,0.9815,2.6549,2.018,0.527,62.0,11.81,9.32,7.76
BATCH_0268,66.53,21.83,4.64,3.23,0.9673,2.7764,1.4366,0.3,64.83,13.67,6.82,9.82
BATCH_0269,66.59,21.51,4.67,3.24,0.9802,2.7193,1.4415,0.885,66.19,11.73,6.89,9.86
BATCH_0270,68.07,21.19,4.34,3.61,1.0177,2.6658,1.2035,1.43,73.93,5.0,5.4,10.98
BATCH_0271,67.99,20.02,4.72,2.71,1.0708,2.695,1.7459,0.946,82.98,5.0,7.94,8.23
BATCH_0272,67.9,23.19,5.02,3.39,0.9281,2.7589,1.4801,0.519,57.81,22.87,7.56,10.31
BATCH_0273,66.62,20.85,5.15,3.25,0.9991,2.4828,1.5879,0.557,69.47,7.37,8.16,9.88
BATCH_0274,65.44,21.31,5.4,3.39,0.9575,2.4244,1.5946,0.606,59.09,16.51,8.58,10.31
BATCH_0275,67.86,22.78,4.61,2.74,0.9544,3.1021,1.6846,1.165,62.15,18.43,7.58,8.32
BATCH_0276,67.09,21.89,4.6,3.03,0.9753,2.8702,1.5203,0.508,67.45,11.88,7.07,9.21
BATCH_0277,67.91,20.05,5.09,3.04,1.0572,2.4664,1.6745,1.504,77.57,5.0,8.35,9.25
BATCH_0278,65.28,19.71,4.91,3.27,1.0329,2.4096,1.5037,1.102,72.25,5.0,7.49,9.94
BATCH_0279,65.64,19.95,5.16,3.44,1.021,2.3199,1.4976,0.88,70.84,5.0,7.84,10.48
BATCH_0280,67.94,21.1,4.76,2.91,1.019,2.7509,1.6374,0.892,74.68,5.0,7.7,8.85
BATCH_0281,70.43,21.87,5.3,3.19,1.0107,2.5757,1.6631,0.608,75.96,5.4,8.66,9.7
BATCH_0282,65.67,19.82,4.54,2.88,1.0457,2.6741,1.5773,1.798,73.39,5.0,7.15,8.75
BATCH_0283,70.05,21.78,5.21,3.14,1.011,2.6074,1.6568,0.744,75.81,5.26,8.49,9.57
BATCH_0284,65.39,20.7,5.62,3.23,0.9789,2.3396,1.7408,0.926,60.62,13.61,9.43,9.82
BATCH_0285,70.23,20.23,4.88,3.08,1.0888,2.5416,1.5858,1.211,87.64,5.0,7.73,9.37
BATCH_0286,66.48,22.22,4.54,3.06,0.9544,2.9214,1.4839,0.666,62.76,16.36,6.86,9.32
BATCH_0287,68.03,21.88,5.59,3.34,0.9698,2.449,1.6744,0.518,65.12,13.61,9.17,10.17
BATCH_0288,65.09,20.3,4.44,3.23,1.0128,2.6474,1.3761,0.3,72.94,5.0,6.31,9.82
BATCH_0289,65.79,19.98,5.91,2.88,1.0137,2.273,2.0549,0.708,68.19,5.83,10.8,8.75
BATCH_0290,64.01,22.18,4.8,3.56,0.9122,2.6528,1.3506,0.67,50.44,25.54,6.71,10.82
BATCH_0291,67.64,19.42,4.34,3.17,1.0975,2.5857,1.3708,0.963,88.04,5.0,6.15,9.64
BATCH_0292,66.49,19.81,4.69,3.24,1.052,2.4965,1.4454,0.929,78.95,5.0,6.94,9.87
BATCH_0293,68.18,22.38,5.05,3.1,0.9638,2.7448,1.6271,0.42,65.43,14.8,8.13,9.44
BATCH_0294,66.28,21.13,4.79,3.59,0.9855,2.5217,1.3352,0.561,66.91,10.1,6.63,10.92
BATCH_0295,65.13,21.25,4.59,3.01,0.9727,2.7995,1.5254,0.969,62.45,13.81,7.06,9.15
BATCH_0296,66.41,21.03,5.53,3.29,0.9817,2.3825,1.6815,0.825,63.59,12.31,9.1,10.01
BATCH_0297,66.15,22.04,5.74,2.53,0.9418,2.6629,2.2659,0.325,56.26,20.74,10.93,7.71
BATCH_0298,66.5,21.87,5.42,3.44,0.9504,2.4657,1.5754,0.3,60.63,16.95,8.55,10.48
BATCH_0299,65.92,22.57,4.79,3.73,0.9238,2.6483,1.285,1.008,53.56,24.3,6.39,11.35
BATCH_0300,67.39,21.54,4.36,3.13,0.997,2.8768,1.3925,0.584,72.67,6.95,6.25,9.53
BATCH_0301,67.26,20.34,5.27,3.4,1.0271,2.3457,1.5524,1.093,72.23,5.0,8.23,10.34
BATCH_0302,63.66,22.89,5.37,2.74,0.8803,2.8218,1.9574,0.71,39.84,35.57,9.59,8.35
BATCH_0303,66.49,21.12,4.58,3.42,0.9947,2.6422,1.3391,0.668,70.08,7.68,6.34,10.4
BATCH_0304,66.56,22.42,5.08,3.07,0.9392,2.7518,1.6537,1.015,56.33,21.79,8.26,9.34
BATCH_0305,67.51,21.57,4.72,3.15,0.9914,2.743,1.5,0.755,70.02,9.02,7.18,9.57
BATCH_0306,67.95,20.69,5.43,3.42,1.0192,2.338,1.5861,1.046,72.16,5.0,8.59,10.41
BATCH_0307,66.75,21.59,4.91,3.12,0.9765,2.6889,1.5731,0.671,65.44,12.52,7.73,9.49
BATCH_0308,66.09,20.22,4.88,2.84,1.0275,2.622,1.7193,0.951,73.51,5.0,8.12,8.63
BATCH_0309,64.69,23.99,4.77,3.31,0.862,2.9697,1.4428,0.754,39.69,38.83,7.05,10.06
BATCH_0310,64.52,21.48,4.2,2.48,0.966,3.2143,1.6966,0.811,62.52,14.41,6.95,7.54
BATCH_0311,66.76,19.21,4.36,3.36,1.091,2.4902,1.2987,1.289,84.41,5.0,5.87,10.21
BATCH_0312,65.79,19.73,4.88,3.25,1.0406,2.426,1.5033,1.033,73.85,5.0,7.45,9.89
BATCH_0313,64.56,21.02,4.92,3.65,0.9617,2.4512,1.3473,0.593,60.44,14.66,6.86,11.12
BATCH_0314,66.1,20.81,4.65,3.04,1.0042,2.7079,1.5317,1.096,69.31,7.38,7.19,9.24
BATCH_0315,67.86,21.5,4.28,3.08,1.0078,2.9177,1.3889,0.828,75.31,5.0,6.13,9.38
BATCH_0316,66.76,22.38,4.55,3.14,0.9516,2.9139,1.4497,0.483,64.22,15.71,6.74,9.54
BATCH_0317,67.29,20.43,4.91,3.45,1.0297,2.4435,1.4248,0.807,76.37,5.0,7.19,10.49
BATCH_0318,68.95,23.55,4.36,3.51,0.9386,2.9931,1.2437,0.317,65.01,18.49,5.63,10.67
BATCH_0319,70.37,20.78,6.07,3.11,1.0428,2.2614,1.9497,0.459,79.77,5.0,10.82,9.48
BATCH_0320,69.82,22.14,5.11,3.43,0.9922,2.5916,1.4891,0.438,72.39,8.88,7.74,10.45
BATCH_0321,66.75,22.05,4.5,3.44,0.9623,2.7789,1.3077,0.466,64.88,14.26,6.1,10.46
BATCH_0322,67.08,22.4,5.1,3.4,0.9443,2.636,1.5023,0.494,60.1,18.88,7.77,10.33
BATCH_0323,65.61,21.42,5.21,3.46,0.9583,2.4709,1.5036,1.386,56.58,18.72,7.94,10.54
BATCH_0324,67.12,22.68,4.97,3.56,0.9351,2.6595,1.3979,0.799,57.14,21.92,7.16,10.82
BATCH_0325,66.71,23.33,4.52,3.71,0.912,2.8331,1.2194,1.056,51.95,27.68,5.71,11.29
BATCH_0326,69.06,21.81,4.96,3.03,1.0009,2.7292,1.6363,1.132,70.97,8.99,8.02,9.22
BATCH_0327,65.1,22.16,4.47,3.36,0.9354,2.8285,1.3301,0.845,56.41,20.98,6.16,10.23
BATCH_0328,67.14,20.81,5.81,3.25,0.997,2.2959,1.7848,0.523,68.15,8.24,9.89,9.9
BATCH_0329,66.57,20.09,5.57,3.53,1.0204,2.2082,1.5781,1.12,69.78,5.0,8.79,10.74
BATCH_0330,68.93,20.75,5.47,3.2,1.0328,2.3945,1.7112,1.223,74.65,5.0,9.09,9.73
BATCH_0331,66.1,21.35,5.58,3.22,0.9641,2.4249,1.7357,0.724,59.86,16.04,9.36,9.79
BATCH_0332,67.19,20.68,6.12,3.89,0.9915,2.066,1.5717,1.125,62.64,12.03,9.62,11.84
BATCH_0333,66.96,18.89,5.23,3.53,1.0895,2.156,1.4792,1.44,81.24,5.0,7.87,10.75
BATCH_0334,65.9,20.28,5.52,3.5,1.0032,2.249,1.5748,0.784,66.9,7.68,8.69,10.66
BATCH_0335,67.27,20.63,5.19,2.99,1.0204,2.5246,1.7364,0.856,72.63,5.0,8.69,9.09
BATCH_0336,66.1,21.71,5.08,3.35,0.957,2.5756,1.5132,0.933,59.12,17.66,7.78,10.21
BATCH_0337,65.51,20.92,4.52,3.02,0.9928,2.7719,1.4963,0.874,67.67,8.94,6.87,9.2
BATCH_0338,67.93,21.87,5.99,3.07,0.9645,2.4153,1.9544,0.3,62.74,15.38,10.69,9.33
BATCH_0339,66.7,21.01,4.79,3.08,1.0018,2.6688,1.5566,1.49,67.02,9.68,7.49,9.37
BATCH_0340,63.6,21.02,5.91,2.76,0.9389,2.424,2.1461,1.135,49.78,22.7,11.01,8.39
BATCH_0341,67.91,21.65,5.97,2.84,0.9753,2.4564,2.1008,0.6,63.35,14.28,11.01,8.65
BATCH_0342,65.27,22.0,4.98,2.84,0.9403,2.8133,1.7554,0.793,56.66,20.33,8.4,8.64
BATCH_0343,66.15,21.08,5.42,3.68,0.9739,2.3172,1.4716,0.899,62.03,13.64,8.13,11.2
BATCH_0344,66.88,21.0,4.32,3.16,1.0128,2.8107,1.3683,1.292,71.89,5.98,6.1,9.6
BATCH_0345,65.91,20.13,5.46,2.88,1.0172,2.4144,1.9003,0.685,70.69,5.0,9.61,8.75
BATCH_0346,64.44,21.97,5.44,2.97,0.9206,2.61,1.8307,0.729,49.63,25.56,9.4,9.05
BATCH_0347,68.16,22.68,5.21,3.03,0.9503,2.7497,1.7192,1.2,59.52,20.11,8.69,9.23
BATCH_0348,64.32,22.39,5.6,3.48,0.8974,2.4664,1.6101,0.31,46.21,29.33,8.95,10.58
BATCH_0349,67.55,21.37,4.74,3.31,0.9982,2.6522,1.4321,1.131,69.94,8.5,6.97,10.08
BATCH_0350,64.55,21.24,5.0,3.14,0.9563,2.6079,1.5916,0.713,58.99,16.38,7.94,9.56
BATCH_0351,69.61,21.28,5.34,3.27,1.022,2.4735,1.6325,0.993,75.8,5.0,8.61,9.94
BATCH_0352,66.27,22.16,4.61,2.9,0.9539,2.9483,1.5894,1.069,60.91,17.58,7.31,8.83
BATCH_0353,67.48,22.77,4.42,3.13,0.9494,3.0185,1.413,0.3,65.21,16.07,6.41,9.51
BATCH_0354,67.07,22.01,4.34,3.89,0.9671,2.6766,1.1153,0.676,66.59,12.87,4.91,11.83
BATCH_0355,67.85,20.51,4.62,3.05,1.0449,2.6755,1.5137,0.786,80.19,5.0,7.07,9.28
BATCH_0356,67.57,20.47,5.46,3.31,1.0235,2.3339,1.6503,1.273,71.29,5.0,8.87,10.07
BATCH_0357,65.93,19.66,4.98,3.21,1.0447,2.4021,1.5529,1.037,74.86,5.0,7.77,9.76
BATCH_0358,67.21,21.11,4.91,3.26,1.0014,2.5817,1.5056,1.222,69.21,8.31,7.5,9.93
BATCH_0359,67.82,22.46,4.96,3.68,0.9524,2.6019,1.3482,0.388,63.63,16.38,6.91,11.18
BATCH_0360,68.07,21.2,5.74,3.5,0.9931,2.2937,1.6388,0.316,68.85,8.85,9.29,10.66
BATCH_0361,67.01,21.93,5.14,3.51,0.9591,2.5344,1.4623,0.309,63.04,15.33,7.67,10.7
BATCH_0362,65.6,21.02,5.32,2.99,0.9767,2.5286,1.7816,1.159,60.7,14.46,9.05,9.09
BATCH_0363,65.69,23.1,5.3,3.39,0.8971,2.658,1.5631,0.367,48.72,29.46,8.31,10.32
BATCH_0364,69.12,20.57,4.5,3.51,1.0587,2.5688,1.2828,1.242,83.12,5.0,5.99,10.68
BATCH_0365,67.21,20.91,4.66,3.07,1.0164,2.7035,1.52,1.408,71.72,5.83,7.17,9.34
BATCH_0366,65.89,21.95,5.32,3.08,0.9432,2.6149,1.7292,0.579,57.11,19.85,8.89,9.36
BATCH_0367,65.99,20.01,4.34,3.49,1.039,2.5564,1.2462,1.067,76.43,5.0,5.61,10.61
BATCH_0368,67.19,21.13,4.67,3.53,1.0021,2.5734,1.3223,0.562,71.67,6.5,6.41,10.76
BATCH_0369,65.52,20.79,4.54,3.5,0.9939,2.5845,1.2964,0.456,70.03,6.76,6.11,10.66
BATCH_0370,65.37,20.7,4.58,2.88,1.0007,2.7737,1.5915,0.723,69.87,6.64,7.27,8.76
BATCH_0371,68.96,21.01,4.61,3.17,1.0381,2.7011,1.4512,1.138,78.75,5.0,6.84,9.66
BATCH_0372,66.9,20.4,4.6,3.52,1.0303,2.5125,1.3059,0.65,76.96,5.0,6.23,10.71
BATCH_0373,66.24,21.22,5.44,2.85,0.977,2.5587,1.9104,0.91,62.99,13.32,9.6,8.67
BATCH_0374,68.42,21.31,5.11,3.46,1.0055,2.4871,1.4761,1.47,69.59,8.6,7.68,10.53
BATCH_0375,68.2,21.28,5.17,3.01,1.007,2.6016,1.7162,0.674,73.09,5.86,8.6,9.16
BATCH_0376,67.67,21.99,5.38,2.73,0.9692,2.7103,1.9694,1.16,61.86,16.39,9.64,8.32
BATCH_0377,69.21,18.62,4.8,3.6,1.1491,2.2172,1.3341,1.742,92.92,5.0,6.63,10.95
BATCH_0378,65.07,20.62,3.92,3.03,1.0104,2.9702,1.2937,0.608,73.5,5.0,5.26,9.21
BATCH_0379,62.63,22.25,4.94,3.15,0.8911,2.7502,1.5666,0.725,42.69,31.6,7.75,9.59
BATCH_0380,68.41,23.42,5.25,3.22,0.9249,2.7658,1.6279,0.52,56.22,24.73,8.45,9.81
BATCH_0381,66.48,23.78,4.16,3.43,0.9006,3.1336,1.2147,0.847,51.91,29.02,5.23,10.43
BATCH_0382,70.15,21.28,4.62,3.51,1.0409,2.6191,1.3175,1.233,81.41,5.0,6.31,10.67
BATCH_0383,66.72,20.98,5.21,3.46,0.9921,2.4207,1.5069,1.371,65.94,10.41,7.96,10.52
BATCH_0384,65.84,19.29,5.45,2.99,1.0533,2.2851,1.8254,0.91,75.2,5.0,9.4,9.09
BATCH_0385,69.57,19.91,4.73,3.63,1.091,2.3804,1.3011,1.335,87.58,5.0,6.38,11.06
BATCH_0386,67.89,22.66,5.39,3.4,0.9413,2.5779,1.5856,0.3,60.11,19.61,8.53,10.34
BATCH_0387,65.02,22.96,5.77,3.28,0.8864,2.5381,1.7581,0.676,42.69,33.63,9.73,9.98
BATCH_0388,66.38,22.69,4.86,3.36,0.9279,2.7607,1.4488,0.498,56.99,22.06,7.21,10.21
BATCH_0389,68.76,22.41,5.2,3.4,0.9659,2.6059,1.5278,0.889,64.64,15.48,8.02,10.35
BATCH_0390,66.94,20.84,5.38,3.29,1.0,2.4034,1.6364,1.375,66.3,9.73,8.7,10.01
BATCH_0391,65.98,20.21,4.39,3.59,1.0278,2.5329,1.2229,1.098,73.68,5.0,5.56,10.92
BATCH_0392,65.7,20.8,4.72,3.34,0.9941,2.5792,1.4129,0.726,69.47,7.24,6.86,10.17
BATCH_0393,65.96,21.29,4.86,3.0,0.9787,2.7101,1.6217,0.696,65.11,11.92,7.81,9.12
BATCH_0394,66.99,22.52,4.68,3.38,0.9453,2.7922,1.3839,0.784,60.74,18.74,6.68,10.29
BATCH_0395,66.75,22.03,4.33,3.14,0.9686,2.9505,1.3789,0.958,65.6,13.67,6.16,9.55
BATCH_0396,68.33,21.94,5.44,3.41,0.9736,2.4809,1.5968,1.105,64.07,14.57,8.65,10.36
BATCH_0397,67.83,21.97,5.62,3.39,0.9627,2.4393,1.6604,0.3,64.05,14.67,9.17,10.3
BATCH_0398,65.94,20.85,4.69,3.2,0.9979,2.6408,1.4641,1.154,67.04,9.19,7.01,9.75
BATCH_0399,67.13,20.73,5.05,2.72,1.0192,2.6673,1.8557,0.759,73.08,5.0,8.78,8.28
BATCH_0400,65.08,20.29,4.51,3.47,1.0095,2.543,1.2998,1.189,69.51,5.73,6.08,10.56
BATCH_0401,69.12,20.47,5.62,3.25,1.0447,2.3048,1.7282,0.894,77.61,5.0,9.4,9.9
BATCH_0402,65.6,23.14,3.63,3.17,0.9212,3.4014,1.1472,0.485,58.47,22.24,4.27,9.64
BATCH_0403,67.05,20.2,5.09,3.82,1.0289,2.2661,1.3315,1.002,74.3,5.0,7.02,11.64
BATCH_0404,67.68,21.17,4.76,2.95,1.0118,2.7477,1.6135,1.355,72.13,6.27,7.62,8.97
BATCH_0405,67.97,21.18,3.95,3.49,1.025,2.8471,1.1318,1.047,78.85,5.0,4.56,10.62
BATCH_0406,65.73,20.03,5.45,3.04,1.0176,2.3599,1.7915,1.062,68.35,5.86,9.29,9.25
BATCH_0407,67.6,22.18,5.09,3.15,0.9623,2.6907,1.6126,0.679,63.11,15.97,8.14,9.6
BATCH_0408,67.81,20.84,4.57,3.08,1.03,2.725,1.4858,0.424,79.08,5.0,6.91,9.36
BATCH_0409,66.61,19.81,5.22,3.26,1.0432,2.3359,1.6024,1.133,75.01,5.0,8.32,9.92
BATCH_0410,64.25,21.53,4.77,3.27,0.943,2.6803,1.4595,1.504,53.57,21.32,7.11,9.94
BATCH_0411,66.73,22.76,5.18,3.42,0.9245,2.6448,1.5147,0.883,54.0,24.52,7.95,10.41
BATCH_0412,67.24,20.5,4.83,3.71,1.025,2.402,1.3019,1.138,73.43,5.0,6.52,11.28
BATCH_0413,64.42,21.89,5.35,3.41,0.9213,2.4993,1.5712,0.347,51.68,23.76,8.42,10.36
BATCH_0414,66.23,20.15,4.86,3.68,1.0247,2.3588,1.3186,0.502,74.8,5.0,6.64,11.21
BATCH_0415,66.13,19.49,5.23,3.25,1.0501,2.2986,1.6116,1.309,73.4,5.0,8.37,9.88
BATCH_0416,64.93,20.16,5.57,3.47,0.993,2.2308,1.6027,0.835,63.31,10.04,8.87,10.57
BATCH_0417,66.83,21.96,5.54,3.2,0.9517,2.5139,1.7307,0.3,61.15,16.84,9.26,9.74
BATCH_0418,65.73,21.3,5.08,2.71,0.9738,2.7344,1.8712,1.334,60.81,15.19,8.86,8.26
BATCH_0419,67.06,22.13,5.52,2.99,0.9508,2.603,1.847,0.435,59.5,18.56,9.56,9.09
BATCH_0420,67.51,21.35,5.0,3.16,0.9953,2.6164,1.5823,0.655,70.19,8.26,7.9,9.62
BATCH_0421,66.75,19.66,5.21,2.36,1.0624,2.5963,2.2039,1.447,75.63,5.0,9.8,7.19
BATCH_0422,66.28,21.74,4.7,3.39,0.9645,2.6889,1.3879,0.412,64.83,13.43,6.73,10.3
BATCH_0423,65.74,22.3,4.74,2.6,0.9415,3.0411,1.8258,0.642,58.15,20.07,8.17,7.9
BATCH_0424,67.16,22.06,4.84,3.28,0.9636,2.7169,1.4752,1.053,62.71,15.93,7.27,9.98
BATCH_0425,65.65,22.13,5.43,3.25,0.93,2.5485,1.668,0.847,53.84,22.83,8.88,9.9
BATCH_0426,68.88,21.57,4.34,3.59,1.0138,2.7224,1.209,0.941,77.19,5.0,5.42,10.92
BATCH_0427,67.12,21.6,5.56,2.7,0.9741,2.6147,2.0605,0.583,63.38,14.11,10.17,8.21
BATCH_0428,66.63,20.41,5.01,3.11,1.0223,2.5106,1.6093,0.972,72.08,5.0,8.01,9.48
BATCH_0429,70.2,20.41,5.35,3.51,1.066,2.3046,1.5237,0.66,85.2,5.0,8.23,10.68
BATCH_0430,64.23,20.44,3.49,3.2,1.0114,3.0546,1.0897,1.589,69.85,5.92,3.83,9.75
BATCH_0431,67.62,21.69,5.18,2.99,0.9814,2.6559,1.7302,0.646,66.78,11.82,8.66,9.1
BATCH_0432,66.4,20.91,4.99,2.92,0.9994,2.6427,1.7116,1.654,65.12,10.83,8.3,8.88
BATCH_0433,68.21,21.03,5.62,3.22,1.0073,2.3778,1.7475,0.419,71.82,6.1,9.46,9.79
BATCH_0434,68.59,22.48,5.16,3.31,0.9622,2.6533,1.5613,0.729,64.54,15.76,8.09,10.06
BATCH_0435,67.63,20.8,5.14,3.05,1.0188,2.5407,1.688,1.316,71.73,5.51,8.47,9.27
BATCH_0436,64.91,21.3,4.54,3.45,0.9639,2.6662,1.3182,0.945,61.11,14.97,6.21,10.49
BATCH_0437,63.95,20.3,4.41,3.29,0.9949,2.6352,1.3395,0.841,66.4,8.12,6.12,10.02
BATCH_0438,66.6,22.53,5.73,3.75,0.9199,2.3782,1.5297,1.253,49.26,27.44,8.85,11.4
BATCH_0439,67.36,21.42,6.01,3.48,0.9701,2.2557,1.7253,0.901,60.63,15.66,10.03,10.6
BATCH_0440,67.13,21.76,4.55,2.92,0.9831,2.9138,1.5564,0.3,70.11,9.49,7.11,8.89
BATCH_0441,65.87,20.83,3.56,3.31,1.0175,3.0316,1.0733,1.178,75.12,5.0,3.82,10.08
BATCH_0442,66.46,20.43,4.09,2.94,1.0381,2.9059,1.391,1.028,77.02,5.0,5.86,8.95
BATCH_0443,67.78,22.13,4.47,3.03,0.9782,2.9476,1.4737,0.659,69.38,11.1,6.72,9.23
BATCH_0444,66.21,19.66,4.93,3.95,1.0423,2.2143,1.2484,1.149,73.97,5.0,6.38,12.01
BATCH_0445,68.11,21.14,4.16,3.06,1.0292,2.9283,1.3628,1.263,77.71,5.0,5.87,9.3
BATCH_0446,69.29,22.85,4.98,3.76,0.957,2.6157,1.3236,0.869,64.39,16.94,6.83,11.44
BATCH_0447,66.77,21.58,5.6,4.03,0.9572,2.2412,1.3889,0.885,59.2,17.2,8.01,12.26
BATCH_0448,66.14,20.83,5.26,3.33,0.9901,2.4233,1.5788,0.979,65.28,10.47,8.3,10.14
BATCH_0449,67.83,19.9,5.4,3.38,1.0531,2.2671,1.5971,0.328,80.61,5.0,8.59,10.29
BATCH_0450,68.76,21.62,5.13,3.66,0.9953,2.4589,1.4017,0.3,72.92,6.98,7.41,11.14
BATCH_0451,66.93,21.09,5.24,3.4,0.991,2.4421,1.5402,0.33,68.84,8.53,8.12,10.34
BATCH_0452,66.38,20.09,5.03,2.98,1.0334,2.5092,1.6875,1.034,72.53,5.0,8.28,9.07
BATCH_0453,64.91,21.15,4.29,3.67,0.9725,2.6556,1.1705,1.155,62.72,13.31,5.17,11.16
BATCH_0454,66.69,21.42,5.87,2.85,0.9685,2.4569,2.0565,0.582,60.77,15.56,10.72,8.68
BATCH_0455,66.79,19.41,4.65,4.02,1.068,2.2372,1.1574,1.265,79.69,5.0,5.53,12.24
BATCH_0456,65.54,20.22,4.1,2.9,1.0334,2.8891,1.417,1.005,75.5,5.0,5.97,8.81
BATCH_0457,66.04,18.63,5.1,3.0,1.0965,2.3009,1.6983,1.32,81.6,5.0,8.43,9.13
BATCH_0458,66.36,22.04,5.39,3.32,0.9436,2.5312,1.6241,0.528,57.81,19.57,8.67,10.1
BATCH_0459,66.35,22.63,4.62,3.16,0.9351,2.9069,1.4637,0.486,58.07,21.06,6.91,9.61
BATCH_0460,67.25,21.34,4.79,3.6,0.9913,2.5436,1.3288,1.095,67.88,9.97,6.59,10.96
BATCH_0461,64.41,21.6,6.01,3.17,0.9233,2.3509,1.8954,1.151,47.1,26.4,10.57,9.66
BATCH_0462,65.75,20.41,5.58,2.92,1.0001,2.4012,1.9128,0.3,68.16,7.1,9.85,8.88
BATCH_0463,68.41,22.1,5.27,3.22,0.9732,2.6029,1.6378,0.3,66.8,12.97,8.52,9.8
BATCH_0464,66.97,21.72,5.14,2.75,0.9742,2.755,1.8701,1.381,61.76,15.67,8.96,8.36
BATCH_0465,63.3,20.46,4.46,3.34,0.9766,2.6223,1.3333,0.764,62.61,11.42,6.16,10.18
BATCH_0466,67.26,21.11,4.45,3.17,1.0112,2.77,1.4008,0.826,73.56,5.04,6.41,9.66
BATCH_0467,66.18,21.91,4.89,3.18,0.9549,2.7125,1.5368,1.14,58.66,18.57,7.58,9.69
BATCH_0468,67.45,21.34,4.09,3.19,1.011,2.9316,1.2825,0.745,75.35,5.0,5.44,9.7
BATCH_0469,68.57,19.46,5.64,3.27,1.0819,2.1862,1.7261,0.645,84.51,5.0,9.41,9.94
BATCH_0470,67.15,20.9,5.22,3.0,1.0062,2.5403,1.7384,0.95,69.73,7.31,8.76,9.14
BATCH_0471,65.63,21.33,4.9,2.79,0.9733,2.7749,1.7594,0.799,63.08,13.58,8.28,8.48
BATCH_0472,66.98,20.02,4.73,3.04,1.0512,2.5776,1.5591,1.184,77.38,5.0,7.41,9.24
BATCH_0473,66.72,20.04,4.62,3.85,1.0398,2.366,1.2007,0.771,77.86,5.0,5.74,11.71
BATCH_0474,68.47,21.48,4.14,3.16,1.0195,2.9407,1.3087,0.534,79.39,5.0,5.62,9.63
BATCH_0475,67.14,20.85,4.45,2.92,1.0232,2.8269,1.5251,0.415,78.02,5.0,6.86,8.89
BATCH_0476,66.29,20.8,4.9,3.37,0.9996,2.5159,1.4529,0.725,69.12,7.49,7.27,10.26
BATCH_0477,67.69,20.73,3.51,3.51,1.049,2.9559,0.9995,1.299,81.8,5.0,3.36,10.67
BATCH_0478,65.93,22.15,4.38,3.11,0.9513,2.9573,1.4055,0.487,62.57,16.31,6.33,9.48
BATCH_0479,65.64,20.94,4.74,3.78,0.9829,2.4575,1.2521,0.456,67.48,9.13,6.15,11.51
BATCH_0480,66.91,21.48,5.5,3.75,0.9673,2.3226,1.4684,0.616,62.23,14.63,8.24,11.4
BATCH_0481,65.67,21.16,4.62,3.21,0.9817,2.7016,1.4389,0.988,65.44,11.31,6.81,9.77
BATCH_0482,67.2,21.85,5.0,3.69,0.9659,2.5159,1.3547,0.543,64.7,13.83,7.0,11.22
BATCH_0483,66.24,21.05,4.81,2.94,0.9941,2.7177,1.6389,1.018,67.37,9.53,7.78,8.93
BATCH_0484,68.75,21.06,4.25,3.74,1.0339,2.6349,1.1346,1.146,78.8,5.0,4.92,11.39
BATCH_0485,63.97,20.49,5.05,3.44,0.9743,2.4134,1.4685,0.953,61.15,12.61,7.56,10.46
BATCH_0486,69.88,22.03,5.89,3.46,0.9844,2.3568,1.7004,1.192,66.09,13.3,9.74,10.53
BATCH_0487,67.47,21.74,5.35,3.72,0.968,2.3963,1.4405,0.867,62.83,14.92,7.9,11.31
BATCH_0488,66.51,20.91,4.71,3.38,1.0016,2.5843,1.3947,0.918,69.75,7.34,6.77,10.28
BATCH_0489,66.52,22.03,5.28,3.13,0.9492,2.6181,1.6863,0.877,57.38,19.89,8.7,9.53
BATCH_0490,67.72,21.65,4.23,3.43,0.9971,2.8281,1.2336,0.478,73.4,6.69,5.4,10.43
BATCH_0491,66.12,20.55,4.82,3.22,1.0107,2.5568,1.4974,1.151,69.07,6.81,7.33,9.79
BATCH_0492,64.76,20.7,5.02,3.15,0.9806,2.5339,1.5933,0.982,62.99,11.84,7.97,9.59
BATCH_0493,68.56,21.6,4.86,3.31,1.0012,2.643,1.4697,1.199,71.76,7.8,7.29,10.07
BATCH_0494,67.08,20.89,4.56,2.91,1.0186,2.7981,1.5681,1.589,71.41,6.02,7.16,8.85
BATCH_0495,66.0,20.43,4.15,3.1,1.0281,2.8214,1.3395,1.18,74.99,5.0,5.75,9.42
BATCH_0496,66.19,20.82,5.04,2.94,0.999,2.6089,1.7161,0.687,68.2,8.25,8.39,8.94
BATCH_0497,64.88,21.15,4.37,3.11,0.9758,2.8262,1.4062,1.094,64.0,12.36,6.33,9.46
BATCH_0498,66.78,22.41,5.25,3.23,0.9387,2.6449,1.6256,0.951,56.13,21.9,8.44,9.82
BATCH_0499,68.31,23.11,5.06,2.97,0.9397,2.8772,1.7047,0.337,61.35,19.96,8.39,9.04
BATCH_0500,65.58,21.51,4.54,2.91,0.9703,2.8851,1.5606,0.623,63.94,13.45,7.12,8.86
BATCH_0501,63.85,20.8,4.4,3.42,0.9711,2.6582,1.2851,0.786,62.23,12.69,5.87,10.42
BATCH_0502,66.75,20.5,5.21,3.12,1.0165,2.4608,1.6679,0.735,72.16,5.0,8.52,9.5
BATCH_0503,68.53,21.31,4.84,3.12,1.0151,2.6744,1.5509,1.08,73.75,5.45,7.55,9.5
BATCH_0504,68.15,19.54,4.53,3.05,1.0968,2.5774,1.4878,1.304,86.74,5.0,6.86,9.27
BATCH_0505,69.01,21.39,4.84,3.46,1.0156,2.5778,1.4009,1.261,73.9,5.58,6.98,10.52
BATCH_0506,67.02,22.76,4.99,3.56,0.9304,2.6609,1.4017,1.217,54.7,23.99,7.2,10.84
BATCH_0507,68.15,20.02,5.3,3.49,1.0536,2.2781,1.5189,1.522,76.73,5.0,8.14,10.62
BATCH_0508,68.16,21.11,5.04,2.83,1.0175,2.6802,1.782,1.39,71.19,6.81,8.58,8.61
BATCH_0509,66.07,23.17,4.7,3.58,0.9069,2.7989,1.3114,0.615,51.61,27.5,6.39,10.9
BATCH_0510,67.38,21.43,5.21,3.18,0.9861,2.5534,1.6386,1.128,64.62,12.69,8.43,9.68
BATCH_0511,66.64,21.44,4.75,2.77,0.987,2.8508,1.7161,0.725,67.81,10.3,7.91,8.42
BATCH_0512,64.61,22.31,5.41,3.18,0.9095,2.5959,1.6995,0.65,47.6,28.06,8.95,9.69
BATCH_0513,69.76,20.09,4.18,3.5,1.0978,2.6166,1.1918,1.207,91.65,5.0,5.14,10.66
BATCH_0514,66.77,23.65,5.98,3.27,0.8842,2.5543,1.8271,0.414,44.06,34.56,10.31,9.96
BATCH_0515,66.51,22.04,4.88,3.18,0.9552,2.7316,1.5328,0.657,61.46,16.81,7.55,9.69
BATCH_0516,66.55,20.96,4.51,3.33,1.0045,2.6733,1.3569,1.017,70.52,6.88,6.33,10.12
BATCH_0517,66.87,21.36,4.99,3.21,0.9853,2.6039,1.5515,1.116,65.53,11.79,7.78,9.78
BATCH_0518,67.32,21.25,5.18,2.98,0.995,2.6041,1.735,0.813,68.01,9.63,8.67,9.08
BATCH_0519,68.21,20.43,4.95,3.39,1.0437,2.449,1.4575,1.082,78.12,5.0,7.37,10.33
BATCH_0520,64.59,21.46,5.2,3.44,0.9423,2.4836,1.5119,0.965,54.87,20.12,7.96,10.47
BATCH_0521,67.38,21.08,5.05,3.8,0.9975,2.3811,1.3273,1.278,67.5,9.5,6.94,11.57
BATCH_0522,67.11,22.65,4.5,3.4,0.9448,2.8704,1.3245,1.095,59.64,19.95,6.17,10.33
BATCH_0523,68.98,20.82,4.84,3.61,1.0382,2.4661,1.341,1.226,77.93,5.0,6.71,10.97
BATCH_0524,66.12,21.07,4.39,3.55,0.9932,2.6567,1.2375,0.698,69.72,7.82,5.63,10.79
BATCH_0525,69.27,22.18,4.42,3.58,0.9934,2.7718,1.2375,1.072,72.98,8.52,5.68,10.88
BATCH_0526,65.19,20.85,5.17,3.86,0.9717,2.3086,1.3409,0.605,62.24,12.81,7.18,11.74
BATCH_0527,66.86,21.61,4.69,3.29,0.9794,2.7072,1.4225,0.748,66.52,11.77,6.84,10.03
BATCH_0528,66.93,21.34,4.93,3.04,0.9894,2.6786,1.6248,0.541,68.95,9.17,7.93,9.24
BATCH_0529,69.76,22.06,5.4,2.94,0.9944,2.6456,1.8375,0.877,70.14,10.33,9.34,8.94
BATCH_0530,67.11,21.64,4.58,2.96,0.9869,2.8722,1.5477,0.438,70.56,8.8,7.12,9.0
BATCH_0531,68.55,21.0,5.98,2.93,1.0101,2.3566,2.0384,1.087,68.74,8.34,10.88,8.92
BATCH_0532,66.79,21.54,5.03,3.05,0.9773,2.6663,1.6471,0.818,64.6,13.04,8.16,9.29
BATCH_0533,65.97,20.54,4.11,3.13,1.0231,2.8387,1.315,1.296,73.71,5.0,5.6,9.51
BATCH_0534,65.34,21.24,5.45,2.98,0.9617,2.5189,1.8292,0.862,58.8,16.53,9.4,9.07
BATCH_0535,67.32,23.08,5.25,3.53,0.9196,2.6293,1.4897,0.539,54.25,25.23,7.95,10.73
BATCH_0536,67.15,23.01,4.97,3.16,0.9271,2.8319,1.5739,1.032,54.63,24.75,7.82,9.6
BATCH_0537,64.31,21.06,5.27,3.28,0.9537,2.464,1.6065,1.239,54.33,19.41,8.41,9.98
BATCH_0538,68.98,21.33,4.7,2.95,1.0251,2.7855,1.5936,0.506,79.49,5.0,7.47,8.98
BATCH_0539,65.18,21.08,4.98,3.28,0.9708,2.554,1.5194,0.3,64.07,12.12,7.65,9.97
BATCH_0540,65.91,21.44,4.82,3.29,0.9701,2.6436,1.4664,0.649,63.72,13.39,7.21,10.0
BATCH_0541,67.14,21.31,5.19,3.01,0.9894,2.6017,1.7258,0.513,68.45,9.47,8.66,9.15
BATCH_0542,65.49,21.3,4.16,3.14,0.9821,2.916,1.326,0.514,68.75,9.21,5.72,9.56
BATCH_0543,67.76,19.11,4.66,3.62,1.1027,2.3103,1.288,1.206,88.02,5.0,6.22,11.0
BATCH_0544,65.17,20.38,5.07,3.91,0.9921,2.2698,1.2959,0.845,65.69,8.87,6.81,11.9
BATCH_0545,64.56,21.73,4.77,3.35,0.9393,2.6753,1.4223,0.3,57.86,18.64,6.96,10.2
BATCH_0546,68.41,22.14,4.63,3.27,0.9818,2.8045,1.4174,0.316,71.75,9.36,6.74,9.94
BATCH_0547,67.55,22.43,4.84,2.83,0.9589,2.9243,1.7071,0.526,63.41,16.46,8.02,8.62
BATCH_0548,66.06,21.9,5.16,3.16,0.9494,2.6325,1.6326,0.718,58.42,18.73,8.33,9.62
BATCH_0549,64.41,22.66,5.04,3.4,0.8983,2.6825,1.4826,0.353,47.18,29.36,7.61,10.35
BATCH_0550,69.92,20.59,5.09,2.87,1.0654,2.5838,1.773,1.314,82.53,5.0,8.64,8.74
BATCH_0551,66.54,23.26,4.91,3.39,0.9089,2.8035,1.4496,0.553,52.23,27.27,7.28,10.31
BATCH_0552,66.05,19.45,4.64,2.94,1.0666,2.5655,1.5761,0.937,80.47,5.0,7.31,8.95
BATCH_0553,68.79,20.64,4.59,3.34,1.0508,2.6027,1.3726,0.846,82.11,5.0,6.5,10.17
BATCH_0554,67.28,21.43,6.1,3.58,0.9658,2.2135,1.7051,1.157,58.36,17.42,10.12,10.89
BATCH_0555,65.14,20.94,4.58,3.26,0.9834,2.6701,1.4039,1.541,63.19,12.35,6.62,9.93
BATCH_0556,69.35,22.05,5.03,3.29,0.9918,2.6481,1.5277,0.922,70.44,10.08,7.76,10.02
BATCH_0557,65.97,21.64,5.52,3.17,0.9523,2.4897,1.7439,1.387,54.65,20.81,9.28,9.64
BATCH_0558,65.52,22.37,5.5,3.53,0.916,2.4748,1.5578,0.735,49.93,26.46,8.61,10.75
BATCH_0559,64.85,20.75,5.06,2.77,0.9831,2.6486,1.8239,1.035,62.82,12.09,8.71,8.44
BATCH_0560,67.58,20.32,4.51,3.25,1.0491,2.6183,1.3863,1.31,79.29,5.0,6.44,9.9
BATCH_0561,66.47,19.37,4.8,3.55,1.0667,2.32,1.3528,1.036,79.87,5.0,6.72,10.8
BATCH_0562,66.61,21.81,5.13,3.54,0.958,2.5182,1.4497,0.605,61.33,16.27,7.6,10.76
BATCH_0563,64.92,23.11,5.3,3.25,0.8871,2.7002,1.6295,0.3,45.29,32.08,8.55,9.9
BATCH_0564,66.26,24.29,4.79,2.6,0.878,3.2866,1.8436,0.506,45.9,35.02,8.3,7.91
BATCH_0565,66.93,22.7,4.67,3.56,0.9362,2.758,1.3111,0.836,58.4,21.03,6.35,10.84
BATCH_0566,68.04,21.32,5.6,2.69,0.9981,2.5709,2.0815,1.062,67.16,10.46,10.29,8.19
BATCH_0567,64.23,21.69,4.75,2.59,0.9429,2.9568,1.8314,0.797,55.25,20.51,8.19,7.88
BATCH_0568,65.68,22.71,5.62,2.98,0.9089,2.6424,1.8881,0.542,49.33,27.9,9.85,9.06
BATCH_0569,65.64,19.79,4.68,3.12,1.0411,2.5371,1.5006,0.611,76.2,5.0,7.13,9.49
BATCH_0570,68.05,21.18,5.25,2.9,1.0082,2.5986,1.807,0.656,71.27,6.97,8.99,8.84
BATCH_0571,64.22,22.63,4.29,3.15,0.9103,3.0403,1.3641,0.821,51.07,26.34,6.05,9.58
BATCH_0572,66.92,20.19,3.93,2.94,1.0598,2.9409,1.3377,1.162,81.77,5.0,5.44,8.94
BATCH_0573,66.29,21.67,4.82,3.24,0.9669,2.6896,1.4867,0.3,65.42,12.77,7.28,9.86
BATCH_0574,63.13,23.0,5.36,3.9,0.8605,2.4828,1.3747,0.503,36.1,38.7,7.61,11.87
BATCH_0575,66.79,23.28,4.91,3.59,0.9097,2.741,1.3672,0.911,51.5,27.9,6.93,10.92
BATCH_0576,66.72,21.23,5.34,3.02,0.984,2.5383,1.768,1.092,63.91,12.64,9.04,9.19
BATCH_0577,67.13,20.48,4.78,3.67,1.0254,2.4266,1.3029,1.073,74.36,5.0,6.45,11.15
BATCH_0578,64.61,20.17,4.54,3.41,1.0075,2.539,1.3304,0.864,69.24,5.59,6.25,10.37
BATCH_0579,65.99,21.71,4.79,3.23,0.9615,2.7068,1.4819,0.805,61.83,15.6,7.22,9.83
BATCH_0580,68.05,22.36,4.35,2.99,0.9755,3.048,1.4553,0.744,69.16,11.92,6.47,9.09
BATCH_0581,67.22,20.68,4.57,2.97,1.0292,2.7446,1.5407,0.99,75.85,5.0,7.09,9.02
BATCH_0582,66.06,20.63,4.43,3.13,1.0144,2.7318,1.4161,0.396,75.13,5.0,6.44,9.51
BATCH_0583,66.58,21.2,4.78,3.06,0.9926,2.7057,1.5624,1.248,66.18,10.85,7.49,9.3
BATCH_0584,67.75,21.56,4.62,3.19,0.9965,2.7601,1.4489,0.801,71.22,8.09,6.85,9.71
BATCH_0585,66.67,21.95,5.3,3.74,0.9492,2.4285,1.4183,0.886,58.56,18.74,7.72,11.37
BATCH_0586,68.37,22.31,4.95,3.52,0.9668,2.6321,1.4056,1.17,64.07,15.64,7.16,10.72
BATCH_0587,65.58,20.92,4.6,2.99,0.993,2.7551,1.5366,0.734,69.15,7.81,7.12,9.11
BATCH_0588,66.96,22.2,4.24,3.61,0.9621,2.8301,1.1747,0.649,66.23,13.69,5.13,10.98
BATCH_0589,66.45,20.49,5.57,3.19,1.0049,2.3375,1.745,1.349,65.25,9.51,9.36,9.72
BATCH_0590,68.43,20.99,4.8,3.38,1.0254,2.5661,1.42,0.847,76.56,5.0,7.0,10.29
BATCH_0591,66.37,22.33,4.76,3.6,0.9406,2.6717,1.3211,0.3,60.19,18.6,6.51,10.96
BATCH_0592,67.84,20.93,4.88,2.85,1.023,2.7088,1.7151,0.963,74.11,5.0,8.12,8.66
BATCH_0593,66.12,22.48,5.46,3.06,0.925,2.6383,1.7854,0.321,54.99,22.96,9.3,9.31
BATCH_0594,68.33,22.13,4.62,3.35,0.9805,2.7787,1.3797,0.846,68.53,11.75,6.57,10.19
BATCH_0595,68.65,18.53,5.63,3.63,1.1252,2.0013,1.5482,1.036,89.81,5.0,8.76,11.06
BATCH_0596,67.99,21.01,4.74,2.93,1.0234,2.7395,1.6177,0.428,77.27,5.0,7.6,8.92
BATCH_0597,64.94,22.98,4.92,3.01,0.8994,2.8957,1.6335,1.485,44.16,32.56,7.95,9.17
BATCH_0598,68.15,18.81,6.22,3.72,1.0893,1.8924,1.6724,1.062,81.25,5.0,10.19,11.32
BATCH_0599,66.88,23.01,4.97,3.65,0.9193,2.6701,1.3635,1.027,52.67,26.23,7.0,11.09
BATCH_0600,65.91,20.77,4.92,2.82,1.0004,2.6846,1.7441,1.125,66.48,9.4,8.26,8.58
BATCH_0601,65.36,21.39,4.86,2.81,0.9675,2.787,1.729,0.864,61.39,15.01,8.13,8.56
BATCH_0602,64.67,20.3,4.6,3.12,1.0043,2.6309,1.475,0.683,69.26,5.96,6.91,9.49
BATCH_0603,65.51,21.0,5.07,3.22,0.9781,2.5352,1.5735,0.977,62.86,12.79,7.98,9.8
BATCH_0604,67.53,22.14,4.62,3.13,0.9706,2.8586,1.4743,0.795,65.96,13.72,6.93,9.53
BATCH_0605,67.72,21.51,5.7,2.59,0.985,2.5925,2.1987,0.604,65.47,12.28,10.72,7.89
BATCH_0606,64.85,21.18,4.79,3.41,0.9639,2.5847,1.4046,1.246,58.4,16.67,6.92,10.37
BATCH_0607,67.64,20.45,4.98,3.39,1.0335,2.4429,1.4706,0.555,77.79,5.0,7.47,10.31
BATCH_0608,65.86,20.77,5.02,3.01,0.9959,2.5866,1.6684,0.956,66.69,9.23,8.21,9.16
BATCH_0609,66.77,21.59,5.47,3.26,0.9659,2.473,1.6815,0.432,62.89,14.45,9.0,9.91
BATCH_0610,67.53,22.02,4.0,3.28,0.9844,3.0226,1.219,0.984,70.71,9.79,5.05,9.99
BATCH_0611,64.92,21.63,4.64,2.73,0.9558,2.934,1.6983,0.756,60.91,16.08,7.67,8.32
BATCH_0612,65.7,21.21,5.48,3.17,0.9659,2.4507,1.7282,0.777,60.1,15.46,9.16,9.65
BATCH_0613,68.87,20.99,5.12,2.87,1.0313,2.6272,1.783,1.593,74.29,5.0,8.71,8.74
BATCH_0614,69.36,22.62,5.49,3.32,0.9622,2.5682,1.6531,1.088,63.24,17.15,8.93,10.1
BATCH_0615,66.88,22.19,5.42,3.8,0.9406,2.4072,1.427,0.469,58.45,19.52,7.94,11.56
BATCH_0616,67.39,20.04,5.64,2.97,1.0395,2.3277,1.903,0.71,75.21,5.0,9.94,9.03
BATCH_0617,66.23,21.84,4.72,3.7,0.9569,2.5928,1.2772,0.757,61.31,16.35,6.26,11.25
BATCH_0618,67.52,20.24,6.02,3.64,1.0188,2.0934,1.6531,1.545,66.92,7.55,9.8,11.09
BATCH_0619,67.1,21.13,5.06,3.58,0.9932,2.4456,1.4105,1.3,66.43,10.47,7.33,10.91
BATCH_0620,66.97,21.13,6.22,3.88,0.9683,2.0929,1.6058,0.312,61.74,14.02,9.93,11.79
BATCH_0621,66.43,22.47,5.01,3.18,0.9358,2.7463,1.5765,0.799,55.51,22.54,7.89,9.66
BATCH_0622,68.47,20.61,4.96,2.99,1.0437,2.5915,1.6573,0.976,79.01,5.0,8.08,9.11
BATCH_0623,66.79,20.3,5.4,3.69,1.0163,2.2324,1.462,0.3,72.47,5.0,8.06,11.24
BATCH_0624,67.99,22.03,4.2,3.75,0.9829,2.7735,1.121,1.357,68.12,11.78,4.79,11.4
BATCH_0625,67.61,21.3,4.53,3.21,1.0066,2.7518,1.4121,1.09,72.26,6.55,6.58,9.76
BATCH_0626,66.7,21.55,4.86,3.91,0.9708,2.4571,1.2439,1.001,63.6,13.8,6.27,11.89
BATCH_0627,67.14,20.98,5.57,3.0,0.9965,2.4465,1.8541,1.003,66.27,10.15,9.68,9.14
BATCH_0628,68.73,22.13,5.64,3.09,0.9713,2.5334,1.8256,0.48,65.52,14.03,9.73,9.41
BATCH_0629,68.31,22.71,5.05,2.53,0.9579,2.9958,2.0001,0.331,64.59,16.4,9.12,7.69
BATCH_0630,66.34,20.38,4.87,3.77,1.015,2.3604,1.2905,0.558,72.72,5.0,6.51,11.47
BATCH_0631,66.11,20.66,5.05,4.15,0.9923,2.2468,1.2183,1.064,66.15,9.34,6.37,12.62
BATCH_0632,67.35,21.45,5.51,3.38,0.978,2.4129,1.6319,0.944,64.75,12.65,8.89,10.28
BATCH_0633,67.66,21.69,4.99,3.6,0.9799,2.525,1.3835,1.12,65.44,12.81,7.11,10.97
BATCH_0634,66.4,20.63,4.77,3.87,1.006,2.3885,1.2337,0.926,70.54,5.93,6.1,11.77
BATCH_0635,69.22,21.88,4.92,3.1,1.0006,2.7313,1.5881,0.384,74.65,6.42,7.79,9.42
BATCH_0636,66.35,20.69,4.75,3.94,1.0023,2.3802,1.2039,1.209,68.21,7.86,5.91,12.0
BATCH_0637,64.4,21.8,4.61,2.64,0.9432,3.007,1.7477,1.126,54.8,21.15,7.75,8.03
BATCH_0638,65.4,21.3,4.97,3.71,0.9616,2.4552,1.3382,0.3,63.91,12.85,6.88,11.29
BATCH_0639,68.77,20.98,4.72,3.37,1.0326,2.5942,1.3994,0.823,78.82,5.0,6.8,10.26
BATCH_0640,66.76,20.49,5.5,2.67,1.0159,2.5077,2.0603,0.881,69.93,5.99,10.06,8.13
BATCH_0641,67.32,22.37,5.14,3.06,0.9507,2.7262,1.6796,0.685,60.03,18.86,8.45,9.32
BATCH_0642,69.37,20.39,5.11,3.22,1.0619,2.4467,1.5858,0.85,82.9,5.0,8.09,9.81
BATCH_0643,65.06,21.37,5.7,2.9,0.9491,2.4842,1.9663,1.233,53.56,20.85,10.2,8.82
BATCH_0644,70.27,22.37,5.62,3.33,0.982,2.499,1.6884,1.102,67.23,13.43,9.27,10.13
BATCH_0645,67.46,22.63,4.87,3.46,0.9441,2.7179,1.4059,1.09,58.93,20.42,7.04,10.53
BATCH_0646,65.91,21.86,4.99,3.37,0.9497,2.6126,1.4801,0.557,60.12,17.32,7.52,10.27
BATCH_0647,67.52,21.28,5.37,2.99,0.9933,2.545,1.7983,0.503,69.46,8.61,9.18,9.09
BATCH_0648,68.35,20.63,5.04,3.5,1.0342,2.4171,1.4418,1.501,74.63,5.0,7.44,10.64
BATCH_0649,66.3,19.44,4.68,2.69,1.0732,2.64,1.7411,1.318,80.68,5.0,7.85,8.17
BATCH_0650,68.24,21.95,4.67,3.32,0.9855,2.7454,1.4064,1.34,67.56,11.98,6.76,10.11
BATCH_0651,64.7,20.09,4.79,3.65,1.0049,2.3782,1.3117,0.563,68.58,5.86,6.52,11.12
BATCH_0652,65.91,20.62,5.96,2.98,0.9865,2.3072,1.9978,1.742,58.7,14.83,10.74,9.07
BATCH_0653,64.9,23.06,4.87,3.23,0.8952,2.8454,1.5076,0.562,47.21,30.48,7.44,9.83
BATCH_0654,65.16,20.49,3.99,3.28,1.0134,2.8209,1.2154,0.92,73.07,5.0,5.01,9.98
BATCH_0655,65.02,21.32,4.49,3.02,0.9698,2.839,1.4862,0.723,63.61,13.14,6.79,9.19
BATCH_0656,69.79,22.09,4.64,3.09,1.0052,2.8588,1.5014,0.8,75.14,6.65,7.06,9.4
BATCH_0657,67.23,23.22,5.47,2.79,0.9162,2.8111,1.9637,0.573,52.81,26.72,9.79,8.48
BATCH_0658,68.59,22.14,4.85,3.2,0.9816,2.7509,1.5164,0.892,68.1,12.09,7.44,9.73
BATCH_0659,67.2,21.09,5.04,3.09,1.0016,2.596,1.6321,1.215,68.07,9.1,8.13,9.39
BATCH_0660,66.36,19.45,5.11,3.45,1.0564,2.2723,1.4799,0.931,76.55,5.0,7.69,10.5
BATCH_0661,66.73,20.73,4.61,3.71,1.0114,2.4899,1.2413,0.659,73.76,5.0,5.93,11.3
BATCH_0662,66.8,21.74,5.61,3.23,0.9582,2.4603,1.7354,1.091,58.87,17.93,9.39,9.83
BATCH_0663,66.46,21.06,5.25,3.32,0.9856,2.46,1.5829,0.976,64.7,11.58,8.3,10.09
BATCH_0664,67.59,20.92,4.09,3.21,1.0307,2.8649,1.2735,1.217,76.42,5.0,5.41,9.77
BATCH_0665,66.51,21.47,4.53,3.26,0.9831,2.7585,1.3897,0.932,67.47,10.64,6.48,9.91
BATCH_0666,68.79,21.77,4.51,2.85,1.0082,2.9606,1.5847,0.766,75.53,5.45,7.13,8.66
BATCH_0667,66.18,21.33,5.09,2.72,0.9788,2.73,1.8691,0.548,65.73,11.58,8.88,8.29
BATCH_0668,67.89,21.16,5.16,3.64,1.0012,2.4052,1.4157,0.605,72.14,6.25,7.5,11.08
BATCH_0669,65.52,21.06,5.6,3.38,0.965,2.3446,1.6561,0.785,59.1,15.8,9.12,10.29
BATCH_0670,67.04,20.86,4.14,3.08,1.0255,2.8891,1.3455,0.858,76.82,5.0,5.77,9.37
BATCH_0671,67.18,20.78,5.13,3.69,1.0064,2.3566,1.3907,0.597,72.11,5.18,7.35,11.23
BATCH_0672,67.46,21.51,5.04,3.47,0.9845,2.5276,1.4552,1.149,65.78,12.04,7.5,10.55
BATCH_0673,67.77,20.28,5.05,3.08,1.045,2.4943,1.6412,1.112,77.13,5.0,8.18,9.37
BATCH_0674,68.26,21.22,4.32,3.22,1.0234,2.8157,1.3423,1.156,76.01,5.0,6.0,9.79
BATCH_0675,68.12,21.92,4.66,3.66,0.9823,2.6375,1.2728,0.835,69.11,10.72,6.15,11.13
BATCH_0676,67.35,21.68,5.4,3.29,0.9713,2.494,1.6407,0.3,65.35,12.87,8.74,10.02
BATCH_0677,67.09,19.68,4.85,2.94,1.068,2.5282,1.6516,1.228,80.56,5.0,7.88,8.93
BATCH_0678,67.08,21.44,4.9,2.8,0.9903,2.7841,1.7486,1.366,66.28,11.47,8.24,8.53
BATCH_0679,64.64,20.94,4.95,3.23,0.9695,2.5589,1.53,0.881,61.38,13.73,7.64,9.84
BATCH_0680,65.88,23.76,4.47,3.37,0.8892,3.0293,1.3272,0.851,47.68,32.15,6.15,10.26
BATCH_0681,67.64,21.04,5.34,3.5,1.0007,2.3798,1.5273,0.391,70.89,6.84,8.24,10.64
BATCH_0682,66.96,19.42,4.49,3.54,1.079,2.4181,1.2667,0.55,85.04,5.0,5.9,10.78
BATCH_0683,65.45,21.12,4.72,3.77,0.9736,2.4888,1.2522,0.63,64.42,11.94,6.13,11.46
BATCH_0684,68.57,20.86,4.91,3.7,1.0282,2.4244,1.3273,0.849,77.64,5.0,6.75,11.25
BATCH_0685,68.41,19.99,4.19,3.47,1.0814,2.6123,1.2078,0.3,90.91,5.0,5.23,10.55
BATCH_0686,66.88,21.36,5.15,2.88,0.9855,2.6603,1.7868,0.685,66.62,10.99,8.77,8.77
BATCH_0687,66.14,21.66,4.07,3.52,0.9755,2.8536,1.1557,0.655,67.46,11.19,4.82,10.71
BATCH_0688,66.72,20.22,5.25,3.26,1.0261,2.3755,1.61,1.029,72.4,5.0,8.39,9.92
BATCH_0689,67.04,21.91,4.8,3.68,0.9646,2.5828,1.3066,0.974,63.21,15.12,6.51,11.19
BATCH_0690,66.0,22.66,4.42,3.53,0.9289,2.85,1.255,0.409,58.69,20.69,5.76,10.73
BATCH_0691,68.84,22.61,4.27,2.79,0.98,3.2023,1.533,1.037,69.94,12.05,6.61,8.48
BATCH_0692,64.33,21.05,4.48,3.45,0.9666,2.6523,1.297,0.642,63.35,12.55,6.03,10.51
BATCH_0693,67.13,21.4,5.09,3.25,0.9851,2.5661,1.5692,0.806,67.23,10.64,8.01,9.88
BATCH_0694,64.28,22.3,4.78,3.16,0.9151,2.8066,1.5116,1.2,48.43,27.41,7.32,9.63
BATCH_0695,65.79,23.31,4.64,3.36,0.9008,2.9123,1.3814,0.56,50.13,29.02,6.62,10.23
BATCH_0696,64.83,21.09,4.72,2.88,0.9737,2.7737,1.64,1.303,60.59,14.74,7.64,8.76
BATCH_0697,68.82,21.18,5.82,3.37,1.0048,2.3036,1.7249,1.248,67.92,9.49,9.71,10.27
BATCH_0698,67.58,21.58,5.12,2.82,0.988,2.7168,1.8126,0.3,70.31,8.83,8.79,8.59
BATCH_0699,67.61,22.91,4.64,3.12,0.9424,2.9548,1.488,0.531,60.49,20.05,7.02,9.48
BATCH_0700,67.77,22.17,4.84,3.04,0.97,2.8149,1.5942,0.965,64.85,14.65,7.69,9.24
BATCH_0701,68.87,19.88,5.3,3.72,1.0689,2.2046,1.425,1.102,82.67,5.0,7.75,11.31
BATCH_0702,65.61,22.46,4.69,3.41,0.9277,2.7724,1.3735,0.922,54.03,23.62,6.65,10.38
BATCH_0703,66.76,21.64,4.61,2.94,0.9814,2.8664,1.5651,0.782,67.49,11.12,7.23,8.95
BATCH_0704,68.33,21.46,5.03,2.79,1.006,2.7436,1.8003,1.363,69.8,8.86,8.6,8.5
BATCH_0705,67.81,20.2,5.38,3.04,1.0434,2.3995,1.7686,1.11,75.68,5.0,9.11,9.25
BATCH_0706,70.64,21.24,5.56,2.77,1.0397,2.5489,2.0088,1.446,77.13,5.0,10.06,8.43
BATCH_0707,68.21,21.78,5.56,2.71,0.9828,2.6351,2.0501,0.896,65.87,12.75,10.14,8.25
BATCH_0708,66.75,22.0,5.82,3.58,0.9415,2.3416,1.6258,0.3,57.05,20.03,9.36,10.89
BATCH_0709,63.77,20.21,5.45,3.38,0.976,2.288,1.6122,0.7,60.22,12.53,8.73,10.29
BATCH_0710,63.87,22.65,5.0,3.4,0.8916,2.6958,1.4708,0.862,44.46,31.39,7.5,10.35
BATCH_0711,68.46,21.82,3.64,3.08,1.0147,3.2505,1.1826,1.185,77.43,5.0,4.44,9.36
BATCH_0712,65.79,19.95,4.51,2.94,1.0412,2.6754,1.5323,0.658,76.81,5.0,6.98,8.96
BATCH_0713,68.08,22.39,5.39,3.56,0.9527,2.5013,1.5108,0.717,60.8,18.32,8.24,10.85
BATCH_0714,65.22,20.39,4.92,3.0,1.004,2.5756,1.6368,1.063,67.05,7.89,7.94,9.14
BATCH_0715,68.41,21.86,5.25,3.7,0.9785,2.4431,1.419,0.39,68.7,10.85,7.65,11.26
BATCH_0716,68.16,20.96,5.54,3.23,1.0108,2.3884,1.716,0.374,72.92,5.08,9.22,9.83
BATCH_0717,66.39,20.74,4.89,2.96,1.0082,2.6409,1.6486,0.934,69.92,6.7,7.94,9.02
BATCH_0718,67.2,21.5,5.92,3.05,0.97,2.3967,1.9408,1.017,60.0,16.37,10.53,9.28
BATCH_0719,66.38,21.28,5.37,3.56,0.9713,2.3838,1.5091,0.957,61.48,14.63,8.21,10.83
BATCH_0720,67.67,20.95,6.22,3.08,0.9933,2.2527,2.0175,0.494,66.68,9.76,11.26,9.38
BATCH_0721,69.4,22.45,4.72,2.88,0.9858,2.9541,1.6371,0.892,71.19,10.67,7.63,8.77
BATCH_0722,67.11,22.39,4.32,3.17,0.9596,2.9922,1.3629,0.441,66.22,14.24,6.08,9.64
BATCH_0723,65.04,20.97,4.48,3.24,0.9824,2.7141,1.3819,1.869,60.68,14.35,6.39,9.87
BATCH_0724,64.85,22.51,4.18,3.59,0.9214,2.8983,1.163,0.696,55.34,22.8,4.99,10.93
BATCH_0725,68.31,20.77,4.03,3.34,1.0485,2.8182,1.2063,0.826,83.98,5.0,5.03,10.16
BATCH_0726,66.92,19.54,4.57,2.68,1.0808,2.6971,1.7072,1.912,79.94,5.0,7.58,8.14
BATCH_0727,69.89,21.31,5.29,2.95,1.0287,2.5872,1.7943,1.393,74.55,5.0,9.03,8.97
BATCH_0728,66.77,20.65,5.71,3.69,0.9955,2.1986,1.5469,0.638,66.24,9.24,8.88,11.22
BATCH_0729,68.88,20.73,4.47,3.4,1.0497,2.6326,1.3129,1.164,81.73,5.0,6.08,10.36
BATCH_0730,65.32,19.8,4.48,2.99,1.0409,2.6496,1.4983,1.172,74.05,5.0,6.81,9.1
BATCH_0731,63.36,21.23,5.19,3.63,0.9316,2.406,1.4297,0.457,53.02,20.85,7.61,11.05
BATCH_0732,66.85,20.47,4.62,2.87,1.0331,2.7329,1.6097,1.59,73.51,5.0,7.39,8.73
BATCH_0733,66.93,22.04,5.25,3.35,0.9536,2.5654,1.5682,1.045,59.14,18.58,8.24,10.18
BATCH_0734,66.17,20.82,4.65,3.3,1.0023,2.6198,1.4095,0.614,71.27,5.93,6.74,10.04
BATCH_0735,66.79,19.8,5.55,3.3,1.0397,2.2373,1.6788,1.421,70.97,5.0,9.11,10.05
BATCH_0736,67.69,21.58,5.1,3.78,0.9808,2.4299,1.3496,0.445,67.92,10.64,7.12,11.5
BATCH_0737,67.33,19.3,5.11,3.7,1.0762,2.1898,1.3786,0.97,82.04,5.0,7.27,11.27
BATCH_0738,66.42,21.21,5.5,3.69,0.9712,2.3076,1.4882,1.087,60.76,14.98,8.32,11.24
BATCH_0739,65.84,21.14,4.55,3.61,0.9826,2.5907,1.2578,1.438,64.57,11.9,5.93,11.0
BATCH_0740,67.33,20.5,4.96,3.2,1.0289,2.5115,1.5499,1.12,74.41,5.0,7.73,9.74
BATCH_0741,67.91,21.97,6.05,3.15,0.959,2.3878,1.9179,1.024,58.05,19.19,10.69,9.59
BATCH_0742,65.97,21.14,5.06,3.13,0.9804,2.5788,1.6148,0.3,66.81,10.19,8.11,9.54
BATCH_0743,67.39,22.01,4.97,2.91,0.97,2.7927,1.7081,0.898,63.84,14.93,8.25,8.85
BATCH_0744,66.19,21.94,5.0,3.04,0.9538,2.7306,1.6458,0.702,60.35,17.37,8.11,9.24
BATCH_0745,64.7,20.09,4.4,3.0,1.0191,2.7168,1.4681,0.928,71.2,5.0,6.59,9.12
BATCH_0746,66.11,23.13,4.37,2.92,0.9192,3.1702,1.4963,0.418,56.33,23.83,6.64,8.89
BATCH_0747,66.15,21.8,5.2,2.96,0.9559,2.6736,1.7592,1.272,57.01,19.49,8.78,8.99
BATCH_0748,66.68,21.4,4.61,2.96,0.9898,2.8262,1.5541,0.981,68.25,9.86,7.19,9.02
BATCH_0749,65.9,21.51,4.54,3.62,0.9687,2.6362,1.257,0.622,64.94,12.68,5.93,11.0
BATCH_0750,66.6,21.06,5.64,2.88,0.9852,2.4719,1.9563,0.721,64.63,11.62,10.06,8.77
BATCH_0751,67.35,21.92,4.53,3.22,0.9774,2.8287,1.4088,1.058,66.43,12.73,6.57,9.79
BATCH_0752,68.71,23.21,4.66,3.03,0.9469,3.019,1.5387,0.3,64.76,17.7,7.23,9.22
BATCH_0753,66.47,22.04,4.71,3.4,0.9556,2.7184,1.3849,0.805,61.08,17.1,6.72,10.34
BATCH_0754,66.99,21.25,4.81,3.13,0.9951,2.6777,1.534,0.785,69.69,8.36,7.43,9.53
BATCH_0755,68.57,22.7,5.26,3.28,0.9523,2.6573,1.6057,0.3,63.19,17.41,8.4,9.98
BATCH_0756,67.14,21.74,5.15,3.19,0.9712,2.6093,1.6142,0.38,66.03,12.52,8.24,9.7
BATCH_0757,66.71,20.21,4.88,3.7,1.0285,2.3554,1.321,0.933,74.61,5.0,6.69,11.25
BATCH_0758,66.05,23.21,5.86,3.22,0.8912,2.5577,1.8222,0.749,43.41,33.79,10.09,9.78
BATCH_0759,68.22,20.46,4.99,3.31,1.0428,2.4646,1.5089,1.31,76.45,5.0,7.63,10.07
BATCH_0760,68.74,21.62,4.66,3.25,1.0073,2.7345,1.4351,0.728,74.43,5.83,6.85,9.88
BATCH_0761,68.01,22.43,5.07,3.56,0.9552,2.5989,1.4248,0.791,62.35,17.26,7.42,10.83
BATCH_0762,67.25,20.71,5.65,2.81,1.0096,2.4473,2.0118,1.054,68.59,7.64,10.23,8.55
BATCH_0763,65.49,22.86,5.28,3.0,0.9059,2.7621,1.7631,0.733,48.25,29.15,8.93,9.12
BATCH_0764,65.29,22.27,4.86,3.08,0.93,2.8054,1.5813,0.407,55.48,22.0,7.68,9.36
BATCH_0765,68.59,22.6,5.16,3.28,0.958,2.6793,1.5751,0.404,64.57,16.08,8.13,9.97
BATCH_0766,69.9,20.62,4.68,3.06,1.0699,2.6636,1.5321,1.255,84.24,5.0,7.24,9.3
BATCH_0767,68.99,21.89,5.4,2.75,0.9918,2.685,1.9638,0.952,68.0,11.45,9.66,8.37
BATCH_0768,67.03,20.75,4.54,3.08,1.0225,2.7253,1.4735,1.402,73.19,5.0,6.81,9.37
BATCH_0769,66.43,20.01,4.77,3.21,1.0404,2.5074,1.4864,1.023,75.43,5.0,7.21,9.77
BATCH_0770,66.59,20.49,5.01,3.59,1.0133,2.381,1.3968,1.299,69.45,6.34,7.21,10.92
BATCH_0771,66.89,23.35,4.87,3.79,0.9076,2.6942,1.285,1.141,50.87,28.58,6.5,11.54
BATCH_0772,65.62,19.58,5.17,3.22,1.0395,2.3325,1.6057,0.702,74.05,5.0,8.26,9.8
BATCH_0773,66.14,21.91,4.43,3.29,0.9612,2.8392,1.3475,0.952,62.01,16.05,6.18,10.0
BATCH_0774,66.45,21.72,5.54,3.04,0.957,2.5336,1.8241,0.615,59.64,17.28,9.54,9.24
BATCH_0775,65.46,22.0,4.8,3.94,0.936,2.5177,1.2167,0.64,56.98,20.1,6.04,12.0
BATCH_0776,68.05,19.67,5.59,3.14,1.0661,2.2524,1.78,1.111,79.3,5.0,9.5,9.56
BATCH_0777,65.86,23.13,4.42,3.23,0.9128,3.0248,1.3686,0.487,53.79,25.72,6.24,9.82
BATCH_0778,64.87,21.87,5.59,3.85,0.921,2.3154,1.4527,1.679,46.01,27.98,8.31,11.72
BATCH_0779,69.88,20.36,5.13,3.76,1.0655,2.292,1.3644,0.589,85.77,5.0,7.23,11.43
BATCH_0780,68.82,21.43,4.72,3.12,1.0168,2.734,1.5129,1.29,74.03,5.58,7.23,9.49
BATCH_0781,67.75,22.75,3.95,3.24,0.9604,3.1614,1.2195,1.125,65.0,16.18,4.99,9.86
BATCH_0782,68.14,20.77,4.81,3.87,1.0258,2.3929,1.2428,0.887,76.72,5.0,6.2,11.77
BATCH_0783,66.17,20.4,4.56,3.31,1.022,2.5909,1.3756,0.683,73.92,5.0,6.47,10.09
BATCH_0784,68.6,22.49,4.63,2.36,0.9791,3.2153,1.9619,0.76,69.13,12.32,8.28,7.19
BATCH_0785,68.51,21.02,4.19,3.23,1.0383,2.8289,1.2966,1.636,77.93,5.0,5.64,9.84
BATCH_0786,68.68,21.28,4.98,2.79,1.0192,2.7378,1.7839,0.716,75.42,5.0,8.48,8.5
BATCH_0787,68.33,21.1,4.4,2.99,1.0305,2.8537,1.4709,0.879,78.03,5.0,6.6,9.11
BATCH_0788,67.92,21.57,5.43,3.26,0.9841,2.4834,1.6669,0.977,65.87,12.14,8.87,9.91
BATCH_0789,67.26,19.74,4.73,2.76,1.0718,2.6366,1.7152,1.42,80.65,5.0,7.87,8.39
BATCH_0790,68.27,22.03,4.36,3.25,0.9892,2.898,1.3417,1.169,70.26,10.16,6.05,9.88
BATCH_0791,64.67,20.89,5.16,3.61,0.9646,2.3831,1.4283,0.479,61.3,13.66,7.56,10.99
BATCH_0792,67.91,21.08,5.38,3.29,1.0041,2.4314,1.6375,1.302,68.49,8.78,8.7,10.0
BATCH_0793,65.61,21.35,5.14,3.03,0.9659,2.6137,1.6926,0.902,60.84,15.33,8.48,9.23
BATCH_0794,65.65,19.39,6.34,3.17,1.0264,2.0384,2.0009,0.715,68.65,5.0,11.44,9.64
BATCH_0795,66.69,19.88,5.6,3.57,1.0305,2.1675,1.5677,1.173,71.16,5.0,8.8,10.87
BATCH_0796,70.51,21.68,5.36,3.06,1.0202,2.5746,1.7496,0.97,76.07,5.0,9.02,9.32
BATCH_0797,66.42,22.53,4.96,3.58,0.9307,2.6367,1.3842,0.552,56.15,22.24,7.08,10.91
BATCH_0798,68.6,21.23,5.63,3.56,1.0011,2.3114,1.5794,0.714,70.21,7.92,8.88,10.84
BATCH_0799,66.1,22.47,5.0,3.19,0.9313,2.7451,1.5666,1.072,54.28,23.46,7.84,9.7
BATCH_0800,68.05,20.35,5.03,3.5,1.0423,2.3832,1.436,1.063,77.22,5.0,7.41,10.66
BATCH_0801,65.6,20.92,4.94,3.46,0.9826,2.4921,1.4264,0.638,65.25,10.76,7.22,10.53
BATCH_0802,68.33,21.12,5.1,3.49,1.0122,2.4591,1.4629,1.328,70.91,7.04,7.62,10.61
BATCH_0803,66.69,23.48,5.29,2.55,0.9043,2.9954,2.0763,1.052,48.39,30.81,9.71,7.75
BATCH_0804,69.33,20.16,5.41,2.8,1.0705,2.4561,1.9343,1.391,80.4,5.0,9.61,8.51
BATCH_0805,70.3,19.82,5.09,3.18,1.1043,2.3957,1.5998,1.041,90.91,5.0,8.1,9.68
BATCH_0806,66.93,22.44,5.19,2.92,0.9431,2.7655,1.7768,0.813,57.65,20.85,8.82,8.89
BATCH_0807,69.6,20.26,4.82,3.14,1.0782,2.5451,1.5352,1.214,86.33,5.0,7.46,9.55
BATCH_0808,69.02,21.66,4.95,3.36,1.0037,2.6069,1.4708,0.641,73.41,6.72,7.42,10.23
BATCH_0809,67.04,21.75,4.28,2.75,0.9884,3.094,1.5566,0.722,70.01,9.55,6.69,8.37
BATCH_0810,68.8,22.51,5.19,3.81,0.9594,2.501,1.3597,0.619,64.68,15.73,7.29,11.6
BATCH_0811,65.32,21.29,4.7,3.15,0.9705,2.7138,1.4902,1.256,60.69,15.26,7.11,9.59
BATCH_0812,67.81,20.26,4.9,3.04,1.0499,2.5487,1.6102,1.284,77.63,5.0,7.84,9.27
BATCH_0813,69.54,21.71,4.22,3.47,1.0209,2.8228,1.2145,0.489,80.3,5.0,5.3,10.57
BATCH_0814,65.77,20.2,5.0,3.84,1.0109,2.2834,1.3017,0.991,69.07,5.81,6.75,11.7
BATCH_0815,67.25,21.46,5.41,3.27,0.9789,2.4718,1.6568,0.971,64.42,12.92,8.82,9.94
BATCH_0816,66.88,21.4,6.1,3.35,0.9633,2.2648,1.8233,0.457,60.46,15.76,10.51,10.19
BATCH_0817,65.75,20.51,5.24,3.5,0.9963,2.346,1.4962,0.588,67.28,8.04,7.96,10.66
BATCH_0818,66.93,20.85,4.28,3.33,1.0193,2.7411,1.2849,0.986,74.31,5.0,5.7,10.13
BATCH_0819,70.45,22.53,5.45,3.45,0.9801,2.5292,1.5795,1.57,65.65,15.07,8.61,10.51
BATCH_0820,67.79,21.04,5.8,3.26,0.9973,2.3237,1.7801,1.097,66.56,10.1,9.85,9.91
BATCH_0821,67.51,21.37,4.42,2.86,1.0076,2.9371,1.5453,1.44,71.46,7.36,6.87,8.7
BATCH_0822,66.3,22.89,4.97,3.74,0.9148,2.63,1.3288,0.3,54.44,24.56,6.84,11.37
BATCH_0823,66.56,21.64,5.63,3.05,0.96,2.4937,1.843,0.307,61.81,15.42,9.74,9.29
BATCH_0824,66.06,21.32,4.99,3.55,0.9715,2.4971,1.4077,0.857,63.75,13.04,7.23,10.79
BATCH_0825,69.26,21.1,5.03,2.74,1.0355,2.7143,1.8352,1.216,76.38,5.0,8.69,8.34
BATCH_0826,67.33,23.1,4.73,3.46,0.9274,2.8201,1.3663,0.698,57.15,23.11,6.68,10.53
BATCH_0827,68.74,22.05,3.98,3.1,1.0028,3.1161,1.2817,0.988,75.26,6.46,5.29,9.44
BATCH_0828,68.13,20.37,5.28,3.61,1.0366,2.291,1.4649,1.889,72.48,5.0,7.9,10.98
BATCH_0829,68.67,21.94,5.19,3.33,0.9833,2.5759,1.5593,1.078,66.95,12.4,8.12,10.13
BATCH_0830,66.95,23.02,5.13,2.5,0.9269,3.0188,2.0534,0.447,56.66,23.25,9.36,7.6
BATCH_0831,68.05,22.17,5.16,3.17,0.9677,2.6617,1.6304,0.963,63.72,15.48,8.32,9.63
BATCH_0832,68.18,20.79,3.77,3.23,1.0518,2.9704,1.1695,0.694,84.74,5.0,4.54,9.82
BATCH_0833,65.47,21.07,5.64,3.37,0.9635,2.3371,1.6746,0.998,57.51,17.01,9.25,10.26
BATCH_0834,64.89,19.33,4.56,3.05,1.0538,2.5413,1.4952,1.675,74.12,5.0,6.92,9.28
BATCH_0835,67.48,21.44,4.44,3.02,1.0021,2.8737,1.469,0.779,72.95,6.45,6.65,9.2
BATCH_0836,66.09,20.39,5.77,3.47,0.9974,2.2062,1.6651,0.626,66.34,8.4,9.43,10.55
BATCH_0837,67.63,22.91,4.2,3.4,0.9471,3.0161,1.2363,0.3,65.63,16.18,5.38,10.34
BATCH_0838,66.56,22.55,5.72,3.59,0.9202,2.421,1.5933,0.372,52.97,24.69,9.09,10.93
BATCH_0839,65.9,22.03,5.0,3.44,0.9427,2.612,1.4542,0.478,58.6,18.94,7.43,10.46
BATCH_0840,65.8,21.14,4.73,2.98,0.9849,2.7418,1.5897,1.212,64.58,11.89,7.51,9.06
BATCH_0841,66.49,21.37,5.15,3.68,0.9718,2.4212,1.3995,0.869,63.18,13.62,7.42,11.2
BATCH_0842,67.21,21.33,5.15,3.5,0.9857,2.4644,1.4727,0.709,67.93,9.9,7.74,10.65
BATCH_0843,65.82,21.57,5.65,3.16,0.9506,2.4482,1.7902,0.988,56.04,19.57,9.64,9.61
BATCH_0844,69.7,20.07,4.46,2.95,1.0984,2.7091,1.5096,2.115,86.56,5.0,6.81,8.98
BATCH_0845,70.95,22.75,5.31,3.01,0.985,2.7355,1.7631,1.24,69.29,12.96,8.97,9.16
BATCH_0846,68.93,23.08,5.47,3.27,0.94,2.6411,1.6732,0.537,60.35,20.66,8.97,9.95
BATCH_0847,66.61,22.64,4.79,2.93,0.9377,2.9318,1.6377,0.735,57.88,21.23,7.75,8.91
BATCH_0848,65.96,20.58,4.36,3.2,1.0158,2.7201,1.3612,0.718,73.29,5.0,6.14,9.75
BATCH_0849,67.95,22.48,4.3,3.14,0.9688,3.0203,1.3689,0.3,69.76,11.82,6.08,9.56
BATCH_0850,66.2,22.35,4.71,3.55,0.9386,2.7058,1.3242,1.172,56.89,21.15,6.46,10.81
BATCH_0851,65.85,20.61,5.42,3.13,0.994,2.4137,1.733,1.087,64.05,10.79,9.06,9.51
BATCH_0852,66.38,22.17,4.81,3.29,0.9484,2.7343,1.4616,0.661,59.89,18.38,7.18,10.02
BATCH_0853,65.54,20.88,5.17,3.67,0.9773,2.3617,1.4063,0.727,63.19,12.2,7.48,11.18
BATCH_0854,66.24,21.75,4.48,2.81,0.9726,2.9801,1.5939,0.497,67.12,11.73,7.12,8.56
BATCH_0855,69.74,22.7,4.75,3.5,0.9751,2.7517,1.3568,0.902,68.52,13.38,6.66,10.65
BATCH_0856,67.35,22.34,4.57,3.64,0.9567,2.7197,1.2541,1.029,62.44,16.94,5.94,11.09
BATCH_0857,66.34,20.01,5.19,3.68,1.0262,2.2555,1.4097,1.385,70.42,5.0,7.52,11.2
BATCH_0858,68.28,20.5,5.37,3.28,1.035,2.3694,1.6388,0.502,77.08,5.0,8.69,9.98
BATCH_0859,66.5,20.47,4.87,3.18,1.0199,2.5448,1.5325,1.143,71.81,5.0,7.52,9.66
BATCH_0860,66.63,20.58,4.76,3.21,1.0183,2.5845,1.4835,0.768,73.04,5.0,7.18,9.76
BATCH_0861,69.64,23.27,4.24,3.05,0.9642,3.1909,1.39,0.753,68.97,14.68,6.08,9.28
BATCH_0862,65.86,21.45,5.58,3.38,0.9551,2.393,1.6522,0.734,56.8,18.65,9.08,10.28
BATCH_0863,68.27,20.38,5.23,3.28,1.0428,2.3953,1.5915,1.111,76.74,5.0,8.29,9.99
BATCH_0864,68.58,21.51,5.9,3.22,0.9883,2.3576,1.8291,1.309,65.54,12.22,10.17,9.81
BATCH_0865,66.48,21.61,4.85,2.19,0.9814,3.0676,2.2139,1.194,63.69,13.89,9.15,6.67
BATCH_0866,67.29,20.92,4.86,3.13,1.0127,2.6179,1.5533,0.957,71.59,5.97,7.59,9.52
BATCH_0867,71.09,21.04,4.71,3.24,1.0664,2.6459,1.4534,0.715,89.28,5.0,7.0,9.86
BATCH_0868,66.84,22.44,5.12,3.19,0.9407,2.7008,1.6038,0.415,58.5,20.21,8.16,9.71
BATCH_0869,66.5,19.94,4.54,3.27,1.0487,2.5531,1.3868,0.762,78.97,5.0,6.49,9.96
BATCH_0870,67.45,19.46,4.71,3.23,1.0836,2.4511,1.4555,0.823,85.62,5.0,7.0,9.84
BATCH_0871,64.63,22.63,4.94,2.99,0.9074,2.8503,1.6508,0.941,47.5,29.04,8.03,9.11
BATCH_0872,65.58,22.55,5.45,3.52,0.9111,2.5164,1.5487,0.642,49.26,27.5,8.48,10.7
BATCH_0873,64.65,20.74,4.79,3.8,0.975,2.4152,1.2591,0.4,65.37,10.16,6.25,11.57
BATCH_0874,66.36,22.04,4.26,3.32,0.962,2.9058,1.2841,1.091,63.71,15.12,5.68,10.1
BATCH_0875,66.28,21.6,4.9,3.28,0.9675,2.6396,1.4928,0.965,62.39,14.87,7.43,9.99
BATCH_0876,66.2,20.76,5.0,2.8,1.004,2.6635,1.7876,0.47,70.37,6.42,8.51,8.51
BATCH_0877,66.44,22.42,5.29,3.23,0.9327,2.6329,1.6379,0.3,56.47,21.69,8.55,9.82
BATCH_0878,65.54,20.38,5.17,3.61,0.9991,2.3209,1.4338,0.867,66.77,8.05,7.6,10.98
BATCH_0879,67.97,21.48,4.48,3.53,1.0022,2.6838,1.269,1.06,71.99,7.29,5.89,10.74
BATCH_0880,65.32,21.25,4.71,3.55,0.9683,2.5743,1.3283,1.173,61.81,14.3,6.48,10.79
BATCH_0881,67.78,21.01,4.78,3.63,1.0128,2.4969,1.3166,1.15,72.25,5.72,6.53,11.05
BATCH_0882,68.55,22.22,5.7,3.11,0.9643,2.5226,1.8334,1.555,59.21,19.05,9.85,9.46
BATCH_0883,69.77,22.48,4.35,2.93,0.996,3.0892,1.4846,0.978,73.94,8.65,6.57,8.91
BATCH_0884,65.86,22.05,4.92,2.83,0.9478,2.8449,1.7375,1.195,56.95,20.26,8.25,8.62
BATCH_0885,64.79,22.89,4.97,2.75,0.9019,2.9678,1.8093,0.906,46.86,30.27,8.52,8.35
BATCH_0886,69.27,21.03,5.19,3.34,1.0299,2.4674,1.5541,0.727,77.36,5.0,8.1,10.15
BATCH_0887,66.48,21.88,4.69,3.82,0.9581,2.5697,1.2282,0.868,62.22,15.8,5.97,11.63
BATCH_0888,66.89,21.79,5.03,3.18,0.9678,2.6528,1.5795,0.738,63.11,14.87,7.94,9.69
BATCH_0889,66.11,22.4,4.99,3.48,0.9317,2.6457,1.4327,0.532,55.62,22.25,7.32,10.59
BATCH_0890,66.44,20.19,4.75,3.16,1.0334,2.5539,1.505,0.998,75.14,5.0,7.25,9.6
BATCH_0891,69.71,22.46,5.0,3.13,0.9829,2.7604,1.5967,0.931,69.26,12.14,7.96,9.53
BATCH_0892,65.48,21.97,4.51,2.69,0.9536,3.0551,1.6778,0.476,62.46,15.87,7.4,8.17
BATCH_0893,66.27,21.22,4.5,2.85,0.9942,2.8857,1.5815,0.826,69.07,8.72,7.12,8.67
BATCH_0894,70.29,22.71,5.44,2.84,0.9766,2.744,1.9185,0.719,67.66,14.08,9.62,8.63
BATCH_0895,68.06,22.46,5.09,2.68,0.9622,2.8894,1.8964,1.122,62.38,17.34,8.95,8.17
BATCH_0896,66.86,21.51,4.79,3.31,0.9813,2.6561,1.446,0.676,66.96,11.15,7.09,10.07
BATCH_0897,67.98,21.28,4.86,2.77,1.0116,2.7899,1.7526,1.316,71.2,7.28,8.18,8.43
BATCH_0898,66.26,21.05,4.65,3.27,0.9943,2.6565,1.4203,1.422,65.44,10.97,6.78,9.96
BATCH_0899,65.3,22.04,5.65,3.03,0.9268,2.5391,1.863,0.367,52.81,23.35,9.84,9.23
BATCH_0900,65.37,21.39,5.4,3.42,0.953,2.4241,1.581,0.725,57.21,18.16,8.54,10.4
BATCH_0901,65.2,21.38,5.06,2.97,0.9605,2.6608,1.703,1.249,58.11,17.47,8.39,9.05
BATCH_0902,67.41,21.67,5.8,3.37,0.9651,2.3632,1.7232,1.043,59.52,17.24,9.68,10.25
BATCH_0903,68.23,22.61,4.85,2.77,0.962,2.9707,1.752,1.207,62.65,17.56,8.16,8.42
BATCH_0904,65.5,21.32,5.4,3.88,0.9537,2.2978,1.3919,0.513,58.89,16.69,7.74,11.8
BATCH_0905,64.73,21.03,5.08,3.09,0.9662,2.5728,1.6414,0.891,59.3,15.56,8.23,9.42
BATCH_0906,68.04,21.78,5.15,3.12,0.9833,2.6338,1.6519,0.743,67.29,11.68,8.37,9.49
BATCH_0907,69.21,22.32,4.02,3.48,0.9945,2.9754,1.1551,0.566,76.11,6.58,4.77,10.59
BATCH_0908,68.06,21.35,5.36,3.12,0.9972,2.516,1.7165,0.986,68.21,9.77,8.93,9.51
BATCH_0909,70.73,22.54,4.49,3.09,1.0029,2.9723,1.4533,0.508,77.55,6.13,6.68,9.41
BATCH_0910,67.65,19.15,4.67,2.68,1.1096,2.6061,1.7451,1.292,87.84,5.0,7.85,8.15
BATCH_0911,66.5,22.76,3.93,3.24,0.9427,3.1726,1.2148,0.645,62.33,18.22,4.95,9.85
BATCH_0912,67.21,20.68,4.94,3.5,1.0167,2.4496,1.4138,1.423,69.98,6.49,7.18,10.64
BATCH_0913,67.22,22.82,4.96,3.2,0.9343,2.7976,1.5522,0.3,60.15,20.06,7.74,9.73
BATCH_0914,67.28,21.63,5.76,2.97,0.9691,2.4771,1.9381,1.218,60.1,16.68,10.24,9.05
BATCH_0915,67.03,21.67,4.93,2.94,0.9786,2.7529,1.675,1.142,65.02,13.07,8.08,8.95
BATCH_0916,68.66,22.29,4.84,3.33,0.9755,2.727,1.4515,1.499,64.6,15.17,7.18,10.15
BATCH_0917,67.82,21.34,5.79,3.15,0.9866,2.3863,1.8376,1.051,64.39,12.6,10.01,9.59
BATCH_0918,66.77,22.28,4.6,3.29,0.9534,2.8225,1.4002,1.436,59.07,19.3,6.64,10.01
BATCH_0919,69.49,22.67,4.31,3.17,0.9827,3.0303,1.3615,1.0,70.99,11.44,6.07,9.64
BATCH_0920,67.83,21.26,4.89,3.5,1.0025,2.5343,1.3949,1.123,70.65,7.64,7.02,10.66
BATCH_0921,70.3,21.12,5.05,3.54,1.0417,2.4594,1.4263,1.062,79.87,5.0,7.39,10.77
BATCH_0922,69.82,22.85,4.96,3.03,0.971,2.8613,1.6365,1.398,65.38,16.2,8.01,9.22
BATCH_0923,67.54,20.18,5.1,3.54,1.0401,2.3351,1.4388,0.945,77.0,5.0,7.52,10.78
BATCH_0924,67.2,22.4,4.38,2.62,0.9644,3.1974,1.6731,0.749,64.88,15.27,7.19,7.97
BATCH_0925,67.74,20.96,5.68,3.77,0.997,2.218,1.5092,0.899,67.18,9.4,8.69,11.46
BATCH_0926,67.18,22.22,4.95,3.31,0.9557,2.6901,1.4928,0.832,61.5,17.3,7.5,10.08
BATCH_0927,66.1,20.81,5.68,3.46,0.9815,2.2761,1.6406,0.565,64.03,11.37,9.2,10.54
BATCH_0928,66.9,19.6,5.25,3.64,1.0526,2.2043,1.4439,1.167,76.4,5.0,7.77,11.07
BATCH_0929,65.68,20.62,4.52,3.0,1.0086,2.7425,1.5092,0.608,71.6,5.11,6.91,9.12
BATCH_0930,67.17,20.7,5.33,2.97,1.0132,2.4956,1.7932,0.484,72.56,5.0,9.09,9.04
BATCH_0931,68.17,21.42,5.46,3.51,0.9908,2.3901,1.5563,0.831,68.25,9.93,8.53,10.67
BATCH_0932,66.61,22.75,5.39,3.37,0.9207,2.5989,1.5993,0.932,51.83,26.12,8.57,10.25
BATCH_0933,68.14,21.95,5.35,3.43,0.9719,2.5012,1.5594,0.996,64.02,14.63,8.37,10.43
BATCH_0934,66.72,21.42,5.85,2.92,0.9683,2.443,2.0033,1.21,59.11,16.83,10.56,8.89
BATCH_0935,65.54,19.97,4.75,3.49,1.0261,2.4239,1.3636,1.374,71.82,5.0,6.7,10.61
BATCH_0936,67.75,21.78,4.82,3.91,0.9773,2.4951,1.2337,1.051,66.1,12.59,6.16,11.89
BATCH_0937,62.89,23.05,5.02,2.91,0.8679,2.909,1.7278,0.746,38.2,37.28,8.39,8.84
BATCH_0938,66.38,21.98,5.18,4.05,0.9428,2.3801,1.2785,1.238,55.64,21.05,6.88,12.34
BATCH_0939,66.9,21.17,4.63,3.6,0.9962,2.5713,1.2841,0.992,70.01,7.87,6.17,10.97
BATCH_0940,67.69,19.86,5.59,3.32,1.05,2.2283,1.6843,1.3,74.88,5.0,9.2,10.1
BATCH_0941,67.99,22.21,5.34,3.16,0.9626,2.6131,1.6877,0.602,62.75,16.32,8.79,9.62
BATCH_0942,63.69,20.53,5.42,3.22,0.9638,2.3778,1.6824,0.3,59.55,13.94,8.9,9.8
BATCH_0943,67.2,21.3,5.61,3.69,0.977,2.2892,1.5217,0.849,62.95,13.58,8.64,11.23
BATCH_0944,67.8,22.1,4.98,3.21,0.9695,2.698,1.5522,1.21,64.34,14.81,7.77,9.76
BATCH_0945,66.29,23.04,6.11,3.39,0.8951,2.4248,1.803,0.626,44.46,32.52,10.46,10.32
BATCH_0946,67.03,22.46,5.31,2.99,0.9413,2.7072,1.7757,0.877,56.89,21.48,9.01,9.1
BATCH_0947,69.18,21.18,5.45,2.88,1.0217,2.5434,1.8943,0.415,76.27,5.0,9.58,8.76
BATCH_0948,68.55,21.43,4.8,3.31,1.0095,2.6429,1.4475,1.086,73.52,5.97,7.1,10.08
BATCH_0949,66.95,22.59,4.08,3.73,0.9489,2.8914,1.0954,0.359,64.97,15.74,4.51,11.34
BATCH_0950,67.43,21.64,5.16,3.34,0.978,2.5446,1.5463,0.626,66.37,11.96,8.03,10.16
BATCH_0951,68.06,19.51,5.49,3.92,1.0675,2.0748,1.4,1.205,80.12,5.0,7.91,11.92
BATCH_0952,65.36,21.45,5.41,3.71,0.9479,2.3516,1.4577,0.906,56.37,18.96,8.06,11.29
BATCH_0953,66.0,20.83,4.14,2.55,1.0163,3.1124,1.6255,0.845,73.83,5.0,6.67,7.76
BATCH_0954,67.09,21.36,5.15,3.3,0.9846,2.5279,1.5622,1.157,64.6,12.51,8.07,10.04
BATCH_0955,66.24,22.57,3.79,2.65,0.9537,3.503,1.4314,0.576,63.86,16.52,5.57,8.06
BATCH_0956,68.93,20.26,5.06,3.11,1.0632,2.4792,1.6262,0.961,82.37,5.0,8.15,9.47
BATCH_0957,66.51,21.1,4.6,3.93,0.9901,2.4725,1.1715,1.158,67.74,9.4,5.55,11.96
BATCH_0958,67.69,20.95,5.5,3.62,1.001,2.2972,1.5166,1.09,67.98,8.79,8.43,11.03
BATCH_0959,64.81,21.34,5.15,3.27,0.9521,2.5331,1.574,0.797,56.87,18.29,8.11,9.96
BATCH_0960,67.18,21.16,4.68,2.7,1.0084,2.8652,1.7316,1.414,70.39,7.56,7.83,8.23
BATCH_0961,64.68,22.57,5.1,3.53,0.9032,2.6161,1.4428,0.649,48.58,28.06,7.53,10.75
BATCH_0962,69.87,22.11,5.25,3.67,0.99,2.4786,1.4305,0.7,71.86,9.17,7.7,11.17
BATCH_0963,66.28,20.66,4.83,3.28,1.0074,2.546,1.4722,0.74,71.19,5.53,7.25,9.99
BATCH_0964,67.92,21.93,5.47,3.09,0.9708,2.5631,1.7702,1.086,62.79,15.5,9.26,9.4
BATCH_0965,65.43,20.61,4.57,3.07,1.0037,2.6997,1.4879,0.798,69.73,6.5,6.91,9.34
BATCH_0966,66.68,22.44,5.83,3.54,0.9244,2.3929,1.6465,1.321,49.9,26.69,9.47,10.78
BATCH_0967,66.76,22.81,4.96,3.8,0.9236,2.603,1.3076,0.476,55.75,23.33,6.73,11.55
BATCH_0968,70.29,21.13,4.12,2.61,1.0682,3.1385,1.5777,1.471,86.01,5.0,6.5,7.95
BATCH_0969,69.15,22.15,4.48,3.13,0.9959,2.9113,1.433,0.329,75.58,6.5,6.58,9.52
BATCH_0970,68.1,22.64,4.8,2.86,0.9589,2.9553,1.6748,1.22,61.92,18.21,7.87,8.72
BATCH_0971,68.89,22.23,5.09,3.47,0.9757,2.5968,1.4644,0.468,68.4,12.14,7.6,10.57
BATCH_0972,66.58,20.54,4.88,3.0,1.0193,2.6081,1.6278,1.079,71.53,5.0,7.86,9.12
BATCH_0973,66.22,22.23,4.99,3.57,0.9388,2.5981,1.3975,0.353,58.64,19.49,7.18,10.86
BATCH_0974,65.64,21.14,4.34,3.34,0.9862,2.7538,1.2997,1.266,65.77,10.98,5.85,10.16
BATCH_0975,67.55,21.15,4.56,3.19,1.0118,2.7291,1.427,0.714,74.2,5.0,6.67,9.72
BATCH_0976,68.44,20.89,5.49,4.01,1.0111,2.1986,1.3683,1.119,71.42,6.0,7.76,12.21
BATCH_0977,66.58,21.24,4.54,2.91,0.9966,2.8527,1.5621,0.815,69.84,8.21,7.11,8.84
BATCH_0978,64.81,21.94,4.37,3.82,0.9369,2.6781,1.1453,0.865,57.28,19.7,5.13,11.62
BATCH_0979,66.11,21.44,5.38,3.31,0.9631,2.4662,1.6255,0.671,60.51,15.82,8.66,10.08
BATCH_0980,66.06,20.85,5.15,2.94,0.9937,2.576,1.7519,1.05,66.14,9.88,8.68,8.95
BATCH_0981,66.63,20.14,4.88,2.46,1.0436,2.7424,1.9826,0.467,78.75,5.0,8.77,7.49
BATCH_0982,70.27,22.27,6.37,3.15,0.9752,2.3403,2.0205,0.395,66.17,13.94,11.54,9.59
BATCH_0983,65.58,20.98,5.0,3.24,0.9809,2.5478,1.5428,1.104,63.0,12.63,7.76,9.86
BATCH_0984,65.03,22.44,4.75,3.37,0.9197,2.7657,1.4102,0.767,52.95,24.39,6.88,10.24
BATCH_0985,65.9,19.68,5.54,2.99,1.0348,2.3079,1.8528,1.138,70.56,5.0,9.62,9.09
BATCH_0986,66.52,20.9,4.25,3.24,1.0122,2.7881,1.3127,1.459,71.67,5.84,5.79,9.86
BATCH_0987,64.9,20.37,5.3,3.31,0.99,2.3654,1.6012,0.3,65.44,9.04,8.45,10.08
BATCH_0988,67.77,21.12,5.54,2.87,1.0017,2.512,1.9288,1.371,66.52,10.37,9.82,8.74
BATCH_0989,67.21,20.65,5.17,2.63,1.0224,2.6512,1.9675,0.626,73.29,5.0,9.25,7.99
BATCH_0990,65.67,21.61,5.34,3.22,0.9514,2.5221,1.6572,0.341,60.04,16.67,8.71,9.81
BATCH_0991,67.77,21.43,5.01,3.24,0.9949,2.5974,1.5444,0.952,69.0,9.38,7.78,9.87
BATCH_0992,69.52,20.19,5.5,3.24,1.0658,2.3081,1.6986,1.484,80.79,5.0,9.1,9.86
BATCH_0993,68.03,21.19,4.41,3.02,1.0215,2.8514,1.4581,1.547,73.91,5.01,6.57,9.2
BATCH_0994,66.75,21.23,6.29,3.03,0.9678,2.2799,2.0753,0.904,58.05,17.08,11.53,9.22
BATCH_0995,66.33,20.23,5.35,3.53,1.0149,2.2766,1.5136,1.03,68.72,6.15,8.2,10.76
BATCH_0996,65.53,20.95,4.53,2.94,0.9928,2.8031,1.5415,0.88,68.05,8.72,7.04,8.95
BATCH_0997,69.47,21.9,5.25,3.1,0.9976,2.6235,1.6938,0.68,71.8,8.63,8.67,9.43
BATCH_0998,65.96,20.04,5.36,2.76,1.0254,2.47,1.9432,0.94,71.11,5.0,9.53,8.39
BATCH_0999,67.43,21.62,5.18,3.43,0.9776,2.5108,1.5092,0.881,64.84,13.06,7.92,10.44
BATCH_1000,66.57,21.43,4.36,2.89,0.9918,2.9562,1.5048,1.139,68.59,9.7,6.64,8.81
BATCH_1001,65.07,21.01,4.56,2.8,0.9841,2.856,1.6312,0.722,65.69,10.68,7.35,8.51
BATCH_1002,63.91,22.38,4.77,3.61,0.9033,2.6685,1.3209,0.662,47.91,28.04,6.54,11.0
BATCH_1003,65.43,20.69,5.06,2.86,0.9933,2.6136,1.7673,0.972,65.17,10.16,8.56,8.71
BATCH_1004,67.52,21.51,4.12,3.76,0.9986,2.7276,1.097,1.069,72.62,6.88,4.57,11.44
BATCH_1005,67.95,20.47,6.0,3.02,1.022,2.2686,1.9879,0.838,71.88,5.0,10.8,9.19
BATCH_1006,69.56,22.04,4.94,3.12,0.9984,2.735,1.5828,0.533,73.5,7.74,7.81,9.49
BATCH_1007,66.41,21.47,5.91,2.9,0.9611,2.4365,2.0365,0.531,59.61,16.59,10.75,8.83
BATCH_1008,68.44,19.25,4.87,2.92,1.1104,2.4712,1.6634,1.152,89.18,5.0,7.94,8.9
BATCH_1009,66.4,19.36,4.94,3.42,1.065,2.3159,1.4436,1.085,79.15,5.0,7.3,10.41
BATCH_1010,65.13,21.09,4.59,3.28,0.9766,2.6812,1.3991,1.025,63.76,12.37,6.61,9.98
BATCH_1011,67.68,23.08,4.94,3.36,0.9305,2.7805,1.4672,1.023,56.81,23.31,7.39,10.24
BATCH_1012,67.28,21.94,5.43,2.83,0.9642,2.6571,1.9203,0.591,61.72,16.33,9.6,8.6
BATCH_1013,69.08,21.88,5.62,3.79,0.9801,2.3243,1.4809,0.787,66.38,12.66,8.47,11.55
BATCH_1014,65.89,21.6,4.51,3.24,0.9691,2.7867,1.3896,0.424,65.61,12.42,6.46,9.87
BATCH_1015,65.56,23.19,4.84,3.02,0.9017,2.9493,1.6026,0.928,48.04,30.25,7.72,9.19
BATCH_1016,67.22,20.71,5.46,3.31,1.008,2.3623,1.6502,1.072,68.35,7.81,8.87,10.07
BATCH_1017,65.69,20.04,5.05,3.18,1.0226,2.4322,1.5868,1.973,65.93,7.71,8.0,9.69
BATCH_1018,68.49,22.7,4.72,3.37,0.9589,2.8063,1.3985,0.3,66.44,14.97,6.79,10.26
BATCH_1019,66.46,22.86,4.72,3.04,0.9276,2.9475,1.5528,0.3,57.89,21.88,7.36,9.25
BATCH_1020,68.51,20.53,4.41,4.1,1.0468,2.4153,1.0755,0.96,81.45,5.0,4.74,12.46
BATCH_1021,68.54,20.08,5.21,3.87,1.0546,2.2114,1.3484,0.694,81.4,5.0,7.27,11.77
BATCH_1022,66.87,20.07,5.64,3.7,1.0231,2.1475,1.5254,1.645,67.64,6.5,8.7,11.26
BATCH_1023,68.78,22.12,5.29,2.92,0.9799,2.6965,1.8141,1.248,65.17,14.26,9.08,8.87
BATCH_1024,68.32,21.75,5.26,3.56,0.9828,2.4661,1.4801,0.471,68.59,10.61,7.93,10.82
BATCH_1025,67.91,21.49,5.04,3.23,0.994,2.5981,1.5625,1.137,67.89,10.39,7.9,9.82
BATCH_1026,69.47,20.32,4.85,3.05,1.0739,2.5728,1.5886,1.472,83.98,5.0,7.68,9.28
BATCH_1027,67.62,21.97,4.21,3.57,0.9813,2.8219,1.1796,1.056,68.56,11.28,5.12,10.87
BATCH_1028,65.38,20.0,5.13,3.12,1.0187,2.4229,1.6458,0.986,69.76,5.0,8.33,9.49
BATCH_1029,66.83,19.99,5.47,3.09,1.0352,2.333,1.769,0.827,73.5,5.0,9.27,9.42
BATCH_1030,69.97,20.66,4.38,3.58,1.0695,2.5955,1.2209,1.16,86.81,5.0,5.53,10.91
BATCH_1031,69.64,20.38,4.81,3.46,1.07,2.4644,1.3901,1.114,85.32,5.0,6.89,10.53
BATCH_1032,68.46,20.83,5.8,3.29,1.0156,2.292,1.7623,1.574,68.58,7.97,9.8,10.01
BATCH_1033,69.08,22.65,4.39,3.36,0.9746,2.9218,1.3074,0.849,69.61,12.43,5.96,10.22
BATCH_1034,66.77,20.14,5.27,2.77,1.0349,2.5057,1.9005,1.01,73.69,5.0,9.27,8.43
BATCH_1035,66.45,20.23,4.92,3.32,1.0268,2.4529,1.4817,0.3,75.69,5.0,7.43,10.11
BATCH_1036,66.82,22.18,4.72,2.97,0.9587,2.8865,1.5872,0.614,63.3,15.85,7.47,9.04
BATCH_1037,68.66,22.71,5.76,3.11,0.9466,2.5599,1.8494,0.701,58.49,21.0,9.99,9.48
BATCH_1038,63.1,20.72,5.32,3.37,0.9476,2.382,1.5787,1.0,52.99,19.42,8.4,10.26
BATCH_1039,66.97,22.25,4.93,3.35,0.9512,2.6855,1.4704,0.535,62.33,16.78,7.39,10.21
BATCH_1040,65.69,21.57,5.02,3.23,0.9587,2.6149,1.5548,0.946,58.76,17.52,7.84,9.83
BATCH_1041,67.43,20.44,5.77,3.15,1.0187,2.2903,1.8324,0.847,70.8,5.18,9.97,9.59
BATCH_1042,63.06,20.63,4.57,3.15,0.9657,2.6726,1.4535,1.277,57.57,15.72,6.79,9.57
BATCH_1043,67.87,22.89,4.84,3.44,0.9408,2.7636,1.4046,0.613,60.8,19.76,6.99,10.48
BATCH_1044,67.32,20.59,5.71,3.43,1.0089,2.2529,1.6679,0.769,69.86,6.32,9.34,10.42
BATCH_1045,67.82,20.51,4.79,3.11,1.0401,2.5956,1.5411,1.166,76.77,5.0,7.44,9.46
BATCH_1046,65.21,21.48,4.89,3.83,0.9519,2.463,1.2783,1.01,57.89,17.92,6.49,11.65
BATCH_1047,64.49,20.57,5.19,3.48,0.9759,2.3727,1.4901,0.325,63.25,11.26,7.86,10.59
BATCH_1048,68.64,21.37,5.72,2.96,1.0003,2.4619,1.929,0.782,69.81,8.6,10.13,9.02
BATCH_1049,68.97,21.24,5.03,3.54,1.0173,2.4794,1.4228,1.1,74.66,5.0,7.35,10.76
BATCH_1050,67.3,21.63,4.64,3.87,0.9806,2.542,1.1983,0.93,68.11,10.62,5.74,11.78
BATCH_1051,68.24,23.76,4.21,2.96,0.9283,3.3172,1.4223,1.356,56.44,25.55,6.14,9.0
BATCH_1052,65.66,22.27,5.51,2.8,0.9277,2.6808,1.9704,0.872,51.4,25.07,9.87,8.51
BATCH_1053,67.3,22.14,4.86,3.33,0.9616,2.704,1.4607,0.414,64.48,14.83,7.25,10.12
BATCH_1054,69.11,21.67,4.94,3.53,1.0031,2.5611,1.3997,0.844,73.34,6.81,7.11,10.73
BATCH_1055,65.18,20.5,4.9,3.04,0.9989,2.5796,1.6129,1.003,66.42,8.66,7.85,9.25
BATCH_1056,66.39,22.32,4.45,3.03,0.9511,2.9869,1.4694,0.778,61.72,17.44,6.66,9.21
BATCH_1057,67.85,21.44,5.21,2.93,0.9952,2.6343,1.7798,0.756,69.32,9.17,8.85,8.91
BATCH_1058,68.27,20.24,5.57,3.5,1.0403,2.2325,1.5938,0.918,77.08,5.0,8.85,10.64
BATCH_1059,71.15,21.71,4.58,3.4,1.0389,2.7191,1.346,1.036,83.39,5.0,6.38,10.35
BATCH_1060,69.35,22.24,5.09,3.13,0.9849,2.7093,1.6271,0.408,71.08,10.15,8.19,9.51
BATCH_1061,65.45,22.1,6.31,3.39,0.9134,2.279,1.8585,0.355,48.96,26.43,10.97,10.32
BATCH_1062,68.08,20.06,4.23,3.95,1.0669,2.4549,1.0711,1.505,82.65,5.0,4.52,12.01
BATCH_1063,65.56,20.89,4.55,3.23,0.9927,2.6867,1.4101,0.3,70.65,6.59,6.6,9.82
BATCH_1064,68.32,21.69,5.6,3.17,0.9829,2.47,1.7653,0.648,66.9,11.71,9.48,9.66
BATCH_1065,63.5,21.69,4.82,2.75,0.9297,2.8648,1.7485,0.902,51.26,23.52,8.1,8.38
BATCH_1066,64.27,20.59,3.99,3.7,0.9912,2.6751,1.0782,0.835,66.98,8.49,4.31,11.27
BATCH_1067,67.57,22.05,4.33,3.02,0.9806,2.9966,1.4331,0.851,68.49,11.55,6.37,9.2
BATCH_1068,66.74,21.41,3.73,2.93,1.0062,3.2134,1.2738,0.655,74.87,5.0,4.93,8.92
BATCH_1069,64.54,21.67,5.27,3.5,0.9318,2.4714,1.5047,0.339,55.08,20.57,8.03,10.65
BATCH_1070,65.61,20.92,5.01,3.03,0.9857,2.602,1.6546,0.524,65.72,10.41,8.16,9.22
BATCH_1071,67.99,21.42,5.25,2.76,0.9991,2.6734,1.8975,1.148,68.78,9.51,9.22,8.41
BATCH_1072,67.18,21.13,5.09,2.97,0.9997,2.6227,1.7136,1.39,67.63,9.56,8.46,9.03
BATCH_1073,65.33,20.41,4.96,3.28,1.0013,2.4752,1.5128,1.416,65.11,9.4,7.6,9.99
BATCH_1074,68.77,20.64,5.72,3.59,1.0263,2.2162,1.5912,1.151,73.52,5.0,9.08,10.94
BATCH_1075,68.87,21.63,4.45,3.23,1.013,2.8171,1.3797,1.099,74.92,5.49,6.34,9.82
BATCH_1076,68.58,20.9,4.98,3.6,1.0262,2.4346,1.3844,1.251,75.13,5.0,7.12,10.95
BATCH_1077,67.06,20.06,5.02,3.99,1.0353,2.2272,1.2571,1.609,72.93,5.0,6.54,12.14
BATCH_1078,65.92,18.41,4.73,3.27,1.111,2.3028,1.448,1.05,85.12,5.0,7.0,9.94
BATCH_1079,68.49,21.63,4.17,3.3,1.0112,2.8938,1.2644,0.408,78.62,5.0,5.48,10.05
BATCH_1080,65.74,20.86,5.28,3.13,0.9844,2.48,1.6843,0.375,66.46,9.67,8.68,9.54
BATCH_1081,67.93,20.01,5.09,2.91,1.0609,2.5031,1.7481,1.291,79.8,5.0,8.56,8.85
BATCH_1082,66.17,22.3,4.22,2.89,0.9539,3.139,1.4613,0.534,63.57,15.97,6.29,8.78
BATCH_1083,64.51,21.6,4.43,3.69,0.9456,2.6587,1.201,1.214,56.98,18.95,5.5,11.23
BATCH_1084,66.03,20.82,4.87,3.63,0.9932,2.4495,1.3418,1.463,64.77,10.82,6.76,11.04
BATCH_1085,67.46,20.7,5.87,3.16,1.0057,2.2931,1.8594,1.07,67.36,8.54,10.22,9.61
BATCH_1086,63.61,22.07,4.66,3.11,0.9164,2.8392,1.5004,0.612,51.41,24.49,7.1,9.46
BATCH_1087,67.21,20.8,4.4,3.59,1.0206,2.6046,1.2269,1.021,75.07,5.0,5.59,10.91
BATCH_1088,65.47,21.58,4.52,3.41,0.9617,2.7205,1.3265,0.868,62.43,14.77,6.22,10.38
BATCH_1089,65.08,20.91,5.61,3.45,0.9637,2.3098,1.628,1.011,57.57,16.53,9.03,10.48
BATCH_1090,66.45,20.5,4.44,2.99,1.0274,2.7554,1.4842,0.992,75.72,5.0,6.71,9.11
BATCH_1091,67.18,21.57,4.84,3.7,0.9794,2.5278,1.3084,1.21,65.3,12.57,6.56,11.25
BATCH_1092,69.17,21.3,5.09,2.93,1.0227,2.6568,1.7369,1.216,74.32,5.0,8.52,8.91
BATCH_1093,66.92,20.6,4.74,3.41,1.0205,2.5246,1.39,1.287,72.43,5.0,6.8,10.39
BATCH_1094,65.06,21.62,4.57,3.03,0.957,2.8462,1.5089,0.364,62.53,14.81,6.98,9.21
BATCH_1095,69.98,21.05,4.96,3.5,1.0421,2.4885,1.4154,1.256,79.47,5.0,7.21,10.66
BATCH_1096,67.64,20.82,3.9,3.22,1.0396,2.926,1.2102,0.655,81.88,5.0,4.88,9.8
BATCH_1097,66.51,20.65,4.63,3.56,1.0123,2.5192,1.3009,1.289,70.77,5.82,6.25,10.84
BATCH_1098,65.53,20.87,5.09,2.61,0.989,2.7085,1.9496,0.945,64.42,11.25,9.08,7.95
BATCH_1099,67.12,20.04,4.71,3.22,1.0511,2.526,1.4616,1.324,77.74,5.0,7.03,9.81
BATCH_1100,64.4,21.64,4.89,3.62,0.9359,2.5429,1.3534,1.141,53.01,22.04,6.85,11.0
BATCH_1101,70.33,20.6,4.78,3.41,1.0715,2.5174,1.4021,1.138,86.05,5.0,6.89,10.37
BATCH_1102,66.58,21.77,4.67,3.27,0.9694,2.7437,1.4279,0.636,64.68,13.62,6.84,9.94
BATCH_1103,68.45,20.32,5.7,3.14,1.0404,2.2997,1.8137,1.089,74.8,5.0,9.78,9.56
BATCH_1104,66.93,22.23,4.96,3.5,0.95,2.627,1.4151,0.581,61.48,17.34,7.21,10.66
BATCH_1105,67.47,20.89,3.79,2.88,1.0392,3.1323,1.3184,1.279,79.46,5.0,5.18,8.76
BATCH_1106,66.21,22.25,5.42,2.73,0.9382,2.7316,1.9873,1.511,52.56,24.13,9.74,8.3
BATCH_1107,66.87,20.9,4.79,3.14,1.0085,2.6356,1.5288,1.481,69.16,7.75,7.4,9.54
BATCH_1108,67.05,22.15,5.45,3.12,0.95,2.5832,1.7461,1.149,57.35,20.23,9.16,9.5
BATCH_1109,66.47,22.43,5.34,3.61,0.9288,2.5039,1.4782,0.3,56.58,21.62,8.04,11.0
BATCH_1110,66.71,21.55,4.58,3.2,0.9822,2.7717,1.4312,0.392,69.12,9.65,6.72,9.73
BATCH_1111,66.41,20.9,5.51,3.37,0.9866,2.3528,1.632,0.737,64.72,11.08,8.88,10.27
BATCH_1112,67.09,20.3,4.86,3.24,1.036,2.5076,1.5002,1.269,74.66,5.0,7.39,9.85
BATCH_1113,66.08,21.68,5.21,2.8,0.9607,2.7043,1.8601,1.183,59.63,17.16,9.07,8.53
BATCH_1114,67.55,19.09,4.3,3.33,1.1114,2.5016,1.2927,1.15,90.39,5.0,5.77,10.13
BATCH_1115,68.33,21.62,4.76,3.23,0.9998,2.7074,1.473,1.146,70.94,8.47,7.14,9.83
BATCH_1116,67.32,21.71,4.85,3.72,0.9753,2.5324,1.3046,1.002,64.64,13.48,6.57,11.32
BATCH_1117,66.37,21.43,5.41,2.98,0.9699,2.5556,1.8144,0.764,62.02,14.65,9.29,9.07
BATCH_1118,65.39,21.61,5.37,2.8,0.9508,2.6456,1.9223,0.908,55.88,19.8,9.51,8.51
BATCH_1119,66.5,20.18,5.1,3.26,1.0271,2.4146,1.5638,1.63,69.88,5.15,7.99,9.92
BATCH_1120,66.46,22.13,5.51,3.57,0.9374,2.4383,1.5426,0.685,55.52,21.57,8.55,10.86
BATCH_1121,63.83,21.61,5.48,3.6,0.9194,2.3791,1.5198,0.763,49.81,24.38,8.42,10.97
BATCH_1122,63.97,23.38,5.35,3.06,0.866,2.7796,1.7494,0.416,39.44,37.27,9.01,9.31
BATCH_1123,67.69,22.56,5.07,3.28,0.9483,2.7024,1.5444,0.969,59.02,20.15,7.88,9.98
BATCH_1124,64.95,22.62,5.5,3.41,0.9002,2.5374,1.6126,1.162,43.6,31.96,8.81,10.38
BATCH_1125,67.96,23.3,4.75,3.49,0.9282,2.8293,1.3596,0.3,60.33,21.31,6.67,10.62
BATCH_1126,66.52,20.86,4.52,3.23,1.009,2.6917,1.3978,0.883,71.71,5.7,6.5,9.83
BATCH_1127,67.72,21.27,5.51,3.42,0.9901,2.3834,1.6128,0.566,68.21,9.53,8.82,10.39
BATCH_1128,67.53,22.42,5.49,2.86,0.9484,2.687,1.9207,0.909,57.53,20.86,9.7,8.69
BATCH_1129,69.61,22.55,4.55,3.37,0.9832,2.8463,1.3488,0.932,71.62,10.63,6.35,10.26
BATCH_1130,65.44,21.7,4.73,2.75,0.9593,2.9021,1.7166,1.13,60.23,16.78,7.86,8.38
BATCH_1131,66.79,20.84,5.05,2.7,1.0097,2.691,1.8713,0.896,70.81,6.32,8.81,8.21
BATCH_1132,66.89,20.88,4.66,3.09,1.0123,2.6934,1.5068,1.527,69.8,7.21,7.12,9.41
BATCH_1133,66.33,21.53,5.51,3.02,0.9631,2.5237,1.8224,0.809,60.57,16.04,9.48,9.2
BATCH_1134,66.99,21.48,4.82,3.23,0.9851,2.6706,1.4928,0.931,66.73,11.23,7.3,9.82
BATCH_1135,66.5,22.21,4.96,2.69,0.9513,2.9034,1.8481,0.353,61.39,17.37,8.61,8.17
BATCH_1136,64.93,21.12,4.52,3.04,0.976,2.7917,1.4878,0.818,63.84,12.38,6.84,9.25
BATCH_1137,65.61,19.18,4.55,3.69,1.0658,2.3266,1.2329,0.834,80.14,5.0,5.81,11.23
BATCH_1138,68.81,19.9,4.92,2.65,1.0862,2.6282,1.8524,1.017,86.02,5.0,8.54,8.08
BATCH_1139,66.84,21.96,5.07,4.12,0.9515,2.3918,1.2309,0.707,60.32,17.46,6.46,12.53
BATCH_1140,69.73,22.56,5.05,3.41,0.9762,2.6673,1.4792,0.694,68.47,13.01,7.6,10.38
BATCH_1141,69.09,22.01,6.01,3.59,0.9709,2.2924,1.6732,0.996,62.03,16.3,9.85,10.93
BATCH_1142,68.09,22.44,4.94,3.28,0.9605,2.7279,1.506,0.327,66.03,14.52,7.55,9.99
BATCH_1143,66.98,21.06,4.81,3.25,1.002,2.6147,1.4803,0.669,71.11,6.73,7.24,9.88
BATCH_1144,67.95,20.29,4.57,3.41,1.0534,2.5416,1.3412,1.078,80.78,5.0,6.35,10.37
BATCH_1145,65.3,21.31,4.61,3.06,0.972,2.7768,1.5043,0.773,63.9,12.88,7.03,9.32
BATCH_1146,66.07,22.59,4.97,3.67,0.9227,2.6128,1.3549,0.769,54.08,23.97,6.97,11.17
BATCH_1147,66.51,22.62,5.52,2.92,0.9256,2.6804,1.8909,0.802,53.38,24.58,9.69,8.88
BATCH_1148,69.94,22.41,4.53,3.13,0.996,2.9265,1.4501,0.523,76.31,6.69,6.72,9.51
BATCH_1149,65.9,22.39,4.48,3.35,0.938,2.8606,1.3358,0.777,58.3,20.22,6.19,10.2
BATCH_1150,67.87,21.05,4.5,2.75,1.0265,2.9012,1.6351,1.22,76.2,5.0,7.27,8.38
BATCH_1151,69.3,21.58,3.91,3.38,1.0293,2.9593,1.1569,0.915,81.27,5.0,4.65,10.29
BATCH_1152,67.24,21.8,5.35,3.35,0.9658,2.5067,1.5981,1.233,59.78,17.39,8.51,10.18
BATCH_1153,66.13,22.05,4.81,3.06,0.9513,2.8008,1.5699,0.828,59.21,18.57,7.56,9.32
BATCH_1154,67.59,19.73,4.99,3.65,1.0628,2.2833,1.3698,0.486,82.6,5.0,7.07,11.09
BATCH_1155,66.27,18.82,4.93,2.91,1.0951,2.4009,1.6943,0.87,83.64,5.0,8.14,8.85
BATCH_1156,64.56,20.73,5.2,2.86,0.9761,2.5715,1.8209,1.219,59.32,14.69,8.95,8.7
BATCH_1157,68.49,20.85,5.13,3.12,1.029,2.5265,1.6442,0.452,77.33,5.0,8.32,9.5
BATCH_1158,65.87,21.23,5.03,3.32,0.9737,2.5428,1.5123,1.109,62.47,13.75,7.7,10.11
BATCH_1159,68.86,21.76,4.85,3.61,0.9968,2.5722,1.3426,0.859,71.55,8.4,6.74,10.99
BATCH_1160,67.26,21.94,5.8,3.34,0.953,2.4005,1.7371,0.724,58.47,18.8,9.72,10.16
BATCH_1161,66.47,21.48,4.88,3.08,0.9778,2.701,1.5851,1.214,63.27,13.84,7.72,9.36
BATCH_1162,66.85,20.38,4.43,2.7,1.0422,2.8587,1.6427,0.913,78.29,5.0,7.18,8.21
BATCH_1163,66.26,21.33,4.64,3.84,0.9774,2.5157,1.2058,1.09,65.15,12.01,5.78,11.7
BATCH_1164,64.99,20.8,4.69,3.01,0.9875,2.7007,1.5565,0.742,65.77,10.01,7.33,9.17
BATCH_1165,66.38,21.7,5.14,3.2,0.9619,2.6029,1.6068,1.099,60.01,16.95,8.21,9.73
BATCH_1166,67.24,20.96,4.55,3.29,1.0142,2.6731,1.3813,0.981,72.56,5.37,6.48,10.02
BATCH_1167,66.93,21.86,4.7,3.46,0.9687,2.6792,1.3568,0.812,65.38,13.35,6.59,10.53
BATCH_1168,67.63,22.34,5.11,3.59,0.9524,2.5675,1.4244,0.511,62.34,17.02,7.47,10.92
BATCH_1169,67.27,22.23,4.64,3.43,0.9603,2.7547,1.3535,0.86,63.87,15.56,6.5,10.44
BATCH_1170,64.88,19.45,5.25,3.2,1.0326,2.3022,1.6391,1.059,70.87,5.0,8.49,9.74
BATCH_1171,68.72,21.12,4.32,2.92,1.0377,2.9186,1.4774,0.611,82.16,5.0,6.49,8.89
BATCH_1172,68.02,22.19,5.85,3.5,0.9523,2.3726,1.6682,0.3,60.79,17.75,9.56,10.67
BATCH_1173,66.66,21.17,4.6,3.07,0.9982,2.7625,1.4981,0.719,70.21,7.73,6.99,9.33
BATCH_1174,64.33,21.79,4.29,3.13,0.9435,2.9354,1.3733,1.063,56.09,20.14,6.09,9.52
BATCH_1175,65.58,20.8,5.09,3.45,0.9847,2.4369,1.4756,1.143,63.53,11.71,7.65,10.49
BATCH_1176,65.56,22.01,4.52,3.5,0.9457,2.7429,1.2925,0.3,60.83,17.2,6.06,10.65
BATCH_1177,67.31,21.53,4.64,2.65,0.9959,2.9538,1.7554,0.36,71.8,7.57,7.83,8.05
BATCH_1178,70.2,21.05,4.62,3.11,1.0554,2.7228,1.4844,0.952,84.96,5.0,6.98,9.47
BATCH_1179,67.95,20.93,6.15,3.45,0.996,2.1808,1.7845,0.447,67.33,9.21,10.47,10.49
BATCH_1180,68.48,22.52,5.1,2.92,0.9638,2.8093,1.7451,1.433,61.97,17.8,8.56,8.88
BATCH_1181,67.48,22.1,4.28,3.07,0.9777,3.007,1.3976,1.141,66.95,12.86,6.17,9.33
BATCH_1182,66.85,21.29,4.37,3.13,0.9996,2.8399,1.3946,0.863,71.03,7.44,6.27,9.52
BATCH_1183,65.66,22.12,4.96,2.9,0.9411,2.814,1.7083,0.397,57.98,19.67,8.23,8.83
BATCH_1184,67.24,20.42,5.27,3.71,1.0201,2.2733,1.4205,1.322,70.48,5.37,7.69,11.29
BATCH_1185,66.44,21.23,4.24,3.25,0.9971,2.8347,1.3033,0.3,73.03,5.76,5.73,9.89
BATCH_1186,64.26,20.99,4.91,3.29,0.9619,2.5621,1.4912,0.808,58.78,15.85,7.43,10.01
BATCH_1187,66.2,20.48,5.25,3.02,1.0088,2.4772,1.7349,0.49,71.43,5.0,8.78,9.2
BATCH_1188,65.24,21.24,4.93,2.58,0.9729,2.8275,1.9086,1.336,60.05,15.59,8.69,7.86
BATCH_1189,66.67,22.43,5.28,3.12,0.9367,2.6703,1.6935,0.75,55.75,22.25,8.72,9.49
BATCH_1190,64.88,20.76,4.27,3.21,0.9928,2.7752,1.3278,0.459,69.88,6.81,5.87,9.78
BATCH_1191,66.55,20.93,5.09,3.85,0.9901,2.3406,1.3227,0.996,66.54,9.81,6.98,11.72
BATCH_1192,65.48,20.48,4.64,2.9,1.0104,2.7164,1.5982,0.802,71.01,5.16,7.38,8.83
BATCH_1193,66.29,20.35,4.83,2.94,1.0248,2.6184,1.646,0.988,72.53,5.0,7.84,8.94
BATCH_1194,66.51,22.46,4.77,2.61,0.9459,3.0468,1.8287,0.3,60.97,18.4,8.22,7.93
BATCH_1195,68.53,21.71,5.16,3.54,0.9891,2.4956,1.4606,0.706,69.54,9.78,7.7,10.76
BATCH_1196,64.16,19.85,4.85,3.32,1.0093,2.4302,1.4632,0.401,69.61,5.0,7.25,10.09
BATCH_1197,65.8,21.25,6.16,2.92,0.9567,2.34,2.1146,0.396,57.47,17.56,11.4,8.87
BATCH_1198,67.27,21.4,4.79,3.15,0.9937,2.6945,1.5173,0.752,69.79,8.69,7.35,9.6
BATCH_1199,64.26,21.32,4.93,2.96,0.9514,2.7049,1.6678,0.3,59.58,16.19,8.06,8.99
BATCH_1200,67.91,22.81,4.86,3.2,0.9461,2.8311,1.5207,1.096,59.15,20.78,7.47,9.73
