Batch_ID,Kiln_Temp_C,Feed_Rate_tph,Fan_Speed_rpm,Sec_Air_Temp_C,Fineness_90um_pct
BATCH_0001,1400.0,166.1,969.4,958.0,13.72
BATCH_0002,1398.9,207.8,1099.3,877.7,13.73
BATCH_0003,1380.4,182.0,1129.1,955.5,13.84
BATCH_0004,1432.6,203.1,1098.2,982.6,8.57
BATCH_0005,1429.0,184.7,1168.6,927.0,12.04
BATCH_0006,1429.0,178.9,1004.1,918.9,12.59
BATCH_0007,1402.7,193.8,1185.3,954.9,12.51
BATCH_0008,1363.7,182.8,1113.0,951.3,10.64
BATCH_0009,1445.7,165.7,1062.4,874.8,13.65
BATCH_0010,1410.7,220.8,1131.3,885.7,10.89
BATCH_0011,1428.1,167.9,1152.9,922.1,13.81
BATCH_0012,1409.0,191.4,1061.4,910.5,11.77
BATCH_0013,1467.7,192.4,1100.8,937.7,14.07
BATCH_0014,1366.8,172.7,1163.3,891.7,13.17
BATCH_0015,1434.2,193.6,1089.9,922.4,13.47
BATCH_0016,1432.5,169.6,1145.0,932.3,13.72
BATCH_0017,1420.4,194.0,1073.8,958.0,12.14
BATCH_0018,1422.7,169.8,1148.8,914.1,11.26
BATCH_0019,1348.7,203.6,1084.9,919.8,11.48
BATCH_0020,1470.8,194.4,1207.7,889.3,13.81
BATCH_0021,1444.5,178.0,1096.3,908.7,12.94
BATCH_0022,1424.2,187.7,1135.6,875.0,10.2
BATCH_0023,1404.8,174.9,1013.5,977.8,13.83
BATCH_0024,1374.3,190.0,1118.3,882.4,11.73
BATCH_0025,1438.0,198.1,1142.6,895.2,11.4
BATCH_0026,1363.8,183.1,1062.2,863.1,11.53
BATCH_0027,1353.0,194.1,1101.4,925.1,11.96
BATCH_0028,1399.8,191.3,1125.0,880.9,12.65
BATCH_0029,1517.4,155.8,1092.6,903.7,11.6
BATCH_0030,1431.8,173.8,1075.6,902.7,13.09
BATCH_0031,1411.6,192.3,1144.6,923.8,11.17
BATCH_0032,1422.5,172.8,1123.9,933.3,14.06
BATCH_0033,1426.0,192.5,1055.5,827.0,12.77
BATCH_0034,1422.0,196.4,1015.4,981.2,12.26
BATCH_0035,1448.2,177.6,1154.0,846.2,10.97
BATCH_0036,1395.1,181.6,1087.3,980.2,8.52
BATCH_0037,1395.3,169.1,1104.9,914.8,13.25
BATCH_0038,1452.3,177.2,1073.9,962.0,11.44
BATCH_0039,1398.2,173.7,1035.6,924.0,10.06
BATCH_0040,1426.5,168.7,1069.4,863.7,11.12
BATCH_0041,1407.7,183.6,1109.0,906.6,15.46
BATCH_0042,1433.3,189.2,1128.0,963.2,13.75
BATCH_0043,1370.8,187.5,1047.9,971.1,12.11
BATCH_0044,1404.4,201.8,1179.0,899.1,11.87
BATCH_0045,1460.8,204.3,1021.5,923.0,11.72
BATCH_0046,1474.2,206.9,1069.4,904.5,12.93
BATCH_0047,1462.2,185.1,1166.2,874.7,10.04
BATCH_0048,1462.2,167.7,1118.4,904.3,12.54
BATCH_0049,1426.1,186.1,1090.7,903.8,11.96
BATCH_0050,1435.4,172.5,1048.9,948.3,12.87
BATCH_0051,1453.3,174.9,1125.3,918.8,12.9
BATCH_0052,1418.6,158.5,1106.4,892.8,13.76
BATCH_0053,1504.1,179.7,1126.2,991.3,11.19
BATCH_0054,1444.4,185.9,1144.8,945.4,14.07
BATCH_0055,1387.3,191.3,1043.6,942.6,11.75
BATCH_0056,1414.0,193.3,1132.6,856.9,14.71
BATCH_0057,1341.8,183.5,1042.2,932.8,13.06
BATCH_0058,1472.5,192.8,1082.6,906.0,12.02
BATCH_0059,1399.4,180.1,1107.0,938.1,12.3
BATCH_0060,1425.3,185.5,1220.2,917.7,12.8
BATCH_0061,1361.0,166.0,1152.3,942.8,13.58
BATCH_0062,1395.9,213.8,1149.1,907.0,8.75
BATCH_0063,1389.5,165.2,1148.5,895.3,9.63
BATCH_0064,1419.3,188.3,1111.2,974.6,12.69
BATCH_0065,1448.1,171.6,1191.0,886.9,12.86
BATCH_0066,1416.9,218.7,1059.8,985.6,15.02
BATCH_0067,1456.1,181.6,1123.1,1004.7,10.74
BATCH_0068,1394.3,198.5,1154.6,944.4,10.86
BATCH_0069,1423.1,190.6,1057.6,856.0,15.73
BATCH_0070,1396.6,194.9,1091.3,889.8,13.3
BATCH_0071,1437.8,180.8,1009.9,894.1,8.17
BATCH_0072,1406.4,182.6,1108.0,920.1,13.16
BATCH_0073,1406.3,179.8,1143.2,888.1,12.66
BATCH_0074,1396.6,195.6,1069.7,993.0,13.52
BATCH_0075,1428.3,173.2,1059.9,972.0,11.03
BATCH_0076,1466.5,188.3,1122.8,1006.6,11.53
BATCH_0077,1440.3,182.2,1075.8,906.7,12.82
BATCH_0078,1434.0,170.2,1073.6,943.5,14.36
BATCH_0079,1449.0,166.1,1164.4,903.1,12.89
BATCH_0080,1445.3,174.4,1186.3,904.0,12.84
BATCH_0081,1398.1,192.4,1099.6,972.5,14.17
BATCH_0082,1462.7,188.7,1088.7,881.6,11.94
BATCH_0083,1381.1,179.2,1110.3,904.9,8.19
BATCH_0084,1452.0,168.0,1174.6,909.2,12.47
BATCH_0085,1373.3,216.2,1104.0,933.9,11.29
BATCH_0086,1382.5,136.2,1121.8,956.2,8.96
BATCH_0087,1369.4,181.4,1082.0,940.5,12.98
BATCH_0088,1485.6,196.2,1077.6,971.2,12.6
BATCH_0089,1426.7,183.6,1126.1,920.2,12.9
BATCH_0090,1425.9,199.8,1049.7,965.6,14.48
BATCH_0091,1366.9,198.7,1094.8,969.0,12.56
BATCH_0092,1438.0,182.7,1117.5,939.6,13.45
BATCH_0093,1412.2,186.3,1078.2,950.0,12.79
BATCH_0094,1383.1,164.0,1147.5,988.4,12.34
BATCH_0095,1451.0,183.5,1205.3,875.5,14.33
BATCH_0096,1394.0,160.2,1069.4,918.5,11.86
BATCH_0097,1392.7,177.1,1055.7,930.7,12.66
BATCH_0098,1476.4,193.5,1086.6,884.4,9.27
BATCH_0099,1433.4,189.5,1102.9,890.2,9.95
BATCH_0100,1468.7,176.2,1114.4,930.4,12.3
BATCH_0101,1370.6,198.2,1092.5,891.4,14.17
BATCH_0102,1410.9,204.0,1128.0,908.2,13.55
BATCH_0103,1382.8,166.9,1036.9,885.4,12.59
BATCH_0104,1512.6,157.5,1112.7,938.7,14.13
BATCH_0105,1369.3,167.4,1132.0,891.0,12.86
BATCH_0106,1443.0,182.9,1099.1,904.5,14.19
BATCH_0107,1444.4,197.7,1129.2,938.0,11.35
BATCH_0108,1363.7,168.6,1061.5,882.4,13.74
BATCH_0109,1397.3,182.8,1044.7,951.3,13.77
BATCH_0110,1420.0,179.9,1083.6,926.2,13.74
BATCH_0111,1474.9,160.1,1126.1,887.3,12.79
BATCH_0112,1402.2,177.8,1077.3,978.1,12.99
BATCH_0113,1474.2,168.6,1109.6,914.1,11.18
BATCH_0114,1378.7,196.7,1135.8,948.7,13.16
BATCH_0115,1406.1,177.3,1062.8,888.1,15.01
BATCH_0116,1437.4,197.1,1179.0,879.4,11.28
BATCH_0117,1401.5,183.4,1142.1,895.3,15.78
BATCH_0118,1434.9,180.3,1067.9,939.5,15.21
BATCH_0119,1436.4,190.7,1092.3,885.1,12.47
BATCH_0120,1377.6,191.0,1100.7,881.8,11.89
BATCH_0121,1434.3,160.1,1072.5,879.0,11.95
BATCH_0122,1432.2,172.7,1066.2,921.4,10.87
BATCH_0123,1399.1,183.4,1190.1,935.3,13.22
BATCH_0124,1408.8,206.9,1111.5,939.9,13.5
BATCH_0125,1395.1,201.7,1097.0,938.2,13.66
BATCH_0126,1457.1,189.3,1134.2,865.4,14.32
BATCH_0127,1483.5,170.1,1078.4,913.5,13.31
BATCH_0128,1411.9,166.1,1144.5,961.4,9.73
BATCH_0129,1472.5,198.7,1159.5,960.5,10.14
BATCH_0130,1459.4,175.0,1128.2,879.2,12.46
BATCH_0131,1432.6,188.5,1065.1,885.2,15.06
BATCH_0132,1457.6,215.5,1060.7,864.8,12.96
BATCH_0133,1447.8,179.8,1112.6,905.0,15.12
BATCH_0134,1372.7,160.2,1124.1,941.9,13.32
BATCH_0135,1406.4,203.9,1044.8,934.4,11.02
BATCH_0136,1455.7,211.3,1020.7,844.8,15.31
BATCH_0137,1403.5,160.7,1093.4,927.1,8.47
BATCH_0138,1458.4,170.6,1034.0,911.9,11.3
BATCH_0139,1382.3,169.7,1037.3,861.2,12.22
BATCH_0140,1444.7,191.8,1104.2,976.4,13.11
BATCH_0141,1416.8,161.7,1050.6,957.3,11.55
BATCH_0142,1381.8,193.4,1108.6,942.1,10.74
BATCH_0143,1408.4,187.4,1073.1,922.7,10.65
BATCH_0144,1431.7,201.5,1154.1,867.5,13.43
BATCH_0145,1412.8,188.4,1026.5,925.6,14.18
BATCH_0146,1463.1,205.3,1128.1,884.8,15.48
BATCH_0147,1425.3,191.5,1013.0,964.5,11.29
BATCH_0148,1418.8,186.8,1074.2,912.1,12.19
BATCH_0149,1406.6,171.3,1168.5,874.5,11.93
BATCH_0150,1417.2,167.5,1145.8,898.0,12.32
BATCH_0151,1303.6,158.0,1078.8,961.4,12.09
BATCH_0152,1427.6,163.5,1070.6,886.5,11.59
BATCH_0153,1396.1,169.8,1082.0,941.6,12.94
BATCH_0154,1398.8,186.9,962.6,900.0,11.71
BATCH_0155,1365.6,175.5,1112.5,884.3,11.28
BATCH_0156,1394.8,191.2,1090.3,917.4,12.64
BATCH_0157,1381.9,160.8,1094.6,888.0,11.27
BATCH_0158,1386.8,206.2,1146.6,910.5,14.2
BATCH_0159,1377.7,176.4,1106.1,879.7,12.08
BATCH_0160,1422.5,176.8,1052.4,923.1,12.89
BATCH_0161,1344.2,175.1,1157.7,899.3,10.88
BATCH_0162,1402.2,180.5,975.6,893.7,13.18
BATCH_0163,1434.1,186.4,1021.9,975.2,11.8
BATCH_0164,1481.4,180.3,1111.3,947.7,10.6
BATCH_0165,1442.9,172.9,1217.5,813.4,13.51
BATCH_0166,1394.5,185.4,1035.3,942.9,13.18
BATCH_0167,1399.2,178.4,1104.2,899.2,11.96
BATCH_0168,1449.6,148.1,1095.0,895.9,13.15
BATCH_0169,1443.6,144.4,1112.6,872.6,13.41
BATCH_0170,1384.9,168.7,1026.7,899.9,13.96
BATCH_0171,1410.2,152.6,1034.3,990.7,9.75
BATCH_0172,1461.4,162.3,1183.4,980.9,13.6
BATCH_0173,1412.7,188.0,1084.2,919.1,12.22
BATCH_0174,1414.0,191.6,1122.1,890.7,12.84
BATCH_0175,1351.0,190.6,1062.0,931.5,14.8
BATCH_0176,1365.3,202.6,1083.5,911.5,11.56
BATCH_0177,1480.6,190.5,1151.8,952.8,12.5
BATCH_0178,1365.8,183.9,1155.2,939.0,12.5
BATCH_0179,1406.9,177.7,1138.3,960.4,14.34
BATCH_0180,1379.6,154.7,1010.3,865.8,11.44
BATCH_0181,1390.6,190.1,1104.0,892.8,13.99
BATCH_0182,1437.7,202.3,1213.6,903.8,13.24
BATCH_0183,1375.7,202.9,1106.6,896.4,12.15
BATCH_0184,1499.5,193.3,1128.7,868.9,10.57
BATCH_0185,1430.0,142.5,981.2,906.5,12.2
BATCH_0186,1416.8,178.8,1102.6,877.6,11.42
BATCH_0187,1441.7,195.6,1029.8,1025.8,11.15
BATCH_0188,1435.2,187.1,1060.2,937.0,14.42
BATCH_0189,1509.9,159.6,1030.2,933.5,14.31
BATCH_0190,1355.6,179.5,1132.0,924.9,12.33
BATCH_0191,1425.1,192.4,1071.4,888.4,11.56
BATCH_0192,1457.4,189.1,1215.2,860.8,14.39
BATCH_0193,1391.8,154.6,1128.0,927.5,14.01
BATCH_0194,1390.8,191.5,1022.9,894.7,13.39
BATCH_0195,1454.7,171.2,1081.1,948.7,11.65
BATCH_0196,1445.6,188.9,1092.9,933.5,14.04
BATCH_0197,1423.2,207.1,1057.0,1011.8,13.07
BATCH_0198,1387.9,167.4,1093.0,932.3,11.71
BATCH_0199,1365.6,206.2,1170.0,904.7,13.27
BATCH_0200,1395.0,187.8,1116.1,926.7,11.01
BATCH_0201,1459.8,180.4,1089.4,980.2,12.48
BATCH_0202,1355.9,161.6,996.2,916.6,12.27
BATCH_0203,1474.9,181.0,1068.0,884.4,11.22
BATCH_0204,1375.7,153.1,1080.9,915.1,11.9
BATCH_0205,1370.9,199.8,1114.9,876.6,11.84
BATCH_0206,1465.4,163.4,1081.7,913.9,10.41
BATCH_0207,1474.1,216.2,1076.5,902.8,12.13
BATCH_0208,1417.8,188.0,990.2,913.5,12.71
BATCH_0209,1415.6,171.5,1072.3,997.6,11.39
BATCH_0210,1484.9,183.4,1082.7,855.5,12.11
BATCH_0211,1362.4,202.6,1158.2,916.5,13.78
BATCH_0212,1459.1,182.8,1063.4,995.6,12.57
BATCH_0213,1459.1,202.6,1087.5,1020.1,9.41
BATCH_0214,1347.3,175.2,1182.2,934.4,11.2
BATCH_0215,1461.2,176.8,1074.0,856.8,12.41
BATCH_0216,1391.7,194.4,1125.8,911.1,12.47
BATCH_0217,1424.3,190.6,1111.0,879.6,11.75
BATCH_0218,1366.2,177.8,1077.7,924.5,11.96
BATCH_0219,1412.8,191.4,1091.0,926.5,12.75
BATCH_0220,1467.3,193.3,1096.9,929.7,12.06
BATCH_0221,1379.5,154.8,1106.0,894.6,15.03
BATCH_0222,1433.3,184.7,1024.1,814.8,13.08
BATCH_0223,1460.1,178.5,1052.4,895.8,11.91
BATCH_0224,1390.4,171.2,1076.1,934.4,16.02
BATCH_0225,1420.4,188.4,1012.9,905.1,10.03
BATCH_0226,1421.6,188.4,1192.8,900.7,12.99
BATCH_0227,1390.2,151.3,1095.8,980.4,13.03
BATCH_0228,1427.3,163.6,1111.7,961.4,11.25
BATCH_0229,1364.9,161.7,1095.1,840.2,10.99
BATCH_0230,1437.8,173.5,1025.8,911.7,14.31
BATCH_0231,1473.7,180.5,1105.1,924.2,14.59
BATCH_0232,1446.4,183.0,1123.7,894.2,10.01
BATCH_0233,1381.5,178.4,1069.9,932.7,13.47
BATCH_0234,1381.8,182.0,1149.7,945.8,8.94
BATCH_0235,1398.2,185.1,1054.9,957.9,10.4
BATCH_0236,1396.6,179.1,1047.1,820.1,12.8
BATCH_0237,1455.0,184.0,1093.7,958.7,11.3
BATCH_0238,1436.8,202.5,1075.3,900.1,14.22
BATCH_0239,1389.6,174.9,1119.2,887.8,10.78
BATCH_0240,1418.8,156.1,1121.0,896.9,13.82
BATCH_0241,1450.4,150.7,1115.7,912.5,13.25
BATCH_0242,1432.2,166.5,1075.6,963.0,13.24
BATCH_0243,1413.6,182.1,1106.4,923.5,14.79
BATCH_0244,1450.5,165.5,1096.0,908.0,10.99
BATCH_0245,1420.2,192.9,1080.3,932.8,11.74
BATCH_0246,1419.8,191.8,1090.6,967.7,14.03
BATCH_0247,1480.5,157.8,1041.8,993.3,11.4
BATCH_0248,1404.1,205.9,1055.6,950.9,13.03
BATCH_0249,1419.8,182.7,1238.4,896.3,15.12
BATCH_0250,1428.6,168.0,1174.1,908.7,11.65
BATCH_0251,1452.6,191.0,1151.6,982.6,10.74
BATCH_0252,1437.9,199.1,1106.3,901.2,11.01
BATCH_0253,1424.4,162.3,1193.7,959.1,12.56
BATCH_0254,1430.2,194.4,1060.5,921.4,10.45
BATCH_0255,1433.7,170.1,1112.5,887.5,14.28
BATCH_0256,1442.6,180.3,984.0,951.3,12.46
BATCH_0257,1389.0,172.2,1005.4,904.6,12.42
BATCH_0258,1446.5,151.3,1133.0,887.8,12.96
BATCH_0259,1406.8,182.2,1102.5,979.6,11.28
BATCH_0260,1328.1,218.2,1126.6,926.0,14.27
BATCH_0261,1421.6,198.9,1229.7,965.5,11.82
BATCH_0262,1393.0,204.1,1111.4,945.4,11.27
BATCH_0263,1388.4,189.1,1059.4,909.0,11.16
BATCH_0264,1435.7,172.5,1077.6,929.5,10.56
BATCH_0265,1371.3,199.3,1210.3,968.0,10.61
BATCH_0266,1408.8,164.6,1093.8,932.4,11.52
BATCH_0267,1491.5,184.4,1053.7,881.6,12.72
BATCH_0268,1448.3,167.3,1078.8,901.9,9.81
BATCH_0269,1421.5,187.4,1133.3,917.5,11.79
BATCH_0270,1445.1,215.9,1209.3,892.5,14.94
BATCH_0271,1412.2,184.3,1083.7,949.6,12.69
BATCH_0272,1441.3,156.7,1110.0,924.0,12.56
BATCH_0273,1462.2,182.7,1131.3,908.9,13.18
BATCH_0274,1434.0,183.0,1048.5,921.8,10.89
BATCH_0275,1397.2,189.2,1097.5,886.8,13.38
BATCH_0276,1456.2,173.9,1145.4,924.9,12.31
BATCH_0277,1352.4,169.9,1227.6,946.0,11.18
BATCH_0278,1413.0,185.5,1152.0,841.8,11.95
BATCH_0279,1429.2,177.7,1150.0,1017.5,9.94
BATCH_0280,1412.1,166.1,1246.8,877.1,11.86
BATCH_0281,1475.4,175.4,1098.7,978.3,12.05
BATCH_0282,1363.1,210.3,1162.6,888.8,12.91
BATCH_0283,1441.3,148.8,1133.9,876.8,12.92
BATCH_0284,1444.4,184.2,1089.6,907.5,13.79
BATCH_0285,1385.5,173.2,1132.7,923.7,12.76
BATCH_0286,1407.8,191.6,1047.3,937.1,9.95
BATCH_0287,1407.8,150.6,1068.6,908.3,11.47
BATCH_0288,1510.0,146.3,1130.4,897.7,11.62
BATCH_0289,1436.0,176.2,1068.5,927.9,12.59
BATCH_0290,1393.3,193.1,1064.5,945.8,11.93
BATCH_0291,1434.7,185.4,969.8,899.0,11.45
BATCH_0292,1454.2,201.0,1068.6,908.9,10.95
BATCH_0293,1434.5,175.6,969.0,868.4,13.43
BATCH_0294,1435.1,160.9,1093.6,893.9,9.21
BATCH_0295,1411.2,190.1,1079.0,924.4,13.16
BATCH_0296,1465.2,168.8,1165.8,928.4,12.26
BATCH_0297,1477.4,162.3,1172.6,890.4,14.08
BATCH_0298,1419.9,172.0,1082.8,905.0,11.03
BATCH_0299,1366.8,194.2,1111.2,940.1,11.99
BATCH_0300,1443.1,206.5,1151.9,923.7,11.73
BATCH_0301,1432.3,172.9,1110.2,915.6,13.93
BATCH_0302,1470.7,194.1,1091.2,923.3,12.3
BATCH_0303,1468.5,173.3,1063.6,949.0,12.75
BATCH_0304,1384.8,180.7,1071.8,860.2,14.38
BATCH_0305,1414.3,179.6,1070.5,917.0,9.47
BATCH_0306,1435.8,176.1,1127.8,843.8,11.85
BATCH_0307,1427.4,175.0,1164.7,998.0,10.63
BATCH_0308,1413.1,164.4,1128.5,906.7,11.72
BATCH_0309,1392.5,189.0,1029.5,934.6,9.22
BATCH_0310,1410.0,178.4,1254.9,909.7,13.27
BATCH_0311,1392.7,183.9,1052.7,930.4,12.58
BATCH_0312,1411.7,178.2,1044.8,952.8,12.78
BATCH_0313,1388.8,189.4,1054.7,982.9,11.15
BATCH_0314,1397.8,183.1,1118.0,883.6,14.41
BATCH_0315,1445.0,176.6,1030.5,862.1,14.15
BATCH_0316,1478.5,166.5,1125.3,916.5,14.39
BATCH_0317,1428.9,166.5,1071.7,953.8,13.62
BATCH_0318,1437.3,192.5,1069.9,966.6,10.0
BATCH_0319,1533.4,193.4,1130.1,951.8,11.35
BATCH_0320,1489.7,185.9,1179.5,897.2,11.3
BATCH_0321,1396.7,164.6,1028.2,896.8,9.64
BATCH_0322,1408.9,181.7,1153.6,859.7,9.55
BATCH_0323,1410.2,210.8,1082.3,924.4,14.44
BATCH_0324,1421.7,190.8,1081.7,1015.5,12.77
BATCH_0325,1404.4,177.9,1102.8,900.9,12.84
BATCH_0326,1380.0,181.3,1111.7,891.3,11.62
BATCH_0327,1366.3,173.2,1057.7,955.3,13.19
BATCH_0328,1458.1,171.4,1102.2,958.2,11.77
BATCH_0329,1394.9,174.8,1115.8,897.4,11.84
BATCH_0330,1389.1,182.0,1080.9,867.2,13.01
BATCH_0331,1383.6,179.8,1149.1,946.8,12.44
BATCH_0332,1406.0,181.9,1096.8,893.6,13.98
BATCH_0333,1426.8,194.5,1063.8,885.0,11.82
BATCH_0334,1438.8,189.6,1015.3,960.3,11.65
BATCH_0335,1425.3,170.4,1201.8,934.3,12.08
BATCH_0336,1399.2,170.8,1048.0,948.0,14.67
BATCH_0337,1430.7,171.7,1069.2,931.4,12.69
BATCH_0338,1463.2,179.9,1080.6,972.2,11.76
BATCH_0339,1404.9,207.1,1115.0,896.9,13.96
BATCH_0340,1451.4,196.9,1074.4,947.3,14.59
BATCH_0341,1411.0,159.9,1162.9,933.5,10.6
BATCH_0342,1431.6,167.8,1081.7,940.2,13.28
BATCH_0343,1411.8,188.2,1111.4,854.0,13.36
BATCH_0344,1353.5,178.1,1030.8,956.1,13.68
BATCH_0345,1443.0,177.9,1175.6,874.7,11.65
BATCH_0346,1444.3,149.6,1055.7,906.7,13.55
BATCH_0347,1381.3,189.9,1139.9,927.0,10.6
BATCH_0348,1425.1,169.4,1184.6,925.8,8.44
BATCH_0349,1433.0,196.2,1088.9,922.7,13.23
BATCH_0350,1433.7,188.7,1099.2,966.3,13.1
BATCH_0351,1440.4,187.7,1035.3,928.8,13.25
BATCH_0352,1409.9,183.7,1086.5,858.3,14.89
BATCH_0353,1438.3,139.9,1124.6,880.2,11.83
BATCH_0354,1458.1,215.5,1028.1,911.0,8.93
BATCH_0355,1410.3,174.9,1066.4,925.4,12.03
BATCH_0356,1393.8,185.1,1072.7,992.7,10.6
BATCH_0357,1466.0,199.3,1107.2,916.6,12.74
BATCH_0358,1358.6,169.6,1123.7,891.9,12.14
BATCH_0359,1462.6,144.1,1097.7,904.3,13.53
BATCH_0360,1431.7,142.6,1075.0,967.9,11.29
BATCH_0361,1448.9,181.2,1094.0,956.8,11.43
BATCH_0362,1352.0,144.2,1117.3,939.7,15.6
BATCH_0363,1478.7,167.7,1136.5,868.0,12.18
BATCH_0364,1451.2,170.9,1090.0,976.0,14.81
BATCH_0365,1356.3,197.8,1184.6,827.0,11.8
BATCH_0366,1414.0,173.5,1122.1,890.0,10.77
BATCH_0367,1435.5,181.5,1060.4,1018.4,13.61
BATCH_0368,1487.7,183.9,1099.4,961.2,14.14
BATCH_0369,1418.3,183.2,1184.6,981.8,10.1
BATCH_0370,1453.1,180.8,1121.1,901.4,11.95
BATCH_0371,1447.9,208.6,1075.2,786.1,11.89
BATCH_0372,1450.8,187.2,1172.3,901.6,11.86
BATCH_0373,1391.1,161.2,1179.9,894.1,13.54
BATCH_0374,1418.0,192.4,1046.7,917.9,15.37
BATCH_0375,1434.4,159.3,1075.0,917.6,13.99
BATCH_0376,1444.8,191.7,1180.4,974.1,14.52
BATCH_0377,1423.8,173.5,1083.4,932.7,14.93
BATCH_0378,1436.1,157.2,1139.9,897.8,12.52
BATCH_0379,1437.0,204.1,1022.3,946.6,12.3
BATCH_0380,1392.7,170.2,1084.6,835.8,12.71
BATCH_0381,1376.0,193.2,1097.8,963.5,12.76
BATCH_0382,1403.3,179.3,1167.1,842.6,12.53
BATCH_0383,1362.2,176.4,1074.9,920.2,11.8
BATCH_0384,1429.5,179.1,1127.4,866.4,11.39
BATCH_0385,1393.5,173.3,1071.6,945.5,12.8
BATCH_0386,1482.1,157.8,1107.0,922.6,13.72
BATCH_0387,1363.2,155.1,1201.3,1002.4,10.82
BATCH_0388,1444.1,173.3,1057.3,894.3,13.55
BATCH_0389,1422.9,183.2,1131.7,924.0,15.66
BATCH_0390,1359.9,183.5,1145.2,911.0,14.65
BATCH_0391,1417.6,208.4,1098.9,954.5,10.42
BATCH_0392,1455.8,201.5,1047.5,881.1,11.82
BATCH_0393,1444.6,202.1,1081.8,968.6,12.6
BATCH_0394,1404.2,164.7,1058.9,868.5,11.15
BATCH_0395,1440.9,194.1,1083.2,980.9,11.32
BATCH_0396,1411.3,184.7,1084.2,932.6,13.16
BATCH_0397,1454.4,176.4,1133.6,851.4,13.45
BATCH_0398,1357.2,188.1,1083.7,873.2,12.8
BATCH_0399,1497.3,199.6,1128.3,915.0,11.41
BATCH_0400,1398.8,179.5,1041.0,873.9,15.67
BATCH_0401,1401.1,147.5,1135.2,933.9,11.96
BATCH_0402,1446.4,181.5,1066.6,830.3,12.81
BATCH_0403,1441.4,182.3,1072.7,928.8,13.97
BATCH_0404,1394.2,175.3,1130.5,918.4,13.69
BATCH_0405,1419.7,194.9,1082.0,967.7,12.29
BATCH_0406,1397.6,202.3,1063.3,864.0,9.27
BATCH_0407,1424.1,183.4,1087.5,866.5,12.24
BATCH_0408,1428.2,124.7,1059.6,904.3,14.76
BATCH_0409,1428.6,199.5,1057.0,884.5,13.57
BATCH_0410,1354.4,210.7,1050.1,877.6,14.16
BATCH_0411,1400.0,196.8,997.5,892.7,10.5
BATCH_0412,1402.5,188.1,1088.3,912.2,13.11
BATCH_0413,1419.3,165.3,1063.5,948.1,11.14
BATCH_0414,1477.3,158.5,1035.7,855.4,13.06
BATCH_0415,1407.9,175.8,1132.1,995.4,13.52
BATCH_0416,1471.4,179.5,1229.9,851.0,13.54
BATCH_0417,1497.6,180.9,1153.7,928.7,11.26
BATCH_0418,1392.1,182.9,1092.0,897.8,13.14
BATCH_0419,1430.3,171.9,1146.8,940.3,10.98
BATCH_0420,1475.8,202.0,1055.4,922.8,11.52
BATCH_0421,1396.0,172.3,1163.7,888.3,13.65
BATCH_0422,1465.0,179.1,1107.1,939.0,14.26
BATCH_0423,1415.4,188.6,1071.8,869.5,11.0
BATCH_0424,1395.9,187.0,1165.5,966.8,10.62
BATCH_0425,1325.5,162.3,1107.5,981.3,10.81
BATCH_0426,1467.3,211.5,1097.9,1006.4,12.64
BATCH_0427,1426.4,180.7,1163.2,879.6,11.41
BATCH_0428,1462.3,179.6,1181.9,956.3,11.44
BATCH_0429,1451.2,176.3,1059.9,882.1,10.34
BATCH_0430,1363.1,181.2,1079.3,980.1,14.62
BATCH_0431,1426.2,185.2,1064.1,945.3,12.69
BATCH_0432,1367.4,194.9,1055.9,923.6,14.25
BATCH_0433,1454.1,172.6,1117.7,851.0,12.31
BATCH_0434,1403.2,151.9,1042.1,840.8,12.44
BATCH_0435,1413.6,210.4,1078.8,914.7,12.2
BATCH_0436,1397.9,169.0,1027.7,901.4,14.13
BATCH_0437,1402.2,138.1,1101.9,951.5,16.52
BATCH_0438,1306.5,184.5,1099.9,925.6,12.58
BATCH_0439,1421.3,205.3,1102.0,1008.3,10.55
BATCH_0440,1472.0,149.3,1089.0,866.7,10.02
BATCH_0441,1440.5,186.5,1062.4,981.5,12.09
BATCH_0442,1459.3,183.4,1083.8,930.8,11.72
BATCH_0443,1423.8,161.1,1017.5,949.4,14.04
BATCH_0444,1450.9,195.4,1198.7,935.1,12.22
BATCH_0445,1386.2,179.2,1172.4,947.4,12.93
BATCH_0446,1422.0,178.1,1089.2,965.7,12.73
BATCH_0447,1422.6,181.5,1118.8,900.4,10.6
BATCH_0448,1450.7,185.3,1128.4,935.3,14.94
BATCH_0449,1512.9,197.8,1058.6,948.7,10.38
BATCH_0450,1467.3,144.5,1202.6,851.8,11.56
BATCH_0451,1412.9,152.7,1078.3,986.4,11.9
BATCH_0452,1392.5,185.0,1012.2,938.2,11.17
BATCH_0453,1364.4,199.4,1132.5,892.7,10.19
BATCH_0454,1434.6,165.2,1128.6,891.1,14.4
BATCH_0455,1398.8,170.5,1139.0,946.4,13.78
BATCH_0456,1455.4,173.3,1055.9,862.3,13.22
BATCH_0457,1365.6,182.1,1084.2,884.9,12.57
BATCH_0458,1463.1,187.9,1122.3,851.1,11.42
BATCH_0459,1436.6,176.2,1076.3,846.3,11.11
BATCH_0460,1406.6,168.6,1229.3,936.8,13.42
BATCH_0461,1361.0,193.7,1127.3,901.4,15.06
BATCH_0462,1476.6,168.4,1157.2,927.4,12.88
BATCH_0463,1482.2,189.6,1148.5,929.4,10.45
BATCH_0464,1360.9,192.5,1143.6,933.1,10.82
BATCH_0465,1449.7,189.7,1107.0,943.0,12.87
BATCH_0466,1442.6,182.2,1126.2,888.0,12.04
BATCH_0467,1397.3,174.0,1046.5,858.4,14.71
BATCH_0468,1441.7,174.4,1067.2,970.8,11.75
BATCH_0469,1401.4,161.8,1138.8,940.6,10.82
BATCH_0470,1422.2,175.9,1042.1,847.4,11.73
BATCH_0471,1432.6,182.4,1206.8,966.5,12.56
BATCH_0472,1444.7,179.7,1072.7,866.0,14.63
BATCH_0473,1469.6,172.1,1091.7,951.8,15.07
BATCH_0474,1410.3,161.6,1128.3,894.1,9.27
BATCH_0475,1478.7,173.2,1115.5,948.1,11.47
BATCH_0476,1481.7,172.4,1014.2,953.0,15.02
BATCH_0477,1346.8,170.2,1106.6,942.9,10.31
BATCH_0478,1436.1,177.9,1112.8,910.9,13.5
BATCH_0479,1448.3,178.1,1181.7,906.7,10.19
BATCH_0480,1446.8,196.1,1124.9,842.3,12.27
BATCH_0481,1436.4,176.8,1167.3,894.1,15.29
BATCH_0482,1427.6,184.4,1120.2,847.0,12.05
BATCH_0483,1407.3,187.7,1110.6,892.1,14.38
BATCH_0484,1408.2,162.7,1046.7,852.7,12.34
BATCH_0485,1404.0,165.5,1084.5,915.6,14.1
BATCH_0486,1420.5,193.7,1180.6,949.2,12.38
BATCH_0487,1415.3,181.7,1086.2,964.7,13.36
BATCH_0488,1454.8,188.6,1085.2,901.5,12.97
BATCH_0489,1408.7,173.7,1042.3,982.7,11.78
BATCH_0490,1387.1,152.9,1130.9,933.9,10.99
BATCH_0491,1394.0,182.1,1126.9,925.2,13.66
BATCH_0492,1367.7,182.7,1075.4,894.9,9.85
BATCH_0493,1385.7,179.8,1053.0,903.5,13.22
BATCH_0494,1352.6,202.4,1130.6,889.3,11.1
BATCH_0495,1435.1,189.8,1076.3,866.4,14.57
BATCH_0496,1438.7,153.5,1149.8,957.5,13.75
BATCH_0497,1431.9,171.3,1075.7,894.7,16.58
BATCH_0498,1421.1,180.3,1053.3,923.1,14.6
BATCH_0499,1430.3,182.8,1102.3,913.2,10.02
BATCH_0500,1406.0,182.4,1099.9,877.3,10.61
BATCH_0501,1409.3,176.9,1098.6,904.0,13.67
BATCH_0502,1480.7,185.8,1105.4,910.0,12.94
BATCH_0503,1385.4,156.5,1046.8,935.3,12.26
BATCH_0504,1413.9,186.2,1068.7,929.2,13.67
BATCH_0505,1407.5,185.5,1091.9,892.3,14.16
BATCH_0506,1370.7,184.1,1025.4,971.8,12.26
BATCH_0507,1384.1,177.4,1129.7,923.4,13.05
BATCH_0508,1413.0,173.9,1151.5,999.3,13.93
BATCH_0509,1398.2,154.1,1098.9,919.3,11.06
BATCH_0510,1368.5,191.0,1071.3,906.6,12.02
BATCH_0511,1452.6,205.2,1090.8,891.3,11.94
BATCH_0512,1423.6,173.2,1051.4,918.5,13.35
BATCH_0513,1402.4,167.7,1041.6,965.5,11.93
BATCH_0514,1417.6,158.9,1096.2,979.9,11.58
BATCH_0515,1444.3,190.5,1171.1,926.7,10.01
BATCH_0516,1384.0,156.0,1131.3,979.4,10.96
BATCH_0517,1361.4,176.9,1098.9,959.6,11.25
BATCH_0518,1372.9,163.9,1047.7,947.1,10.57
BATCH_0519,1434.9,166.0,1042.3,868.7,11.87
BATCH_0520,1396.1,197.3,1075.8,925.7,10.89
BATCH_0521,1421.0,221.4,949.1,891.3,13.48
BATCH_0522,1426.8,205.1,1021.8,896.0,13.73
BATCH_0523,1364.4,186.0,1098.9,944.5,10.98
BATCH_0524,1391.8,173.1,1091.2,858.6,9.97
BATCH_0525,1379.2,170.8,1029.2,888.8,11.9
BATCH_0526,1438.6,163.9,1105.8,918.8,12.98
BATCH_0527,1412.0,179.3,1091.1,921.3,11.73
BATCH_0528,1476.5,194.2,1146.7,934.8,10.82
BATCH_0529,1445.3,193.5,1106.0,893.9,12.41
BATCH_0530,1422.1,181.9,1115.6,954.3,10.61
BATCH_0531,1436.5,176.2,1067.6,929.3,14.57
BATCH_0532,1449.6,189.1,1175.8,898.3,15.01
BATCH_0533,1420.6,176.6,1066.7,953.5,14.96
BATCH_0534,1390.3,192.3,1146.1,954.1,10.53
BATCH_0535,1418.7,163.0,1143.3,887.2,11.45
BATCH_0536,1391.0,181.8,1122.5,928.4,13.19
BATCH_0537,1406.5,219.7,1082.7,911.5,11.44
BATCH_0538,1484.7,160.4,1113.7,982.7,13.4
BATCH_0539,1429.7,155.6,1098.4,933.4,10.44
BATCH_0540,1393.6,163.2,1225.2,900.6,13.55
BATCH_0541,1409.4,168.0,1078.4,875.5,9.96
BATCH_0542,1404.0,158.9,1103.9,962.2,10.85
BATCH_0543,1463.5,194.5,1085.2,955.2,15.5
BATCH_0544,1457.7,179.7,1083.3,942.6,12.91
BATCH_0545,1407.4,159.0,1094.5,946.9,11.24
BATCH_0546,1453.4,162.0,1055.3,875.8,10.26
BATCH_0547,1420.7,155.9,1084.1,926.1,11.29
BATCH_0548,1405.1,178.1,1092.6,940.2,11.95
BATCH_0549,1400.9,172.2,1057.4,877.2,10.92
BATCH_0550,1414.6,190.7,1105.0,899.1,11.65
BATCH_0551,1460.3,186.8,1149.4,937.9,12.44
BATCH_0552,1451.1,201.0,1139.1,911.4,12.71
BATCH_0553,1441.3,163.9,1121.1,872.7,15.15
BATCH_0554,1408.3,178.0,1038.5,903.5,15.22
BATCH_0555,1404.6,188.7,1068.6,912.0,15.05
BATCH_0556,1418.6,172.5,1155.3,870.0,11.87
BATCH_0557,1378.8,198.8,1114.8,871.7,15.14
BATCH_0558,1402.6,165.7,1118.1,873.1,11.01
BATCH_0559,1389.9,199.5,1101.9,883.8,12.78
BATCH_0560,1425.8,194.5,1043.6,970.9,10.16
BATCH_0561,1388.7,156.2,1152.1,902.0,12.38
BATCH_0562,1395.9,158.8,1035.1,861.5,14.01
BATCH_0563,1412.9,181.9,1125.0,890.9,10.05
BATCH_0564,1448.9,184.8,1119.9,905.2,12.08
BATCH_0565,1414.3,185.1,979.3,938.3,12.35
BATCH_0566,1436.0,200.3,1159.9,908.6,14.45
BATCH_0567,1434.4,191.5,1106.3,912.7,12.52
BATCH_0568,1469.2,183.7,1147.5,851.4,13.52
BATCH_0569,1426.7,183.1,1119.2,849.8,10.01
BATCH_0570,1438.2,148.7,1072.1,944.5,11.87
BATCH_0571,1417.4,181.1,1225.9,991.2,11.46
BATCH_0572,1401.9,171.9,1050.8,790.7,14.76
BATCH_0573,1448.6,172.8,1049.7,1009.2,12.38
BATCH_0574,1450.8,200.2,1199.7,928.7,10.14
BATCH_0575,1414.6,182.5,997.4,957.9,12.32
BATCH_0576,1397.6,187.6,1064.3,929.1,12.35
BATCH_0577,1413.4,176.6,1114.1,862.8,11.5
BATCH_0578,1464.5,199.4,1085.9,894.8,11.2
BATCH_0579,1389.5,179.7,1172.9,940.8,12.94
BATCH_0580,1403.1,183.6,1143.3,963.3,11.24
BATCH_0581,1431.6,161.9,1057.2,885.1,15.75
BATCH_0582,1479.2,176.1,1101.8,876.5,11.34
BATCH_0583,1361.5,167.9,1047.5,876.1,13.01
BATCH_0584,1432.2,182.0,951.3,869.4,11.38
BATCH_0585,1435.7,197.7,1102.9,969.9,13.54
BATCH_0586,1374.1,183.6,1116.3,967.2,13.69
BATCH_0587,1404.0,183.4,1184.8,874.6,10.54
BATCH_0588,1416.0,186.5,1108.2,890.3,11.74
BATCH_0589,1420.6,218.5,1089.5,934.1,11.38
BATCH_0590,1395.6,155.7,1044.2,922.9,11.52
BATCH_0591,1476.8,177.5,1152.2,895.5,12.84
BATCH_0592,1421.2,174.3,1094.2,939.6,13.16
BATCH_0593,1445.3,171.4,1038.6,936.1,9.84
BATCH_0594,1417.4,173.9,1038.8,820.9,10.94
BATCH_0595,1434.4,164.8,1087.9,960.0,13.28
BATCH_0596,1448.9,154.1,1092.0,908.8,12.08
BATCH_0597,1377.3,217.5,1113.8,936.1,13.25
BATCH_0598,1430.6,171.2,1109.6,914.2,12.36
BATCH_0599,1411.5,187.5,1093.4,887.8,12.34
BATCH_0600,1429.8,192.1,1154.7,969.5,15.31
BATCH_0601,1401.6,171.6,1061.8,890.8,14.96
BATCH_0602,1427.7,180.5,1063.9,833.0,11.01
BATCH_0603,1441.7,196.9,1113.7,919.2,13.12
BATCH_0604,1437.8,196.5,1028.8,881.0,12.84
BATCH_0605,1439.2,160.0,1169.5,950.5,13.01
BATCH_0606,1374.9,198.8,1061.8,848.2,12.86
BATCH_0607,1431.4,172.1,1063.3,951.3,10.58
BATCH_0608,1414.4,169.3,1068.1,876.8,13.07
BATCH_0609,1441.0,182.7,1080.1,930.3,11.69
BATCH_0610,1413.4,199.1,1118.6,920.7,12.47
BATCH_0611,1466.5,209.8,1034.4,962.1,13.02
BATCH_0612,1403.7,201.4,1158.6,924.3,10.58
BATCH_0613,1392.8,222.5,1082.3,911.5,13.85
BATCH_0614,1418.6,203.0,1084.5,951.4,13.77
BATCH_0615,1477.8,168.7,1125.4,1007.3,13.63
BATCH_0616,1461.2,197.0,1121.5,940.3,13.13
BATCH_0617,1427.2,175.9,1076.4,879.5,14.14
BATCH_0618,1362.7,217.9,1070.5,915.2,9.72
BATCH_0619,1436.1,209.4,1140.2,908.3,14.42
BATCH_0620,1504.9,185.5,1148.9,927.2,12.43
BATCH_0621,1445.8,192.7,1056.9,923.2,12.38
BATCH_0622,1416.6,154.7,1019.3,920.3,10.51
BATCH_0623,1468.1,181.3,1186.7,895.1,9.57
BATCH_0624,1393.4,189.3,1156.3,916.1,15.5
BATCH_0625,1356.8,160.2,1142.6,949.7,12.07
BATCH_0626,1419.4,178.2,1094.6,915.4,13.81
BATCH_0627,1455.2,226.0,1109.0,916.1,10.9
BATCH_0628,1407.8,167.4,1096.0,895.5,9.75
BATCH_0629,1411.4,167.4,1082.0,978.3,11.12
BATCH_0630,1451.1,186.3,1106.0,946.5,11.68
BATCH_0631,1421.4,198.0,1054.5,944.5,10.82
BATCH_0632,1411.7,195.4,1080.4,921.1,13.13
BATCH_0633,1379.9,191.1,1083.9,918.4,11.96
BATCH_0634,1406.4,176.3,1083.4,931.2,9.93
BATCH_0635,1480.6,154.7,1121.2,897.5,13.12
BATCH_0636,1406.8,183.9,1139.6,897.1,11.54
BATCH_0637,1353.3,179.0,1117.7,867.5,11.67
BATCH_0638,1429.2,158.2,1051.7,887.5,11.5
BATCH_0639,1421.5,169.5,1156.3,924.9,12.16
BATCH_0640,1420.6,182.7,1130.5,918.6,11.95
BATCH_0641,1429.4,198.2,1209.2,898.3,11.15
BATCH_0642,1478.5,183.8,1132.8,933.2,14.03
BATCH_0643,1390.2,187.5,1138.0,888.5,14.58
BATCH_0644,1391.8,203.4,1139.5,940.8,14.35
BATCH_0645,1416.0,179.8,1038.1,904.5,14.74
BATCH_0646,1453.1,178.8,1114.3,907.7,13.85
BATCH_0647,1458.1,167.5,1150.0,925.9,14.15
BATCH_0648,1405.5,190.6,1111.8,922.3,14.84
BATCH_0649,1370.9,180.1,1155.5,917.2,10.61
BATCH_0650,1431.6,205.2,1034.5,939.3,14.72
BATCH_0651,1426.3,187.3,1122.8,943.6,11.88
BATCH_0652,1382.0,181.5,1132.5,956.8,14.84
BATCH_0653,1460.5,200.6,1098.0,975.5,11.56
BATCH_0654,1426.8,195.4,1089.2,930.7,12.91
BATCH_0655,1422.5,176.8,1176.6,952.4,11.33
BATCH_0656,1439.3,208.5,1181.8,937.6,11.24
BATCH_0657,1434.5,179.5,1055.9,987.8,12.59
BATCH_0658,1387.8,192.8,1110.4,918.2,11.51
BATCH_0659,1399.6,194.1,1139.8,926.7,13.96
BATCH_0660,1396.1,174.6,1080.2,917.0,12.01
BATCH_0661,1424.2,144.6,1033.4,890.0,11.34
BATCH_0662,1377.3,193.0,1084.0,895.7,11.43
BATCH_0663,1380.7,192.4,1180.9,872.1,10.13
BATCH_0664,1386.2,177.6,1112.9,908.5,12.06
BATCH_0665,1363.4,186.1,1108.2,907.9,11.85
BATCH_0666,1452.2,191.2,1090.8,873.7,13.27
BATCH_0667,1423.2,175.7,986.6,997.9,9.52
BATCH_0668,1444.6,184.9,1044.0,890.7,11.21
BATCH_0669,1410.8,179.4,1079.8,954.2,11.91
BATCH_0670,1431.2,155.1,1138.0,875.5,14.84
BATCH_0671,1444.0,148.3,981.0,910.0,13.42
BATCH_0672,1427.6,205.0,1023.6,982.3,12.61
BATCH_0673,1382.9,155.8,1114.6,921.1,12.48
BATCH_0674,1430.8,204.2,1159.9,901.7,9.81
BATCH_0675,1415.3,179.0,1075.7,928.6,12.36
BATCH_0676,1444.1,156.3,1055.3,983.5,8.81
BATCH_0677,1375.2,164.9,1131.6,899.6,10.84
BATCH_0678,1372.4,176.8,1051.9,917.9,13.53
BATCH_0679,1476.3,202.6,1034.4,845.5,12.37
BATCH_0680,1434.8,167.6,1129.3,909.2,14.24
BATCH_0681,1455.3,163.2,1109.5,917.4,12.49
BATCH_0682,1478.9,174.9,1225.2,921.0,11.06
BATCH_0683,1481.5,191.6,1043.8,858.3,12.91
BATCH_0684,1384.5,171.0,1119.7,934.3,11.24
BATCH_0685,1483.4,162.1,1063.7,895.7,8.3
BATCH_0686,1428.1,181.1,1036.3,867.3,9.18
BATCH_0687,1442.5,173.5,1096.0,919.2,14.91
BATCH_0688,1480.9,222.6,1086.1,934.1,12.65
BATCH_0689,1411.2,185.7,1099.1,863.0,12.06
BATCH_0690,1489.4,183.5,1132.7,858.9,15.68
BATCH_0691,1399.5,184.2,1155.8,908.2,11.28
BATCH_0692,1391.0,158.1,1076.9,938.2,12.14
BATCH_0693,1397.8,175.7,1005.5,888.5,11.94
BATCH_0694,1413.7,215.2,1106.7,962.5,13.71
BATCH_0695,1409.2,162.8,1159.4,977.4,14.71
BATCH_0696,1438.3,212.6,1123.2,966.0,12.6
BATCH_0697,1411.5,183.8,1033.2,859.7,13.33
BATCH_0698,1432.5,148.1,1007.4,952.7,11.68
BATCH_0699,1412.6,167.6,1165.0,922.4,12.17
BATCH_0700,1421.2,196.3,1094.3,920.6,11.6
BATCH_0701,1414.9,179.3,1133.8,913.4,11.43
BATCH_0702,1413.0,209.8,1070.5,929.4,12.87
BATCH_0703,1469.7,157.8,1139.5,955.2,16.18
BATCH_0704,1435.5,198.3,1094.0,864.5,14.09
BATCH_0705,1430.2,191.6,1118.8,988.7,14.84
BATCH_0706,1388.2,173.7,1089.1,910.6,15.28
BATCH_0707,1401.9,188.4,1028.2,925.3,12.55
BATCH_0708,1470.4,196.1,1128.3,962.7,10.88
BATCH_0709,1463.0,198.1,1103.5,967.0,11.35
BATCH_0710,1437.1,215.8,1150.2,970.6,12.21
BATCH_0711,1437.9,195.3,1125.3,890.8,11.69
BATCH_0712,1407.8,146.2,1090.5,913.8,12.16
BATCH_0713,1432.5,209.1,1139.2,886.2,9.71
BATCH_0714,1367.3,164.9,1202.7,938.4,11.38
BATCH_0715,1429.6,172.0,1054.5,959.7,12.07
BATCH_0716,1531.5,200.2,1135.1,883.5,12.72
BATCH_0717,1444.6,184.6,1181.7,1007.7,11.89
BATCH_0718,1396.9,192.0,1128.3,921.4,12.9
BATCH_0719,1438.6,190.7,1046.4,996.7,12.91
BATCH_0720,1464.7,174.4,1063.8,948.3,10.43
BATCH_0721,1422.9,179.9,1165.0,940.2,13.97
BATCH_0722,1442.5,187.6,1102.5,926.8,9.67
BATCH_0723,1399.4,204.3,1059.7,910.5,15.15
BATCH_0724,1425.8,191.0,1168.3,932.5,11.16
BATCH_0725,1441.2,188.0,1026.7,995.6,13.63
BATCH_0726,1342.0,185.6,1073.1,860.6,15.02
BATCH_0727,1399.2,190.8,1107.9,959.8,13.93
BATCH_0728,1482.4,181.1,1223.6,918.7,12.18
BATCH_0729,1454.8,189.9,1081.4,855.0,11.4
BATCH_0730,1368.4,185.3,1041.2,945.2,11.57
BATCH_0731,1447.0,167.9,1077.8,974.7,12.44
BATCH_0732,1336.8,190.5,1211.0,944.2,12.2
BATCH_0733,1349.3,182.1,1115.0,918.1,12.72
BATCH_0734,1408.9,179.2,1065.6,963.9,8.94
BATCH_0735,1403.2,216.6,1118.9,911.9,12.78
BATCH_0736,1491.8,199.6,1157.7,907.7,12.84
BATCH_0737,1452.0,190.0,1158.0,919.2,9.12
BATCH_0738,1443.6,202.7,1135.9,931.6,13.5
BATCH_0739,1349.4,193.0,1033.0,953.1,11.54
BATCH_0740,1367.9,148.6,1093.4,902.8,11.49
BATCH_0741,1432.8,188.3,940.2,909.5,11.49
BATCH_0742,1462.3,183.7,1130.6,884.0,8.07
BATCH_0743,1427.7,169.2,1102.9,847.4,13.61
BATCH_0744,1450.8,185.0,1084.2,929.3,14.47
BATCH_0745,1387.0,171.3,1124.9,947.9,12.7
BATCH_0746,1452.3,186.8,1079.2,914.7,12.02
BATCH_0747,1378.7,185.1,1074.1,976.1,13.37
BATCH_0748,1391.6,165.9,1096.1,957.7,14.76
BATCH_0749,1444.2,157.6,1096.0,877.8,14.04
BATCH_0750,1419.5,175.9,1025.4,904.0,12.35
BATCH_0751,1393.3,204.6,1133.9,922.9,11.72
BATCH_0752,1451.5,170.8,1207.2,909.7,12.72
BATCH_0753,1399.8,177.8,1139.9,910.6,12.47
BATCH_0754,1440.2,174.8,1197.0,949.7,14.37
BATCH_0755,1468.7,157.3,1005.5,973.9,11.3
BATCH_0756,1469.7,182.8,1083.9,964.7,10.8
BATCH_0757,1440.7,168.3,961.8,870.7,13.19
BATCH_0758,1439.3,177.0,1037.5,932.2,13.33
BATCH_0759,1440.0,186.8,1103.4,994.3,14.7
BATCH_0760,1431.7,174.3,1127.8,954.4,13.07
BATCH_0761,1379.2,198.1,1198.3,906.1,9.24
BATCH_0762,1379.4,175.8,1056.8,920.5,12.54
BATCH_0763,1418.6,206.9,1002.7,861.0,9.05
BATCH_0764,1471.2,197.8,1124.6,931.6,10.68
BATCH_0765,1456.0,163.5,1088.5,937.0,14.77
BATCH_0766,1446.3,191.8,1071.0,997.9,12.9
BATCH_0767,1453.6,187.4,1086.8,931.4,15.11
BATCH_0768,1359.0,197.1,1148.5,869.1,12.7
BATCH_0769,1441.9,197.0,1055.6,921.2,11.0
BATCH_0770,1416.7,192.0,1066.6,832.1,13.21
BATCH_0771,1416.4,197.1,1076.2,895.3,14.04
BATCH_0772,1449.4,146.9,1067.4,1012.7,13.38
BATCH_0773,1409.1,169.6,1042.7,870.3,13.15
BATCH_0774,1451.5,193.7,1088.5,859.7,12.87
BATCH_0775,1438.5,192.6,1103.9,940.3,12.77
BATCH_0776,1394.7,186.6,1067.6,843.5,12.17
BATCH_0777,1408.4,165.6,1114.5,972.6,12.09
BATCH_0778,1345.3,211.5,1071.2,882.7,12.12
BATCH_0779,1460.5,146.2,1146.3,916.5,14.66
BATCH_0780,1350.6,172.2,1104.8,993.8,14.04
BATCH_0781,1390.7,184.7,1051.2,906.3,13.0
BATCH_0782,1461.0,164.2,1065.4,943.1,13.91
BATCH_0783,1457.4,186.4,1140.5,922.4,13.2
BATCH_0784,1411.3,187.9,1143.8,959.6,13.17
BATCH_0785,1382.3,198.8,1134.2,946.4,14.11
BATCH_0786,1439.5,167.8,1061.3,928.9,11.46
BATCH_0787,1404.3,193.6,1093.8,922.2,10.14
BATCH_0788,1413.0,191.1,996.5,921.6,13.27
BATCH_0789,1439.1,198.7,1163.3,879.1,12.96
BATCH_0790,1431.0,192.1,1098.5,929.0,14.58
BATCH_0791,1412.6,174.5,1084.0,902.6,11.85
BATCH_0792,1425.8,194.9,1144.4,934.1,13.4
BATCH_0793,1406.3,179.2,1165.8,879.5,15.13
BATCH_0794,1454.9,207.9,1097.0,879.6,12.29
BATCH_0795,1419.2,200.5,1099.3,926.6,12.8
BATCH_0796,1418.0,172.5,1068.1,931.3,13.44
BATCH_0797,1433.5,194.9,1119.3,883.0,11.95
BATCH_0798,1409.4,166.4,1161.9,972.5,11.17
BATCH_0799,1391.7,186.1,1121.0,896.5,11.3
BATCH_0800,1386.4,155.0,1127.9,989.8,11.01
BATCH_0801,1398.5,178.9,1081.8,869.3,9.54
BATCH_0802,1407.1,172.8,1020.3,940.9,14.12
BATCH_0803,1358.6,175.8,1111.4,868.3,12.17
BATCH_0804,1412.5,176.2,1130.5,906.8,15.23
BATCH_0805,1443.5,192.4,1089.1,933.3,10.5
BATCH_0806,1401.5,165.3,1036.6,926.4,14.76
BATCH_0807,1374.1,179.7,1060.1,973.8,11.67
BATCH_0808,1406.0,150.6,1080.4,881.3,12.08
BATCH_0809,1468.8,193.3,1131.8,970.8,13.23
BATCH_0810,1427.4,193.2,1109.0,971.4,11.51
BATCH_0811,1430.2,189.4,1100.5,939.5,14.05
BATCH_0812,1436.8,184.3,1069.7,909.6,13.88
BATCH_0813,1457.9,182.0,1092.8,960.1,8.52
BATCH_0814,1394.5,193.3,1077.4,889.3,9.28
BATCH_0815,1412.2,179.7,997.3,884.4,13.2
BATCH_0816,1406.3,157.5,1102.0,951.3,11.58
BATCH_0817,1441.3,174.8,1021.2,855.9,11.22
BATCH_0818,1369.3,171.9,1190.6,882.4,12.15
BATCH_0819,1392.0,205.7,1166.8,888.9,13.47
BATCH_0820,1424.4,191.3,1033.2,993.9,12.96
BATCH_0821,1410.3,192.4,1079.5,928.8,11.74
BATCH_0822,1473.9,186.6,1067.9,938.8,12.06
BATCH_0823,1452.1,170.2,1130.9,946.8,9.78
BATCH_0824,1408.9,176.0,1030.0,900.6,13.14
BATCH_0825,1436.2,179.6,1169.7,854.2,11.88
BATCH_0826,1420.2,166.1,985.9,875.5,11.91
BATCH_0827,1352.8,160.5,1059.9,917.3,9.6
BATCH_0828,1319.3,178.2,1099.6,820.7,15.39
BATCH_0829,1371.8,174.1,1208.5,932.6,14.21
BATCH_0830,1428.1,168.4,1207.1,977.6,11.39
BATCH_0831,1419.1,168.2,1026.8,942.5,13.41
BATCH_0832,1490.4,174.3,1057.2,873.3,12.8
BATCH_0833,1389.4,156.4,1012.3,929.2,13.98
BATCH_0834,1394.3,179.8,1061.5,941.7,13.52
BATCH_0835,1444.8,185.9,1108.0,979.4,12.96
BATCH_0836,1451.8,167.6,1139.7,885.1,11.53
BATCH_0837,1476.6,139.6,1106.1,941.1,11.04
BATCH_0838,1457.7,182.2,1125.6,934.6,12.32
BATCH_0839,1452.9,179.7,1073.8,847.3,13.31
BATCH_0840,1369.7,188.3,1039.7,873.9,14.29
BATCH_0841,1449.1,195.0,1084.8,914.2,11.86
BATCH_0842,1448.9,191.1,1093.1,951.5,13.9
BATCH_0843,1363.2,180.7,1027.0,925.0,12.51
BATCH_0844,1400.2,211.1,1195.2,919.7,15.43
BATCH_0845,1376.9,196.4,1079.8,913.0,12.31
BATCH_0846,1392.7,170.9,1212.0,887.5,11.26
BATCH_0847,1419.9,187.2,1065.4,896.0,13.59
BATCH_0848,1443.3,196.5,1037.0,936.0,11.41
BATCH_0849,1454.0,172.3,1061.8,957.6,10.93
BATCH_0850,1430.2,221.2,1103.3,922.5,13.68
BATCH_0851,1395.2,169.7,1074.7,857.9,13.23
BATCH_0852,1376.6,171.4,1162.8,925.7,10.78
BATCH_0853,1462.7,190.4,1157.6,898.3,14.36
BATCH_0854,1465.0,177.7,1022.6,900.8,13.07
BATCH_0855,1382.5,164.4,1166.0,860.3,12.6
BATCH_0856,1360.5,152.9,1107.2,951.6,11.49
BATCH_0857,1462.8,224.3,1058.4,823.1,13.01
BATCH_0858,1470.2,201.9,1107.2,873.6,10.92
BATCH_0859,1432.7,199.4,1036.6,938.0,13.94
BATCH_0860,1403.2,138.2,1098.8,890.3,15.03
BATCH_0861,1402.9,185.4,1133.2,942.1,10.03
BATCH_0862,1422.8,171.3,1170.6,901.2,14.99
BATCH_0863,1418.9,210.9,1141.2,942.2,11.48
BATCH_0864,1404.3,192.8,1178.2,886.8,13.19
BATCH_0865,1388.8,203.4,1143.7,938.8,10.98
BATCH_0866,1376.7,172.0,1142.5,944.1,12.44
BATCH_0867,1446.9,172.9,1080.8,879.6,12.13
BATCH_0868,1452.5,161.3,1101.9,925.8,11.98
BATCH_0869,1464.8,174.0,1161.0,915.4,13.01
BATCH_0870,1429.5,195.1,1052.1,897.0,11.4
BATCH_0871,1436.5,196.5,1112.3,886.5,15.18
BATCH_0872,1451.3,204.3,1149.4,922.6,10.54
BATCH_0873,1503.4,183.4,1132.7,855.7,12.89
BATCH_0874,1412.9,190.7,953.3,973.4,13.03
BATCH_0875,1432.4,177.6,1059.0,875.8,14.48
BATCH_0876,1482.5,186.0,1131.3,966.6,11.05
BATCH_0877,1449.7,158.7,1190.8,965.7,12.08
BATCH_0878,1430.9,182.0,1043.7,870.3,12.38
BATCH_0879,1391.8,176.1,1085.3,942.0,12.96
BATCH_0880,1416.2,203.3,1111.3,865.9,10.7
BATCH_0881,1380.9,196.6,1078.4,941.0,12.56
BATCH_0882,1370.2,216.8,1172.8,1006.6,12.59
BATCH_0883,1418.0,178.6,1074.8,927.1,13.76
BATCH_0884,1406.8,182.4,1186.5,852.8,12.91
BATCH_0885,1404.7,194.1,1069.0,945.3,12.45
BATCH_0886,1426.8,157.2,1189.0,942.2,11.59
BATCH_0887,1384.5,163.5,1101.5,870.2,12.22
BATCH_0888,1419.2,179.8,1153.4,958.5,14.88
BATCH_0889,1428.7,173.7,1132.3,954.3,13.45
BATCH_0890,1434.4,180.1,1084.6,883.5,14.87
BATCH_0891,1396.4,166.8,1138.8,981.8,11.79
BATCH_0892,1467.7,180.2,1125.1,941.5,12.58
BATCH_0893,1421.0,193.9,1090.2,953.2,11.39
BATCH_0894,1440.8,165.0,1067.5,901.9,11.59
BATCH_0895,1377.9,188.7,1138.3,971.4,12.07
BATCH_0896,1480.7,183.5,1103.2,883.7,13.15
BATCH_0897,1394.9,194.9,1114.4,863.0,13.64
BATCH_0898,1352.9,179.5,1084.2,957.9,13.03
BATCH_0899,1426.7,171.7,1102.9,940.5,9.48
BATCH_0900,1429.9,177.6,1061.4,904.4,11.71
BATCH_0901,1404.4,199.0,1082.8,905.6,12.7
BATCH_0902,1364.3,186.8,1014.3,901.3,11.95
BATCH_0903,1397.8,215.3,1191.3,850.0,10.77
BATCH_0904,1408.1,182.7,1168.0,918.2,11.17
BATCH_0905,1435.8,173.5,1103.5,964.1,13.88
BATCH_0906,1410.4,182.6,1085.9,919.8,11.83
BATCH_0907,1425.2,175.2,1126.0,961.3,10.71
BATCH_0908,1445.6,192.0,1085.2,944.6,14.16
BATCH_0909,1497.9,181.3,1113.2,940.8,12.48
BATCH_0910,1422.8,170.9,1062.4,944.8,13.18
BATCH_0911,1432.5,180.2,1033.0,923.9,12.47
BATCH_0912,1371.5,209.1,1150.1,916.4,11.9
BATCH_0913,1462.5,191.8,1060.3,874.8,10.99
BATCH_0914,1366.0,193.3,1123.2,931.3,13.14
BATCH_0915,1409.1,208.7,1096.4,883.1,12.86
BATCH_0916,1368.8,183.7,1091.6,964.5,14.05
BATCH_0917,1379.4,177.1,1091.2,975.1,12.79
BATCH_0918,1396.4,198.0,1104.3,949.7,14.79
BATCH_0919,1418.3,187.6,1044.8,951.5,13.06
BATCH_0920,1380.9,203.2,1010.6,879.7,12.13
BATCH_0921,1416.2,174.0,1168.8,932.1,13.31
BATCH_0922,1376.5,181.2,1166.1,848.0,13.74
BATCH_0923,1415.2,191.8,1046.2,1013.4,10.55
BATCH_0924,1428.9,192.9,999.2,932.6,13.48
BATCH_0925,1410.3,183.5,1079.2,928.9,11.61
BATCH_0926,1356.0,161.7,1033.2,878.3,11.68
BATCH_0927,1472.8,169.1,1074.9,1028.9,11.25
BATCH_0928,1414.3,182.7,1098.1,950.7,14.35
BATCH_0929,1474.3,159.0,1082.9,913.4,13.2
BATCH_0930,1462.7,169.9,1082.4,957.8,10.96
BATCH_0931,1429.6,183.6,1106.0,901.0,11.52
BATCH_0932,1422.5,190.4,1131.9,926.8,12.68
BATCH_0933,1419.8,198.5,1124.2,893.7,11.12
BATCH_0934,1402.8,205.3,1043.2,943.5,13.09
BATCH_0935,1376.1,192.3,1014.1,901.1,11.92
BATCH_0936,1424.0,195.1,1155.2,918.7,12.94
BATCH_0937,1383.8,185.5,1102.6,895.5,11.35
BATCH_0938,1474.2,202.3,1002.5,919.9,14.73
BATCH_0939,1434.7,188.1,1020.8,945.1,12.77
BATCH_0940,1400.2,194.3,1081.2,861.0,11.0
BATCH_0941,1444.7,186.1,1059.9,848.5,12.06
BATCH_0942,1444.7,169.2,1051.7,915.7,11.5
BATCH_0943,1437.7,183.7,1088.4,860.7,12.92
BATCH_0944,1426.9,199.7,1117.2,944.9,14.88
BATCH_0945,1431.7,202.0,1039.1,967.8,10.36
BATCH_0946,1373.4,186.0,1192.8,921.3,10.11
BATCH_0947,1471.5,171.0,1079.9,888.3,12.32
BATCH_0948,1416.0,164.8,1100.5,934.2,13.78
BATCH_0949,1452.9,162.2,1121.2,932.6,12.99
BATCH_0950,1427.1,174.0,1070.8,973.5,9.43
BATCH_0951,1403.0,195.5,1087.6,899.8,12.35
BATCH_0952,1409.4,186.9,1017.5,880.7,12.7
BATCH_0953,1453.6,174.3,1099.9,957.2,14.83
BATCH_0954,1359.0,167.2,1088.4,919.1,11.49
BATCH_0955,1420.9,162.6,1141.1,986.5,11.54
BATCH_0956,1459.9,186.8,1084.0,940.6,11.96
BATCH_0957,1397.4,175.1,1177.8,931.1,14.35
BATCH_0958,1394.9,182.9,1147.1,961.0,11.86
BATCH_0959,1424.9,182.9,1092.1,891.1,14.19
BATCH_0960,1418.8,211.7,1074.5,927.8,13.86
BATCH_0961,1407.8,196.0,1205.8,940.3,10.53
BATCH_0962,1462.2,182.0,1107.0,894.7,11.57
BATCH_0963,1433.8,188.4,1107.3,855.3,11.62
BATCH_0964,1408.4,201.4,1128.6,874.8,11.6
BATCH_0965,1447.5,190.3,1058.1,926.1,13.47
BATCH_0966,1425.1,193.1,1080.6,908.4,16.73
BATCH_0967,1475.1,201.9,1158.9,844.6,12.14
BATCH_0968,1397.8,186.9,1182.3,876.0,13.22
BATCH_0969,1457.0,157.9,1070.8,904.2,10.53
BATCH_0970,1410.8,202.1,975.7,964.8,13.69
BATCH_0971,1452.5,166.8,1129.1,939.6,14.19
BATCH_0972,1388.4,168.5,1031.4,899.8,14.47
BATCH_0973,1439.1,156.9,1099.8,839.4,14.7
BATCH_0974,1399.0,195.2,1187.8,906.8,14.59
BATCH_0975,1416.6,165.1,1128.3,890.4,12.03
BATCH_0976,1426.1,193.1,1095.4,877.9,12.34
BATCH_0977,1427.8,179.5,1095.8,871.9,11.77
BATCH_0978,1411.6,175.7,1126.3,961.7,10.78
BATCH_0979,1405.1,164.7,1062.6,876.6,9.72
BATCH_0980,1422.9,178.1,1059.8,926.6,12.74
BATCH_0981,1529.0,195.9,1103.6,973.3,13.56
BATCH_0982,1468.2,174.5,1106.2,923.9,12.56
BATCH_0983,1441.9,219.6,1161.5,905.5,14.32
BATCH_0984,1422.4,195.8,1147.6,906.9,11.72
BATCH_0985,1430.1,179.4,1135.1,882.8,14.5
BATCH_0986,1368.4,187.3,1143.6,927.6,14.23
BATCH_0987,1486.3,154.4,1158.9,913.2,11.09
BATCH_0988,1379.0,195.5,1125.5,855.6,12.44
BATCH_0989,1420.3,168.8,1097.7,917.5,13.34
BATCH_0990,1467.5,177.5,1126.9,946.9,11.56
BATCH_0991,1407.4,175.4,1080.1,918.4,12.89
BATCH_0992,1424.9,201.8,1080.5,916.8,14.02
BATCH_0993,1390.8,201.3,1110.4,864.2,14.8
BATCH_0994,1399.2,175.6,1045.7,939.7,13.26
BATCH_0995,1421.3,199.9,1052.1,876.8,11.73
BATCH_0996,1408.8,195.2,1082.4,953.1,11.61
BATCH_0997,1377.9,177.5,1037.5,925.0,9.62
BATCH_0998,1381.4,183.7,1048.1,891.7,13.03
BATCH_0999,1418.2,185.3,1096.6,890.2,12.42
BATCH_1000,1402.7,194.5,1047.5,930.8,12.56
BATCH_1001,1479.5,173.5,1005.5,952.6,13.89
BATCH_1002,1402.7,160.7,1181.4,964.3,12.82
BATCH_1003,1455.2,193.7,1097.0,909.0,12.58
BATCH_1004,1408.5,178.4,1172.9,930.8,13.35
BATCH_1005,1432.8,175.8,1022.8,917.3,12.64
BATCH_1006,1401.4,163.0,1134.7,862.1,10.54
BATCH_1007,1417.1,168.0,1148.8,928.4,11.59
BATCH_1008,1440.7,179.7,1005.2,881.3,12.51
BATCH_1009,1421.4,178.9,1137.9,970.2,11.88
BATCH_1010,1396.2,187.5,1095.2,902.9,12.89
BATCH_1011,1403.0,181.9,1020.2,974.8,13.63
BATCH_1012,1434.4,164.4,1083.6,918.1,12.91
BATCH_1013,1399.8,173.0,1178.6,890.4,12.79
BATCH_1014,1422.8,185.2,1209.6,1022.5,11.54
BATCH_1015,1451.4,208.7,1070.7,988.8,15.32
BATCH_1016,1426.3,194.3,1042.6,934.8,13.66
BATCH_1017,1334.9,167.0,1071.2,865.7,15.89
BATCH_1018,1488.4,161.3,1095.4,955.2,12.55
BATCH_1019,1482.7,201.1,1092.8,894.3,9.86
BATCH_1020,1422.6,184.1,1025.9,926.3,12.61
BATCH_1021,1467.3,173.8,1116.6,945.6,12.76
BATCH_1022,1408.4,202.5,1074.3,999.1,13.68
BATCH_1023,1403.4,178.1,1118.1,927.2,13.4
BATCH_1024,1413.6,163.6,1135.9,897.4,10.25
BATCH_1025,1436.9,199.8,1064.0,896.3,13.11
BATCH_1026,1380.1,177.1,1085.0,896.3,11.69
BATCH_1027,1444.6,205.3,1111.4,893.4,10.99
BATCH_1028,1469.6,195.0,1114.8,911.5,13.78
BATCH_1029,1418.5,187.8,1094.3,966.3,11.9
BATCH_1030,1408.7,160.3,1096.2,970.6,14.0
BATCH_1031,1414.8,170.9,1087.3,935.6,10.94
BATCH_1032,1409.0,221.7,1152.5,922.0,12.33
BATCH_1033,1396.2,178.3,1073.7,962.6,12.46
BATCH_1034,1401.0,184.4,1056.7,931.1,11.4
BATCH_1035,1420.0,137.0,1052.0,977.3,13.28
BATCH_1036,1438.1,186.2,1131.9,857.7,11.62
BATCH_1037,1411.5,201.1,1107.9,879.3,11.44
BATCH_1038,1382.4,180.0,1246.5,993.8,12.58
BATCH_1039,1439.4,167.9,1053.8,945.7,12.28
BATCH_1040,1434.9,209.6,1163.4,988.1,10.89
BATCH_1041,1420.9,196.9,1111.5,979.8,11.33
BATCH_1042,1375.4,197.0,1068.9,916.2,12.51
BATCH_1043,1452.8,174.2,1122.7,910.4,12.57
BATCH_1044,1430.8,180.7,1141.6,941.9,12.1
BATCH_1045,1387.3,186.0,1049.4,930.4,14.55
BATCH_1046,1410.7,205.1,1098.5,933.3,12.56
BATCH_1047,1424.2,161.5,1096.3,929.7,12.37
BATCH_1048,1368.1,165.9,1105.2,891.5,6.72
BATCH_1049,1427.4,189.7,1107.4,895.1,12.5
BATCH_1050,1450.1,178.3,1084.8,898.2,15.31
BATCH_1051,1395.1,216.5,1106.6,841.3,14.89
BATCH_1052,1474.4,185.8,1097.8,965.8,13.55
BATCH_1053,1423.1,175.3,1139.9,926.3,9.3
BATCH_1054,1443.5,179.5,1195.4,947.8,13.44
BATCH_1055,1421.9,189.6,1108.0,932.2,12.89
BATCH_1056,1451.1,184.3,1188.3,910.1,12.32
BATCH_1057,1458.5,171.8,1098.7,977.6,16.29
BATCH_1058,1453.4,171.1,1117.3,922.7,14.81
BATCH_1059,1390.4,177.2,1067.7,866.0,10.19
BATCH_1060,1438.6,156.4,1038.3,930.1,13.01
BATCH_1061,1444.3,165.2,1062.2,957.3,11.79
BATCH_1062,1395.8,187.3,1148.0,932.0,15.11
BATCH_1063,1511.0,164.4,1093.3,922.4,11.7
BATCH_1064,1389.2,164.9,1046.8,946.4,11.39
BATCH_1065,1442.1,192.0,1147.9,865.7,12.87
BATCH_1066,1448.1,186.7,1070.7,878.1,13.28
BATCH_1067,1411.2,181.2,1162.5,906.5,14.71
BATCH_1068,1395.3,167.7,1140.9,855.3,9.39
BATCH_1069,1472.5,173.3,1176.5,934.7,11.77
BATCH_1070,1482.8,170.8,1046.7,914.5,12.22
BATCH_1071,1410.2,199.8,1154.9,855.2,11.08
BATCH_1072,1391.0,176.4,1187.1,951.4,14.12
BATCH_1073,1411.2,201.0,1158.1,885.8,14.47
BATCH_1074,1413.2,178.4,1117.3,888.9,13.62
BATCH_1075,1473.4,203.3,1144.3,882.6,14.6
BATCH_1076,1406.5,175.0,1091.3,977.9,13.51
BATCH_1077,1321.1,163.4,1093.3,923.7,13.01
BATCH_1078,1440.1,188.0,1017.8,905.4,11.77
BATCH_1079,1501.3,192.2,1141.0,957.1,9.0
BATCH_1080,1455.9,169.9,1045.6,928.5,11.35
BATCH_1081,1388.8,182.0,1135.6,923.7,13.24
BATCH_1082,1440.8,161.6,1083.8,967.8,10.71
BATCH_1083,1385.4,170.6,1126.6,941.5,17.61
BATCH_1084,1430.6,203.8,1097.9,849.8,13.47
BATCH_1085,1443.8,180.8,1101.4,886.9,13.29
BATCH_1086,1439.1,181.4,1095.8,857.1,11.27
BATCH_1087,1427.8,179.4,1113.2,847.7,12.15
BATCH_1088,1453.9,215.1,1141.7,913.5,12.03
BATCH_1089,1445.2,213.4,1083.0,872.6,12.98
BATCH_1090,1435.4,189.7,1010.1,880.8,12.62
BATCH_1091,1390.3,195.4,1048.6,846.7,13.15
BATCH_1092,1450.9,180.4,1038.6,921.8,14.39
BATCH_1093,1365.5,166.6,1080.1,896.7,11.04
BATCH_1094,1492.7,172.0,1122.0,925.8,13.03
BATCH_1095,1438.7,187.9,1081.8,892.1,12.71
BATCH_1096,1474.3,191.5,1176.8,897.5,12.29
BATCH_1097,1406.2,175.7,1210.9,920.7,14.86
BATCH_1098,1400.0,172.8,1077.5,900.8,12.51
BATCH_1099,1392.1,204.8,1135.4,958.2,12.91
BATCH_1100,1430.4,187.6,1103.1,917.6,14.66
BATCH_1101,1353.0,171.4,1042.7,864.7,12.48
BATCH_1102,1446.4,157.4,1089.3,882.8,13.35
BATCH_1103,1441.4,210.0,1051.7,882.5,10.71
BATCH_1104,1439.5,175.4,1142.3,847.8,13.6
BATCH_1105,1392.3,185.1,1109.7,921.6,13.68
BATCH_1106,1331.4,188.5,1087.7,915.5,14.52
BATCH_1107,1349.3,197.8,1125.3,926.0,12.36
BATCH_1108,1373.4,176.7,1085.2,869.6,13.47
BATCH_1109,1499.0,183.2,1019.4,1022.4,12.37
BATCH_1110,1467.0,175.0,1053.4,885.2,13.48
BATCH_1111,1439.3,184.1,1086.5,894.0,12.15
BATCH_1112,1390.8,169.1,1062.6,855.2,13.01
BATCH_1113,1427.9,208.3,1065.4,912.3,14.02
BATCH_1114,1422.6,174.4,1147.7,871.3,13.15
BATCH_1115,1419.8,202.1,1088.3,888.2,14.2
BATCH_1116,1433.9,189.3,1083.5,867.7,13.9
BATCH_1117,1403.1,169.2,1152.3,876.2,13.45
BATCH_1118,1420.0,167.6,1091.2,923.4,13.16
BATCH_1119,1411.7,237.1,1123.4,924.2,13.61
BATCH_1120,1478.5,196.1,1060.8,818.2,12.95
BATCH_1121,1431.9,199.8,1019.8,905.1,13.04
BATCH_1122,1483.9,166.4,1073.8,890.8,12.62
BATCH_1123,1457.4,199.2,1098.9,907.2,12.49
BATCH_1124,1364.4,212.1,1065.8,909.5,11.86
BATCH_1125,1483.0,183.0,1103.7,898.3,11.95
BATCH_1126,1419.7,180.9,1095.9,868.1,12.74
BATCH_1127,1471.8,174.6,1065.3,948.9,12.08
BATCH_1128,1437.8,187.2,1076.4,928.8,14.35
BATCH_1129,1379.0,191.2,1141.1,1014.7,12.11
BATCH_1130,1382.5,155.7,1110.4,927.4,15.37
BATCH_1131,1399.8,168.3,1138.4,937.9,12.58
BATCH_1132,1370.6,184.5,1133.8,896.8,15.38
BATCH_1133,1455.3,199.7,1151.9,961.4,12.36
BATCH_1134,1366.8,163.8,1155.4,917.6,11.86
BATCH_1135,1473.0,167.0,1088.3,962.6,11.13
BATCH_1136,1452.6,192.4,1095.0,902.4,12.87
BATCH_1137,1462.8,156.4,1189.7,916.9,14.54
BATCH_1138,1437.9,188.8,1119.9,943.2,12.57
BATCH_1139,1444.5,181.3,1125.2,927.9,14.08
BATCH_1140,1401.8,191.0,1153.9,968.6,9.11
BATCH_1141,1427.1,201.1,1084.1,877.5,10.62
BATCH_1142,1435.1,176.5,1146.5,915.5,11.21
BATCH_1143,1427.5,166.2,1085.3,926.3,12.45
BATCH_1144,1416.3,169.8,1051.6,855.5,12.28
BATCH_1145,1383.1,154.2,1116.8,899.3,10.0
BATCH_1146,1464.7,183.2,1148.1,877.3,14.06
BATCH_1147,1406.5,185.3,1142.3,922.8,13.16
BATCH_1148,1431.8,153.6,1151.2,956.3,13.26
BATCH_1149,1458.0,174.7,1155.3,903.7,12.7
BATCH_1150,1422.0,193.4,1037.0,930.3,13.77
BATCH_1151,1510.6,200.4,1112.9,893.6,14.41
BATCH_1152,1366.6,205.4,1085.5,942.8,12.01
BATCH_1153,1416.6,178.8,1163.5,966.4,14.05
BATCH_1154,1502.2,189.1,1152.1,921.8,11.33
BATCH_1155,1373.0,161.6,1017.0,904.5,9.97
BATCH_1156,1413.5,188.1,1065.3,830.2,13.97
BATCH_1157,1439.4,160.2,1082.0,962.1,12.7
BATCH_1158,1440.0,191.3,1149.3,863.5,12.88
BATCH_1159,1399.1,171.8,1083.4,916.0,13.87
BATCH_1160,1370.1,158.3,1059.6,960.5,12.0
BATCH_1161,1388.7,201.9,1081.6,899.3,11.79
BATCH_1162,1447.6,180.3,1075.5,915.4,10.94
BATCH_1163,1372.2,179.1,1121.9,993.6,12.61
BATCH_1164,1443.9,196.4,1126.2,841.8,10.91
BATCH_1165,1358.3,164.8,1135.2,891.1,11.01
BATCH_1166,1473.1,189.9,1104.5,893.6,12.47
BATCH_1167,1380.4,162.4,1073.6,886.1,12.47
BATCH_1168,1461.3,187.3,1063.2,959.9,12.19
BATCH_1169,1451.9,200.5,1201.2,909.5,12.79
BATCH_1170,1413.5,196.4,1100.0,921.2,12.81
BATCH_1171,1453.2,158.7,1094.0,960.4,11.55
BATCH_1172,1441.9,165.1,1085.8,964.0,9.76
BATCH_1173,1403.8,178.4,1112.4,937.5,12.46
BATCH_1174,1373.1,178.2,1013.7,984.0,13.1
BATCH_1175,1388.3,171.8,1213.0,980.0,12.25
BATCH_1176,1408.0,148.1,1129.1,915.0,11.03
BATCH_1177,1452.1,179.3,1068.8,949.4,10.79
BATCH_1178,1414.6,156.0,1124.1,859.3,11.1
BATCH_1179,1476.5,179.9,1061.6,921.8,11.58
BATCH_1180,1353.7,196.9,1105.5,874.6,14.68
BATCH_1181,1391.2,207.6,1124.0,951.1,13.58
BATCH_1182,1418.1,174.3,1035.6,908.0,11.88
BATCH_1183,1447.2,172.2,1117.2,878.5,12.24
BATCH_1184,1418.2,166.2,1006.1,927.1,16.03
BATCH_1185,1487.9,159.2,1092.7,894.6,10.94
BATCH_1186,1367.7,162.9,1124.3,873.5,10.7
BATCH_1187,1455.8,163.7,1075.9,951.1,13.67
BATCH_1188,1401.4,194.5,1022.1,947.1,13.87
BATCH_1189,1475.4,205.5,1169.0,893.2,15.23
BATCH_1190,1487.9,181.0,1059.2,854.8,12.59
BATCH_1191,1397.2,168.5,1078.6,904.6,12.68
BATCH_1192,1431.3,180.8,1127.8,917.3,10.54
BATCH_1193,1396.8,154.0,1128.0,910.0,13.18
BATCH_1194,1450.4,153.8,1175.6,889.1,11.74
BATCH_1195,1459.1,174.1,1099.2,953.0,11.35
BATCH_1196,1481.6,181.0,1151.7,951.5,10.56
BATCH_1197,1453.0,161.1,1087.5,884.1,11.24
BATCH_1198,1415.1,187.3,1073.8,889.2,12.49
BATCH_1199,1519.7,186.1,1098.9,997.6,9.08
BATCH_1200,1417.3,224.0,1079.7,923.5,13.32
